GridI,GridJ,GridK,x,y,Y_lm,u1976,v1976,T25_DeltaWhiteRatio_Q10000,T45_DeltaWhiteRatio_Q10000,T60_DeltaWhiteRatio_Q10000,T80_DeltaWhiteRatio_Q10000,T100_DeltaWhiteRatio_Q10000
0,0,43,0.1521,0.0284,4,0.200355660936574,0.0841730883224659,0,0,0,0,0
0,1,42,0.151748837209302,0.0441790697674419,4,0.18811929713289,0.123227336283569,0,0,0,0,0
0,2,41,0.151397674418605,0.0599581395348837,4,0.177244208001459,0.157936865548312,0,0,0,0,0
0,3,40,0.151046511627907,0.0757372093023256,4,0.16751520403584,0.188988486714845,0,0,0,0,0
0,4,39,0.150695348837209,0.0915162790697674,4,0.158760181450008,0.21693149563954,0,0,0,0,0
0,5,38,0.150344186046512,0.107295348837209,4,0.150839852818681,0.242210449686995,0,0,0,0,0
0,6,37,0.149993023255814,0.123074418604651,4,0.143640281280796,0.265188995974544,0,0,0,0,0
0,7,36,0.149641860465116,0.138853488372093,4,0.137067364223514,0.286167477548099,0,0,0,0,0
0,8,35,0.149290697674419,0.154632558139535,4,0.131042697321887,0.305396133939334,0,0,0,0,0
0,9,34,0.148939534883721,0.170411627906977,4,0.125500432091145,0.323085130773708,0,0,0,0,0
0,10,33,0.148588372093023,0.186190697674419,4,0.120384859238854,0.339412272875865,0,0,0,0,0
0,11,32,0.148237209302326,0.20196976744186,4,0.115648529491808,0.354529001941325,0,0,0,0,0
0,12,31,0.147886046511628,0.217748837209302,4,0.111250777422343,0.368565107973139,0,0,0,0,0
0,13,30,0.14753488372093,0.233527906976744,4,0.107156550923854,0.381632465191857,0,0,0,0,0
0,14,29,0.147183720930233,0.249306976744186,4,0.103335474964549,0.39382802021025,0,0,0,0,0
0,15,28,0.146832558139535,0.265086046511628,4,0.0997610966800023,0.405236201437212,0,0,0,0,0
0,16,27,0.146481395348837,0.28086511627907,4,0.0964102721091039,0.415930876404838,0,0,0,0,0
0,17,26,0.14613023255814,0.296644186046512,4,0.0932626645076163,0.425976952978317,0,0,0,0,0
0,18,25,0.145779069767442,0.312423255813953,4,0.0903003312524714,0.435431697814771,0,0,0,0,0
0,19,24,0.145427906976744,0.328202325581395,4,0.0875073816074132,0.444345828657149,0,0,0,0,0
0,20,23,0.145076744186047,0.343981395348837,4,0.0848696915628918,0.452764424466818,0,0,0,0,0
0,21,22,0.144725581395349,0.359760465116279,4,0.082374664945895,0.460727687878487,0,0,0,0,0
0,22,21,0.144374418604651,0.375539534883721,4,0.0800110322713268,0.468271587197152,0,0,0,0,0
0,23,20,0.144023255813953,0.391318604651163,4,0.0777686805569508,0.475428399570031,0,0,0,0,0
0,24,19,0.143672093023256,0.407097674418605,4,0.0756385086802654,0.482227172637467,0,0,0,0,0
0,25,18,0.143320930232558,0.422876744186046,4,0.0736123039141325,0.488694118588576,0,0,0,0,0
0,26,17,0.14296976744186,0.438655813953488,4,0.0716826361094998,0.49485295189345,0,0,0,0,0
0,27,16,0.142618604651163,0.45443488372093,4,0.0698427666509502,0.500725179885611,0,0,0,0,0
0,28,15,0.142267441860465,0.470213953488372,4,0.0680865698336707,0.506330353699574,0,0,0,0,0
0,29,14,0.141916279069767,0.485993023255814,4,0.0664084647286649,0.511686285733563,0,0,0,0,0
0,30,13,0.14156511627907,0.501772093023256,4,0.0648033559394028,0.516809238733826,0,0,0,0,0
0,31,12,0.141213953488372,0.517551162790698,4,0.0632665819250245,0.521714090729125,0,0,0,0,0
0,32,11,0.140862790697674,0.533330232558139,4,0.0617938697861327,0.526414479338877,0,0,0,0,0
0,33,10,0.140511627906977,0.549109302325581,4,0.0603812955895271,0.530922928402894,0,0,0,0,0
0,34,9,0.140160465116279,0.564888372093023,4,0.0590252494560861,0.535250959408817,0,0,0,0,0
0,35,8,0.139809302325581,0.580667441860465,4,0.0577224047577441,0.539409189804724,0,0,0,0,0
0,36,7,0.139458139534884,0.596446511627907,4,0.0564696908701824,0.543407419963133,0,0,0,0,0
0,37,6,0.139106976744186,0.612225581395349,4,0.055264269011413,0.547254710295899,0,0,0,0,0
0,38,5,0.138755813953488,0.628004651162791,4,0.0541035107660682,0.550959449797265,0,0,0,0,0
0,39,4,0.138404651162791,0.643783720930233,4,0.0529849789534412,0.554529417106472,0,0,0,0,0
0,40,3,0.138053488372093,0.659562790697674,4,0.0519064105461921,0.557971835025351,0,0,0,0,0
0,41,2,0.137702325581395,0.675341860465116,4,0.0508657013877853,0.561293419294983,0,0,0,0,0
0,42,1,0.137351162790698,0.691120930232558,4,0.049860892491487,0.564500422324571,0,0,0,0,0
0,43,0,0.137,0.7069,4,0.0488901577332096,0.567598672471629,0,0,0,0,0
1,0,42,0.1649,0.0346395348837209,4,0.213748166815633,0.101026733970093,0,0,0,0,0
1,1,41,0.164548837209302,0.0504186046511628,4,0.200918895281149,0.138515796707197,0,0,0,0,292
1,2,40,0.164197674418605,0.0661976744186046,4,0.189496567966344,0.171893556633588,0,0,0,0,0
1,3,39,0.163846511627907,0.0819767441860465,4,0.179261773483995,0.20180116685283,0,0,0,0,0
1,4,38,0.163495348837209,0.0977558139534884,4,0.170038468654879,0.228753052036081,0,0,0,0,0
1,5,37,0.163144186046512,0.11353488372093,4,0.161683768011727,0.253166745028625,0,0,0,0,0
1,6,36,0.162793023255814,0.129313953488372,4,0.154080488296103,0.275384672952327,0,0,0,0,0
1,7,35,0.162441860465116,0.145093023255814,4,0.147131618026519,0.295690317960168,0,0,0,0,0
1,8,34,0.162090697674419,0.160872093023256,4,0.140756156150698,0.314320377320768,0,0,0,0,0
1,9,33,0.161739534883721,0.176651162790698,4,0.134885940039488,0.331474032497682,0,0,0,0,0
1,10,32,0.161388372093023,0.19243023255814,4,0.129463198867988,0.347320098538066,0,0,0,0,0
1,11,31,0.161037209302326,0.208209302325581,4,0.124438645957442,0.36200259853684,0,0,0,0,0
1,12,30,0.160686046511628,0.223988372093023,4,0.119769976468957,0.37564515360181,0,0,0,0,0
1,13,29,0.16033488372093,0.239767441860465,4,0.11542067339887,0.388354471914928,0,0,0,0,0
1,14,28,0.159983720930233,0.255546511627907,4,0.111359050502745,0.400223145452471,0,0,0,0,0
1,15,27,0.159632558139535,0.271325581395349,4,0.107557479054011,0.411331909512699,0,0,0,0,0
1,16,26,0.159281395348837,0.287104651162791,4,0.103991758519145,0.421751481697702,0,0,0,0,0
1,17,25,0.15893023255814,0.302883720930233,4,0.100640600839408,0.431544068919814,0,0,0,0,0
1,18,24,0.158579069767442,0.318662790697674,4,0.0974852050914929,0.440764610307221,0,0,0,0,0
1,19,23,0.158227906976744,0.334441860465116,4,0.0945089045729264,0.449461808473547,0,0,0,0,0
1,20,22,0.157876744186047,0.350220930232558,4,0.0916968723217596,0.457678990033653,0,0,0,0,0
1,21,21,0.157525581395349,0.366,4,0.0890358740857971,0.465454827464733,0,0,0,0,0
1,22,20,0.157174418604651,0.381779069767442,4,0.0865140600548513,0.47282394769602,0,0,0,0,0
1,23,19,0.156823255813954,0.397558139534884,4,0.0841207884405957,0.479817447635015,0,0,0,0,0
1,24,18,0.156472093023256,0.413337209302326,4,0.0818464753635212,0.486463332820396,0,0,0,0,0
1,25,17,0.156120930232558,0.429116279069767,4,0.0796824665813644,0.492786892250865,0,0,0,0,0
1,26,16,0.15576976744186,0.444895348837209,4,0.0776209274391908,0.498811019967564,0,0,0,0,0
1,27,15,0.155418604651163,0.460674418604651,4,0.0756547480910846,0.504556492010573,0,0,0,0,0
1,28,14,0.155067441860465,0.476453488372093,4,0.0737774615768896,0.510042205811003,0,0,0,0,0
1,29,13,0.154716279069767,0.492232558139535,4,0.0719831727648082,0.515285387831416,0,0,0,0,0
1,30,12,0.15436511627907,0.508011627906977,4,0.0702664965148339,0.520301774261589,0,0,0,0,0
1,31,11,0.154013953488372,0.523790697674419,4,0.0686225036965963,0.525105768762493,0,0,0,0,0
1,32,10,0.153662790697674,0.53956976744186,4,0.0670466739218119,0.529710580589189,0,0,0,0,0
1,33,9,0.153311627906977,0.555348837209302,4,0.0655348540367299,0.534128345882152,0,0,0,0,0
1,34,8,0.152960465116279,0.571127906976744,4,0.0640832215719793,0.538370234472317,0,0,0,0,0
1,35,7,0.152609302325581,0.586906976744186,4,0.0626882524725377,0.542446544178968,0,0,0,0,0
1,36,6,0.152258139534884,0.602686046511628,4,0.0613466925342675,0.546366784276484,0,0,0,0,0
1,37,5,0.151906976744186,0.61846511627907,4,0.060055532059651,0.550139749554089,0,0,0,0,0
1,38,4,0.151555813953488,0.634244186046512,4,0.0588119833172471,0.553773586182717,0,0,0,0,0
1,39,3,0.151204651162791,0.650023255813953,4,0.0576134604495619,0.557275850427241,0,0,0,0,0
1,40,2,0.150853488372093,0.665802325581395,4,0.0564575615245726,0.560653561094616,0,0,0,0,0
1,41,1,0.150502325581395,0.681581395348837,4,0.0553420524687399,0.56391324648404,0,0,0,0,0
1,42,0,0.150151162790698,0.697360465116279,4,0.0542648526553554,0.567060986499974,0,0,0,0,0
2,0,41,0.1777,0.0408790697674419,4,0.226719698779183,0.117350609814897,0,0,0,0,0
2,1,40,0.177348837209302,0.0566581395348837,4,0.213339152182488,0.15335115355887,0,-6,-357,-729,-1358
2,2,39,0.176997674418605,0.0724372093023256,4,0.201405437303762,0.185458976764372,0,234,408,589,800
2,3,38,0.176646511627907,0.0882162790697674,4,0.19069592287608,0.214273071901988,0,228,392,558,743
2,4,37,0.176295348837209,0.103995348837209,4,0.181031425634119,0.240275533999362,0,177,299,419,563
2,5,36,0.175944186046512,0.119774418604651,4,0.172266104407978,0.26385875072009,0,0,0,0,44
2,6,35,0.175593023255814,0.135553488372093,4,0.164280049563599,0.285345340575682,0,0,0,0,0
2,7,34,0.175241860465116,0.151332558139535,4,0.15697376479558,0.305002999737523,0,0,0,0,0
2,8,33,0.174890697674419,0.167111627906977,4,0.150264000519509,0.323055712351828,0,0,0,0,0
2,9,32,0.174539534883721,0.182890697674419,4,0.144080567783253,0.339692322754908,0,0,0,0,0
2,10,31,0.174188372093023,0.19866976744186,4,0.138363873656443,0.355073166541513,0,0,0,0,0
2,11,30,0.173837209302326,0.214448837209302,4,0.133062994424705,0.3693352546621,0,0,0,0,0
2,12,29,0.173486046511628,0.230227906976744,4,0.128134154479302,0.382596365991091,0,0,0,0,0
2,13,28,0.17313488372093,0.246006976744186,4,0.123539514623522,0.394958307405103,0,0,0,0,0
2,14,27,0.172783720930233,0.261786046511628,4,0.119246198773624,0.406509532457381,0,0,0,0,0
2,15,26,0.172432558139535,0.27756511627907,4,0.115225506071616,0.417327261199156,0,0,0,0,0
2,16,25,0.172081395348837,0.293344186046512,4,0.111452268470508,0.427479208605299,0,0,0,0,0
2,17,24,0.17173023255814,0.309123255813953,4,0.107904323391496,0.437025003397399,0,0,0,0,0
2,18,23,0.171379069767442,0.324902325581395,4,0.104562078102664,0.446017360088822,0,0,0,0,0
2,19,22,0.171027906976744,0.340681395348837,4,0.101408147731409,0.454503052917232,0,0,0,0,0
2,20,21,0.170676744186047,0.356460465116279,4,0.0984270527876444,0.462523729662564,0,0,0,0,0
2,21,20,0.170325581395349,0.372239534883721,4,0.0956049650880012,0.470116595241421,0,0,0,0,0
2,22,19,0.169974418604651,0.388018604651163,4,0.0929294932800339,0.477314988757145,0,0,0,0,0
2,23,18,0.169623255813953,0.403797674418605,4,0.0903895009480376,0.484148872888602,0,0,0,0,0
2,24,17,0.169272093023256,0.419576744186046,4,0.0879749516685895,0.490645250770372,0,0,0,0,0
2,25,16,0.168920930232558,0.435355813953488,4,0.0856767764696724,0.496828522595781,0,0,0,0,0
2,26,15,0.16856976744186,0.45113488372093,4,0.0834867600030638,0.50272079187166,0,0,0,0,0
2,27,14,0.168218604651163,0.466913953488372,4,0.0813974424184045,0.508342129427492,0,0,0,0,0
2,28,13,0.167867441860465,0.482693023255814,4,0.0794020344688188,0.513710801824917,0,0,0,0,0
2,29,12,0.167516279069767,0.498472093023256,4,0.0774943438122974,0.518843469644857,0,0,0,0,0
2,30,11,0.16716511627907,0.514251162790698,4,0.0756687108233279,0.523755360187211,0,0,0,0,0
2,31,10,0.166813953488372,0.53003023255814,4,0.0739199525131547,0.52846041835416,0,0,0,0,0
2,32,9,0.166462790697674,0.545809302325581,4,0.0722433133882618,0.532971438866093,0,0,0,0,0
2,33,8,0.166111627906977,0.561588372093023,4,0.0706344222658433,0.537300182450172,0,0,0,0,0
2,34,7,0.165760465116279,0.577367441860465,4,0.0690892542204814,0.541457478223319,0,0,0,0,0
2,35,6,0.165409302325581,0.593146511627907,4,0.0676040969645356,0.545453314146238,0,0,0,0,0
2,36,5,0.165058139534884,0.608925581395349,4,0.0661755210710412,0.54929691713911,0,0,0,0,0
2,37,4,0.164706976744186,0.624704651162791,4,0.0648003535363239,0.552996824211749,0,0,0,0,0
2,38,3,0.164355813953488,0.640483720930233,4,0.0634756542533484,0.556560945762369,0,0,0,0,0
2,39,2,0.164004651162791,0.656262790697674,4,0.0621986950286554,0.559996622032813,0,0,0,0,0
2,40,1,0.163653488372093,0.672041860465116,4,0.0609669408277334,0.563310673568127,0,0,0,0,0
2,41,0,0.163302325581395,0.687820930232558,4,0.0597780329775198,0.566509446410466,0,0,0,0,0
3,0,40,0.1905,0.0471186046511628,4,0.239289798744178,0.133169308158463,0,0,0,0,0
3,1,39,0.190148837209302,0.0628976744186047,4,0.225396685375294,0.167753255631885,0,-338,-627,-933,-1467
3,2,38,0.189797674418605,0.0786767441860465,4,0.212985060799376,0.198649352208389,0,-267,-495,-738,-1152
3,3,37,0.189446511627907,0.0944558139534884,4,0.201829952653134,0.226417618683058,0,93,168,258,379
3,4,36,0.189095348837209,0.11023488372093,4,0.191749745016773,0.251510149216774,0,105,180,247,340
3,5,35,0.188744186046512,0.126013953488372,4,0.182596213985844,0.274295915658368,0,106,177,244,331
3,6,34,0.188393023255814,0.141793023255814,4,0.17424719057621,0.295079031680427,0,71,104,138,176
3,7,33,0.188041860465116,0.157572093023256,4,0.166601076773142,0.314112403907372,0,35,42,37,20
3,8,32,0.187690697674419,0.173351162790698,4,0.159572690721762,0.331608074429162,0,17,3,-26,-80
3,9,31,0.187339534883721,0.18913023255814,4,0.15309007981756,0.347745153933865,0,3,-26,-69,-151
3,10,30,0.186988372093023,0.204909302325581,4,0.147092048467841,0.362675975819132,0,0,-41,-94,-205
3,11,29,0.186637209302326,0.220688372093023,4,0.141526220283179,0.376530919953938,0,17,-6,-59,-170
3,12,28,0.186286046511628,0.236467441860465,4,0.136347504602194,0.389422229938646,0,-13,-53,-109,-200
3,13,27,0.18593488372093,0.252246511627907,4,0.131516872230319,0.401447060642648,0,-25,-25,-25,-25
3,14,26,0.185583720930233,0.268025581395349,4,0.127000370015238,0.412689931208995,0,0,0,0,0
3,15,25,0.185232558139535,0.283804651162791,4,0.122768321611386,0.423224714580992,0,0,0,0,0
3,16,24,0.184881395348837,0.299583720930233,4,0.118794674644191,0.433116262597811,0,0,0,0,0
3,17,23,0.18453023255814,0.315362790697674,4,0.115056463914715,0.442421742232224,0,0,0,0,0
3,18,22,0.184179069767442,0.331141860465116,4,0.111533367273434,0.451191741148288,0,0,0,0,0
3,19,21,0.183827906976744,0.346920930232558,4,0.108207336020972,0.459471187739988,0,0,0,0,0
3,20,20,0.183476744186047,0.3627,4,0.105062285642375,0.467300120982428,0,0,0,0,0
3,21,19,0.183125581395349,0.378479069767442,4,0.102083835688895,0.474714337940744,0,0,0,0,0
3,22,18,0.182774418604651,0.394258139534884,4,0.0992590899303041,0.481745941034091,0,0,0,0,0
3,23,17,0.182423255813953,0.410037209302326,4,0.0965764496870949,0.488423802705401,0,0,0,0,0
3,24,16,0.182072093023256,0.425816279069767,4,0.0940254546437161,0.494773961682925,0,0,0,0,0
3,25,15,0.181720930232558,0.441595348837209,4,0.0915966465358791,0.500819962301662,0,0,0,0,0
3,26,14,0.18136976744186,0.457374418604651,4,0.0892814519669589,0.506583146206978,0,0,0,0,0
3,27,13,0.181018604651163,0.473153488372093,4,0.0870720812932281,0.512082904058285,0,0,0,0,0
3,28,12,0.180667441860465,0.488932558139535,4,0.0849614410646783,0.517336893488973,0,0,0,0,0
3,29,11,0.180316279069767,0.504711627906977,4,0.0829430579476043,0.522361228484933,0,0,0,0,0
3,30,10,0.17996511627907,0.520490697674419,4,0.0810110124099638,0.52717064446074,0,0,0,0,0
3,31,9,0.179613953488372,0.53626976744186,4,0.0791598807384867,0.531778642595711,0,0,0,0,0
3,32,8,0.179262790697674,0.552048837209302,4,0.0773846841913199,0.536197616407565,0,0,0,0,0
3,33,7,0.178911627906977,0.567827906976744,4,0.0756808442823246,0.540438963062648,0,0,0,0,0
3,34,6,0.178560465116279,0.583606976744186,4,0.0740441433513748,0.544513181527779,0,0,0,0,0
3,35,5,0.178209302325581,0.599386046511628,4,0.0724706897057196,0.548429959343404,0,0,0,0,0
3,36,4,0.177858139534884,0.61516511627907,4,0.0709568867258879,0.552198249527868,0,0,0,0,0
3,37,3,0.177506976744186,0.630944186046512,4,0.0694994054198755,0.555826338897923,0,0,0,0,0
3,38,2,0.177155813953488,0.646723255813954,4,0.0680951599847857,0.559321908902823,0,0,0,0,0
3,39,1,0.176804651162791,0.662502325581395,4,0.0667412859983408,0.562692089911905,0,0,0,0,0
3,40,0,0.176453488372093,0.678281395348837,4,0.0654351209159106,0.565943509763092,0,0,0,0,0
4,0,39,0.2033,0.0533581395348837,4,0.251476817524757,0.148505922372689,0,0,0,0,0
4,1,38,0.202948837209302,0.0691372093023256,4,0.237107155762893,0.181740809068259,0,-275,-512,-765,-1222
4,2,37,0.202597674418605,0.0849162790697674,4,0.224248906324207,0.211480024248134,0,-221,-412,-615,-975
4,3,36,0.202246511627907,0.100695348837209,4,0.212675525905203,0.238247528820241,0,-184,-343,-512,-806
4,4,35,0.201895348837209,0.116474418604651,4,0.202203591754407,0.262467552280278,0,32,70,117,204
4,5,34,0.201544186046512,0.132253488372093,4,0.192683008170752,0.284487243621811,0,29,54,84,138
4,6,33,0.201193023255814,0.148032558139535,4,0.183989766176704,0.304593417133572,0,51,90,121,166
4,7,32,0.200841860465116,0.163811627906977,4,0.176020512151575,0.323025114341385,0,30,46,57,86
4,8,31,0.200490697674419,0.179590697674419,4,0.16868841921746,0.339983152877365,0,4,-8,-26,-54
4,9,30,0.200139534883721,0.19536976744186,4,0.161920010837314,0.355637473024307,0,-12,-42,-85,-149
4,10,29,0.199788372093023,0.211148837209302,4,0.155652689891335,0.370132852593864,0,-25,-70,-132,-222
4,11,28,0.199437209302326,0.226927906976744,4,0.149832796955751,0.383593397838416,0,13,-23,-89,-195
4,12,27,0.199086046511628,0.242706976744186,4,0.144414070111009,0.396126105685249,0,-21,-60,-114,-206
4,13,26,0.19873488372093,0.258486046511628,4,0.139356412635616,0.407823713877098,0,-31,-79,-142,-249
4,14,25,0.198383720930233,0.27426511627907,4,0.134624899096425,0.418766999737236,0,-36,-90,-159,-264
4,15,24,0.198032558139535,0.290044186046512,4,0.130188967710372,0.429026648116438,0,-45,-105,-181,-293
4,16,23,0.197681395348837,0.305823255813953,4,0.126021759483359,0.438664779866288,0,-49,-115,-199,-322
4,17,22,0.19733023255814,0.321602325581395,4,0.122099573920664,0.447736210699901,0,-50,-118,-205,-333
4,18,21,0.196979069767442,0.337381395348837,4,0.118401418004491,0.456289494339654,0,-52,-124,-177,-177
4,19,20,0.196627906976744,0.353160465116279,4,0.114908630310872,0.464367791878794,0,0,0,0,0
4,20,19,0.196276744186047,0.368939534883721,4,0.111604566056074,0.472009600222154,0,0,0,0,0
4,21,18,0.195925581395349,0.384718604651163,4,0.108474331853069,0.479249365554945,0,0,0,0,0
4,22,17,0.195574418604651,0.400497674418605,4,0.105504561259125,0.486118002467715,0,0,0,0,0
4,23,16,0.195223255813954,0.416276744186046,4,0.102683223978746,0.492643335241534,0,0,0,0,0
4,24,15,0.194872093023256,0.432055813953488,4,0.0999994629780018,0.498850474578274,0,0,0,0,0
4,25,14,0.194520930232558,0.44783488372093,4,0.0974434548599988,0.504762140531347,0,0,0,0,0
4,26,13,0.19416976744186,0.463613953488372,4,0.0950062897161008,0.510398940391925,0,0,0,0,0
4,27,12,0.193818604651163,0.479393023255814,4,0.0926798673555401,0.515779608694395,0,0,0,0,0
4,28,11,0.193467441860465,0.495172093023256,4,0.0904568073665033,0.52092121523166,0,0,0,0,0
4,29,10,0.193116279069767,0.510951162790698,4,0.0883303709045885,0.525839345946791,0,0,0,0,0
4,30,9,0.19276511627907,0.526730232558139,4,0.0862943924625535,0.53054826073943,0,0,0,0,0
4,31,8,0.192413953488372,0.542509302325581,4,0.0843432201662032,0.535061031552507,0,0,0,0,0
4,32,7,0.192062790697674,0.558288372093023,4,0.0824716633787648,0.539389663555518,0,0,0,0,0
4,33,6,0.191711627906977,0.574067441860465,4,0.0806749465908679,0.543545201790123,0,0,0,0,0
4,34,5,0.191360465116279,0.589846511627907,4,0.0789486687336503,0.547537825272881,0,0,0,0,0
4,35,4,0.191009302325581,0.605625581395349,4,0.0772887671851622,0.551376930243062,0,0,0,0,0
4,36,3,0.190658139534884,0.621404651162791,4,0.075691485850374,0.555071203988845,0,0,0,0,0
4,37,2,0.190306976744186,0.637183720930233,4,0.0741533467868726,0.558628690472846,0,0,0,0,0
4,38,1,0.189955813953488,0.652962790697674,4,0.0726711249250989,0.562056848800447,0,0,0,0,0
4,39,0,0.189604651162791,0.668741860465116,4,0.0712418254964121,0.565362605425319,0,0,0,0,0
5,0,38,0.2161,0.0595976744186047,4,0.263298004219092,0.163382159387622,0,0,0,0,0
5,1,37,0.215748837209302,0.0753767441860465,4,0.248485335476095,0.195331458417035,0,-222,-417,-625,-1017
5,2,36,0.215397674418605,0.0911558139534884,4,0.235209717088581,0.223965508703453,0,-181,-340,-510,-823
5,3,35,0.215046511627907,0.10693488372093,4,0.223243709124094,0.249774873192648,0,-153,-285,-428,-686
5,4,34,0.214695348837209,0.122713953488372,4,0.212402635275279,0.273157878389431,0,-131,-245,-368,-585
5,5,33,0.214344186046512,0.138493023255814,4,0.202534983475142,0.294441319175867,0,22,47,78,149
5,6,32,0.213993023255814,0.154272093023256,4,0.193515281202517,0.313895825994606,0,-7,-1,9,50
5,7,31,0.213641860465116,0.170051162790698,4,0.185238731844826,0.331747433625107,0,18,22,18,33
5,8,30,0.213290697674419,0.18583023255814,4,0.177617124370719,0.348186403570353,0,10,10,6,29
5,9,29,0.212939534883721,0.201609302325581,4,0.170575677075377,0.363374031751473,0,-19,-46,-79,-116
5,10,28,0.212588372093023,0.217388372093023,4,0.164050575665643,0.377447958587607,0,-40,-90,-152,-222
5,11,27,0.212237209302326,0.233167441860465,4,0.15798703378314,0.390526352234465,0,1,-56,-134,-236
5,12,26,0.211886046511628,0.248946511627907,4,0.152337751040612,0.402711234430529,0,-29,-74,-132,-232
5,13,25,0.21153488372093,0.264725581395349,4,0.147061676658324,0.414091147197486,0,-36,-86,-140,-221
5,14,24,0.211183720930233,0.280504651162791,4,0.142123010298984,0.424743307929537,0,-44,-97,-163,-253
5,15,23,0.210832558139535,0.296283720930233,4,0.137490388654745,0.434735363835863,0,-50,-108,-179,-280
5,16,22,0.210481395348837,0.312062790697674,4,0.133136218708973,0.444126830021734,0,-47,-108,-181,-289
5,17,21,0.21013023255814,0.327841860465116,4,0.129036127716576,0.452970275820507,0,-47,-109,-186,-299
5,18,20,0.209779069767442,0.343620930232558,4,0.125168506740617,0.461312309335013,0,-49,-114,-193,-312
5,19,19,0.209427906976744,0.3594,4,0.121514129691175,0.469194399128861,0,-50,-117,-203,-327
5,20,18,0.209076744186047,0.375179069767442,4,0.118055833687336,0.476653563650522,0,-53,-120,-209,-342
5,21,17,0.208725581395349,0.390958139534884,4,0.11477824952683,0.483722952580695,0,-51,-121,-210,-250
5,22,16,0.208374418604651,0.406737209302326,4,0.111667573332436,0.490432339365932,0,-4,-4,-4,-4
5,23,15,0.208023255813954,0.422516279069767,4,0.108711372218259,0.496808540375124,0,0,0,0,0
5,24,14,0.207672093023256,0.438295348837209,4,0.105898418206194,0.502875773123439,0,0,0,0,0
5,25,13,0.207320930232558,0.454074418604651,4,0.103218545714742,0.508655963653289,0,0,0,0,0
5,26,12,0.20696976744186,0.469853488372093,4,0.100662528807137,0.514169011296639,0,0,0,0,0
5,27,11,0.206618604651163,0.485632558139535,4,0.0982219750747062,0.519433017556932,0,0,0,0,0
5,28,10,0.206267441860465,0.501411627906977,4,0.0958892335834486,0.524464484658209,0,0,0,0,0
5,29,9,0.205916279069767,0.517190697674418,4,0.0936573147564428,0.529278488349954,0,0,0,0,0
5,30,8,0.20556511627907,0.53296976744186,4,0.0915198204247208,0.533888828779672,0,0,0,0,0
5,31,7,0.205213953488372,0.548748837209302,4,0.0894708825721282,0.538308162613496,0,0,0,0,0
5,32,6,0.204862790697674,0.564527906976744,4,0.0875051095390811,0.542548119068775,0,0,0,0,0
5,33,5,0.204511627906977,0.580306976744186,4,0.0856175386466704,0.546619402098671,0,0,0,0,0
5,34,4,0.204160465116279,0.596086046511628,4,0.0838035943645999,0.550531880619327,0,0,0,0,0
5,35,3,0.203809302325581,0.61186511627907,4,0.0820590512805868,0.554294668380795,0,0,0,0,0
5,36,2,0.203458139534884,0.627644186046512,4,0.0803800012403329,0.557916194842512,0,0,0,0,0
5,37,1,0.203106976744186,0.643423255813953,4,0.078762824120168,0.561404268213497,0,0,0,0,0
5,38,0,0.202755813953488,0.659202325581395,4,0.0772041617723175,0.564766131649544,0,0,0,0,0
6,0,37,0.2289,0.0658372093023256,4,0.27476958766556,0.177818442199061,0,0,0,0,0
6,1,36,0.228548837209302,0.0816162790697674,4,0.259545170039641,0.208541860888902,0,-177,-337,-507,-843
6,2,35,0.228197674418605,0.0973953488372093,4,0.245879559734638,0.236119550713834,0,-146,-277,-418,-690
6,3,34,0.227846511627907,0.113174418604651,4,0.233545009868703,0.261011113018107,0,-124,-234,-353,-579
6,4,33,0.227495348837209,0.128953488372093,4,0.222356079315632,0.283590774619634,0,-107,-202,-305,-496
6,5,32,0.227144186046512,0.144732558139535,4,0.212160245368389,0.304166331790368,0,-94,-177,-267,-430
6,6,31,0.226793023255814,0.160511627906977,4,0.202830909765921,0.322993264344077,0,15,38,60,80
6,7,30,0.226441860465116,0.176290697674419,4,0.194262115196616,0.340285397921114,0,-5,-7,-5,35
6,8,29,0.226090697674419,0.19206976744186,4,0.186364503350359,0.356223060783786,0,-33,-54,-79,-73
6,9,28,0.225739534883721,0.207848837209302,4,0.179062186975987,0.37095939611615,0,-14,-29,-49,-39
6,10,27,0.225388372093023,0.223627906976744,4,0.172290303570619,0.384625298766358,0,-45,-89,-144,-185
6,11,26,0.225037209302326,0.239406976744186,4,0.165993083478571,0.397333313892053,0,-20,-104,-191,-272
6,12,25,0.224686046511628,0.255186046511628,4,0.160122310474699,0.409180743558191,0,-39,-79,-134,-229
6,13,24,0.22433488372093,0.27096511627907,4,0.154636084852352,0.420252142869738,0,-42,-85,-140,-207
6,14,23,0.223983720930233,0.286744186046512,4,0.149497821863938,0.430621341154393,0,-48,-95,-156,-232
6,15,22,0.223632558139535,0.302523255813953,4,0.144675434874841,0.440353090387167,0,-46,-101,-165,-248
6,16,21,0.223281395348837,0.318302325581395,4,0.140140664672324,0.449504418668977,0,-47,-103,-169,-261
6,17,20,0.22293023255814,0.334081395348837,4,0.135868525303493,0.45812574854543,0,-47,-103,-173,-272
6,18,19,0.222579069767442,0.349860465116279,4,0.131836843486364,0.466261826491755,0,-45,-104,-177,-284
6,19,18,0.222227906976744,0.365639534883721,4,0.128025873664918,0.473952499745443,0,-45,-107,-185,-296
6,20,17,0.221876744186047,0.381418604651163,4,0.124417974600513,0.481233368956342,0,-50,-112,-190,-310
6,21,16,0.221525581395349,0.397197674418605,4,0.120997336320922,0.488136339213243,0,-48,-114,-195,-318
6,22,15,0.221174418604651,0.412976744186047,4,0.117749748510408,0.494690087440997,0,-49,-114,-201,-330
6,23,14,0.220823255813954,0.428755813953488,4,0.114662403184087,0.500920460610686,0,-45,-111,-198,-331
6,24,13,0.220472093023256,0.44453488372093,4,0.11172372586835,0.506850816423575,0,-44,-110,-195,-251
6,25,12,0.220120930232558,0.460313953488372,4,0.108923230595906,0.512502315936288,0,-11,-11,-11,-11
6,26,11,0.21976976744186,0.476093023255814,4,0.106251394886158,0.517894175854879,0,0,0,0,0
6,27,10,0.219418604651163,0.491872093023256,4,0.103699551569507,0.523043886837246,0,0,0,0,0
6,28,9,0.219067441860465,0.507651162790698,4,0.101259794866117,0.527967403029549,0,0,0,0,0
6,29,8,0.218716279069767,0.523430232558139,4,0.0989248985748411,0.532679307163872,0,0,0,0,0
6,30,7,0.21836511627907,0.539209302325581,4,0.0966882445889151,0.537192954816109,0,0,0,0,0
6,31,6,0.218013953488372,0.554988372093023,4,0.0945437602489809,0.541520600829802,0,0,0,0,0
6,32,5,0.217662790697674,0.570767441860465,4,0.0924858632845599,0.545673510426214,0,0,0,0,0
6,33,4,0.217311627906977,0.586546511627907,4,0.0905094132928073,0.549662057121935,0,0,0,0,0
6,34,3,0.216960465116279,0.602325581395349,4,0.0886096688665612,0.553495809246016,0,0,0,0,0
6,35,2,0.216609302325581,0.618104651162791,4,0.0867822496189266,0.557183606575706,0,0,0,0,0
6,36,1,0.216258139534884,0.633883720930232,4,0.0850231024641257,0.56073362838291,0,0,0,0,0
6,37,0,0.215906976744186,0.649662790697674,4,0.0833284716082736,0.56415345399387,0,0,0,0,0
7,0,36,0.2417,0.0720767441860465,4,0.285906850777206,0.191834003413903,0,0,0,0,0
7,1,35,0.241348837209302,0.0878558139534884,4,0.270299835392661,0.221387754464193,0,-139,-267,-405,-694
7,2,34,0.240997674418605,0.10363488372093,4,0.256269868648987,0.247955175215054,0,-116,-222,-337,-573
7,3,33,0.240646511627907,0.119413953488372,4,0.243589411612387,0.271967137863255,0,-99,-189,-287,-483
7,4,32,0.240295348837209,0.135193023255814,4,0.23207268962156,0.293775428958383,0,-86,-163,-248,-415
7,5,31,0.239944186046512,0.150972093023256,4,0.221566530517581,0.313670098310806,0,-75,-143,-218,-361
7,6,30,0.239593023255814,0.166751162790698,4,0.211943513273599,0.331892432881125,0,-67,-127,-193,-317
7,7,29,0.239241860465116,0.18253023255814,4,0.203096774703027,0.348644790899597,0,-22,-75,-134,-242
7,8,28,0.238890697674419,0.198309302325581,4,0.19493602425243,0.364098148332645,0,-19,-18,-17,19
7,9,27,0.238539534883721,0.214088372093023,4,0.187384451248475,0.378397955380827,0,-55,-90,-113,-97
7,10,26,0.238188372093023,0.229867441860465,4,0.180376299821158,0.391668728651849,0,-67,-112,-161,-176
7,11,25,0.237837209302326,0.245646511627907,4,0.173854949179684,0.404017686387907,0,-57,-120,-184,-231
7,12,24,0.237486046511628,0.261425581395349,4,0.167771380504847,0.415537651588398,0,-13,-56,-128,-219
7,13,23,0.23713488372093,0.277204651162791,4,0.162082942569662,0.426309389454944,0,-32,-67,-121,-185
7,14,22,0.236783720930233,0.292983720930233,4,0.156752350315338,0.436403503707621,0,-42,-82,-139,-199
7,15,21,0.236432558139535,0.308762790697674,4,0.151746866655422,0.445881985936705,0,-46,-91,-150,-218
7,16,20,0.236081395348837,0.324541860465116,4,0.147037629553238,0.454799489862058,0,-41,-94,-152,-228
7,17,19,0.23573023255814,0.340320930232558,4,0.142599095144844,0.463204385846445,0,-42,-93,-159,-241
7,18,18,0.235379069767442,0.3561,4,0.138408574212407,0.471139638638656,0,-47,-99,-167,-258
7,19,17,0.235027906976744,0.371879069767442,4,0.134445844247585,0.478643541977909,0,-42,-99,-171,-269
7,20,16,0.234676744186047,0.387658139534884,4,0.130692823104076,0.485750336571805,0,-44,-105,-176,-280
7,21,15,0.234325581395349,0.403437209302326,4,0.127133293125768,0.492490732492676,0,-46,-105,-178,-291
7,22,14,0.233974418604651,0.419216279069767,4,0.123752666871263,0.498892352806234,0,-41,-102,-181,-292
7,23,13,0.233623255813953,0.434995348837209,4,0.120537787296845,0.504980111949029,0,-40,-101,-175,-297
7,24,12,0.233272093023256,0.450774418604651,4,0.117476756626345,0.510776539783837,0,-32,-92,-170,-291
7,25,11,0.232920930232558,0.466553488372093,4,0.114558789215305,0.51630206021897,0,-28,-81,-155,-284
7,26,10,0.23256976744186,0.482332558139535,4,0.111774084574103,0.521575231654179,0,-21,-77,-146,-276
7,27,9,0.232218604651163,0.498111627906977,4,0.10911371739969,0.526612955218727,0,-20,-70,-127,-127
7,28,8,0.231867441860465,0.513890697674419,4,0.106569542015942,0.531430655725001,0,0,0,0,0
7,29,7,0.231516279069767,0.52966976744186,4,0.104134109067174,0.536042439419329,0,0,0,0,0
7,30,6,0.23116511627907,0.545448837209302,4,0.101800592670124,0.5404612319284,0,0,0,0,0
7,31,5,0.230813953488372,0.561227906976744,4,0.0995627265240119,0.544698899242521,0,0,0,0,0
7,32,4,0.230462790697674,0.577006976744186,4,0.0974147477193071,0.548766354120435,0,0,0,0,0
7,33,3,0.230111627906977,0.592786046511628,4,0.0953513471842116,0.552673649924835,0,0,0,0,0
7,34,2,0.229760465116279,0.60856511627907,4,0.0933676258717451,0.556430063587363,0,0,0,0,0
7,35,1,0.229409302325581,0.624344186046512,4,0.0914590559262587,0.560044169144459,0,0,0,0,0
7,36,0,0.229058139534884,0.640123255813953,4,0.0896214461814094,0.563523903071078,0,0,0,0,0
8,0,35,0.2545,0.0783162790697674,4,0.296724198470488,0.205446970734293,0,0,0,0,0
8,1,34,0.254148837209302,0.0940953488372093,4,0.280761790253339,0.233884020439779,0,-106,-207,-316,-565
8,2,33,0.253797674418605,0.109874418604651,4,0.266391486837625,0.25948473349989,0,-89,-173,-265,-469
8,3,32,0.253446511627907,0.125653488372093,4,0.253386406015317,0.282653300844916,0,-76,-148,-226,-397
8,4,31,0.253095348837209,0.141432558139535,4,0.241560819696692,0.303720597293203,0,-66,-128,-196,-341
8,5,30,0.252744186046512,0.157211627906977,4,0.230761227527428,0.322960083913174,0,-58,-112,-172,-297
8,6,29,0.252393023255814,0.172990697674419,4,0.220859657280774,0.340599743382849,0,-52,-99,-153,-260
8,7,28,0.252041860465116,0.18876976744186,4,0.211748569820876,0.356831156803901,0,-46,-89,-136,-230
8,8,27,0.251690697674419,0.204548837209302,4,0.203336937498885,0.371816490043767,0,-42,-79,-123,-204
8,9,26,0.251339534883721,0.220327906976744,4,0.195547192342835,0.385693930539096,0,2,12,26,84
8,10,25,0.250988372093023,0.236106976744186,4,0.188312826995606,0.398581961227711,0,-13,-17,-18,20
8,11,24,0.250637209302326,0.251886046511628,4,0.181576491122845,0.410582751800197,0,-26,-113,-171,-146
8,12,23,0.250286046511628,0.26766511627907,4,0.1752884678811,0.421784872873799,0,11,-54,-158,-231
8,13,22,0.24993488372093,0.283444186046512,4,0.169405444769683,0.432265485721311,0,-20,-54,-111,-183
8,14,21,0.249583720930233,0.299223255813954,4,0.163889514574226,0.442092122091359,0,-30,-66,-117,-172
8,15,20,0.249232558139535,0.315002325581395,4,0.158707357671325,0.451324140933674,0,-39,-81,-131,-185
8,16,19,0.248881395348837,0.330781395348837,4,0.153829568412179,0.460013928447452,0,-39,-81,-137,-201
8,17,18,0.24853023255814,0.346560465116279,4,0.149230096812167,0.468207892712067,0,-43,-88,-145,-217
8,18,17,0.248179069767442,0.362339534883721,4,0.144885783158048,0.475947292784901,0,-45,-93,-154,-229
8,19,16,0.247827906976744,0.378118604651163,4,0.140775967978441,0.483268933539413,0,-41,-92,-155,-240
8,20,15,0.247476744186047,0.393897674418605,4,0.136882163513826,0.490205750941736,0,-41,-93,-161,-251
8,21,14,0.247125581395349,0.409676744186046,4,0.133187775662373,0.496787307404515,0,-40,-92,-160,-258
8,22,13,0.246774418604651,0.425455813953488,4,0.1296778675798,0.503040212934058,0,-32,-88,-155,-260
8,23,12,0.246423255813954,0.44123488372093,4,0.126338957830578,0.508988484724196,0,-33,-87,-157,-262
8,24,11,0.246072093023256,0.457013953488372,4,0.123158847339062,0.514653855443073,0,-27,-77,-143,-252
8,25,10,0.245720930232558,0.472793023255814,4,0.120126470457824,0.520056038555072,0,-19,-70,-137,-248
8,26,9,0.24536976744186,0.488572093023256,4,0.117231766320909,0.525212957505165,0,-22,-73,-132,-249
8,27,8,0.245018604651163,0.504351162790698,4,0.114465567330194,0.530140944380586,0,-18,-66,-129,-250
8,28,7,0.244667441860465,0.52013023255814,4,0.11181950217061,0.53485491268934,0,-15,-65,-130,-257
8,29,6,0.244316279069767,0.535909302325581,4,0.109285911192714,0.539368508106252,0,-26,-79,-146,-174
8,30,5,0.24396511627907,0.551688372093023,4,0.106857772361011,0.543694240396119,0,0,0,0,0
8,31,4,0.243613953488372,0.567467441860465,4,0.104528636260223,0.547843599200124,0,0,0,0,0
8,32,3,0.243262790697674,0.583246511627907,4,0.102292568892705,0.551827155942309,0,0,0,0,0
8,33,2,0.242911627906977,0.599025581395349,4,0.100144101198734,0.555654653759239,0,0,0,0,0
8,34,1,0.242560465116279,0.614804651162791,4,0.0980781843955626,0.559335087063536,0,0,0,0,0
8,35,0,0.242209302325581,0.630583720930233,4,0.0960901503674768,0.562876772109038,0,0,0,0,0
9,0,34,0.2673,0.0845558139534884,4,0.307235219823179,0.218674445179527,0,0,0,0,0
9,1,33,0.266948837209302,0.10033488372093,4,0.290942824265343,0.246044740937502,0,-77,-155,-239,-452
9,2,32,0.266597674418605,0.116113953488372,4,0.276254703670279,0.270719946212785,0,-65,-130,-201,-376
9,3,31,0.266246511627907,0.131893023255814,4,0.262945022841118,0.293079451261946,0,-55,-111,-172,-319
9,4,30,0.265895348837209,0.147672093023256,4,0.250828434754662,0.3134346285179,0,-48,-96,-149,-274
9,5,29,0.265544186046512,0.163451162790698,4,0.239751396296141,0.332043421660438,0,-42,-84,-130,-238
9,6,28,0.265193023255814,0.17923023255814,4,0.229585627266879,0.349121334110477,0,-37,-74,-115,-208
9,7,27,0.264841860465116,0.195009302325581,4,0.220223119927444,0.364849812713079,0,-33,-65,-102,-182
9,8,26,0.264490697674419,0.210788372093023,4,0.211572286562311,0.379382719609191,0,-30,-58,-92,-161
9,9,25,0.264139534883721,0.226567441860465,4,0.203554953385593,0.392851382302655,0,-27,-52,-82,-143
9,10,24,0.263788372093023,0.242346511627907,4,0.196103991528537,0.405368573466168,0,-6,-2,5,54
9,11,23,0.263437209302326,0.258125581395349,4,0.189161432963231,0.417031676082045,0,-19,-27,-33,-2
9,12,22,0.263086046511628,0.273904651162791,4,0.182676959372555,0.427925222054553,0,7,-53,-150,-162
9,13,21,0.26273488372093,0.289683720930233,4,0.176606680589773,0.438122944361767,0,-4,-44,-118,-196
9,14,20,0.262383720930233,0.305462790697674,4,0.170912139874526,0.447689448135191,0,-22,-56,-103,-157
9,15,19,0.262032558139535,0.321241860465116,4,0.165559498357982,0.45668158074541,0,-35,-68,-115,-160
9,16,18,0.261681395348837,0.337020930232558,4,0.160518862103965,0.465149562301042,0,-36,-74,-121,-173
9,17,17,0.26133023255814,0.3528,4,0.155763723514262,0.473137924055967,0,-36,-79,-127,-185
9,18,16,0.260979069767442,0.368579069767442,4,0.151270495035091,0.480686291755885,0,-40,-82,-136,-203
9,19,15,0.260627906976744,0.384358139534884,4,0.147018117848002,0.487830043015295,0,-37,-83,-141,-212
9,20,14,0.260276744186047,0.400137209302326,4,0.142987731844503,0.494600861741305,0,-34,-87,-143,-221
9,21,13,0.259925581395349,0.415916279069767,4,0.139162395971851,0.501027207936769,0,-39,-89,-147,-230
9,22,12,0.259574418604651,0.431695348837209,4,0.135526850203108,0.507134717577013,0,-32,-83,-142,-230
9,23,11,0.259223255813954,0.447474418604651,4,0.132067312078426,0.512946544408887,0,-30,-74,-132,-229
9,24,10,0.258872093023256,0.463253488372093,4,0.128771302098065,0.518483653280536,0,-19,-67,-124,-222
9,25,9,0.258520930232558,0.479032558139535,4,0.125627493304101,0.523765072835558,0,-19,-64,-123,-227
9,26,8,0.25816976744186,0.494811627906977,4,0.122625581229658,0.528808113990879,0,-14,-58,-118,-227
9,27,7,0.257818604651163,0.510590697674419,4,0.119756171069133,0.533628559484343,0,-18,-62,-119,-241
9,28,6,0.257467441860465,0.526369767441861,4,0.117010679466455,0.53824082886484,0,-22,-71,-131,-264
9,29,5,0.257116279069767,0.542148837209302,4,0.114381248758525,0.542658122558432,0,-35,-89,-157,-312
9,30,4,0.25676511627907,0.557927906976744,4,0.111860671869182,0.546892548042218,0,-46,-114,-188,-379
9,31,3,0.256413953488372,0.573706976744186,4,0.109442326341775,0.550955230665847,0,-64,-149,-214,-214
9,32,2,0.256062790697674,0.589486046511628,4,0.107120116238854,0.554856411256723,0,-18,-18,-18,-18
9,33,1,0.255711627906977,0.60526511627907,4,0.104888420835742,0.558605532311884,0,0,0,0,0
9,34,0,0.255360465116279,0.621044186046512,4,0.10274204919885,0.56221131430384,0,0,0,0,0
10,0,33,0.2801,0.0907953488372093,4,0.317452745025428,0.231532572755463,0,0,0,0,0
10,1,32,0.279748837209302,0.106574418604651,4,0.300854102317206,0.257883251841385,0,-51,-108,-171,-352
10,2,31,0.279397674418605,0.122353488372093,4,0.285869289770395,0.281671943093116,0,-43,-91,-143,-293
10,3,30,0.279046511627907,0.138132558139535,4,0.272273857715977,0.303254964873745,0,-36,-77,-122,-248
10,4,29,0.278695348837209,0.153911627906977,4,0.259883134020708,0.322925487908416,0,-31,-66,-105,-212
10,5,28,0.278344186046512,0.169690697674419,4,0.248543786093858,0.34092693076832,0,-27,-57,-91,-183
10,6,27,0.277993023255814,0.18546976744186,4,0.238127443412436,0.357463084240145,0,-24,-50,-80,-158
10,7,26,0.277641860465116,0.201248837209302,4,0.228525816491775,0.372705860058421,0,-21,-44,-70,-138
10,8,25,0.277290697674419,0.217027906976744,4,0.219646918062774,0.386801289862641,0,-18,-38,-62,-120
10,9,24,0.276939534883721,0.232806976744186,4,0.211412106611466,0.399874218637656,0,-16,-34,-55,-105
10,10,23,0.276588372093023,0.248586046511628,4,0.203753750795558,0.412032012499368,0,-14,-30,-49,-92
10,11,22,0.276237209302326,0.26436511627907,4,0.196613367762439,0.423367514152349,0,-12,-14,-12,30
10,12,21,0.275886046511628,0.280144186046512,4,0.189940126855175,0.433961418286647,0,-24,-37,-46,-21
10,13,20,0.27553488372093,0.295923255813953,4,0.183689637690484,0.443884195528379,0,24,-20,-85,-109
10,14,19,0.275183720930233,0.311702325581395,4,0.177822961491904,0.453197661968212,0,-9,-39,-92,-147
10,15,18,0.274832558139535,0.327481395348837,4,0.172305799125772,0.461956268170565,0,-23,-53,-96,-135
10,16,17,0.274481395348837,0.343260465116279,4,0.167107820060386,0.470208164464439,0,-32,-64,-107,-148
10,17,16,0.27413023255814,0.359039534883721,4,0.162202104515751,0.477996086541915,0,-32,-70,-117,-162
10,18,15,0.273779069767442,0.374818604651163,4,0.157564677137964,0.485358095759439,0,-37,-79,-125,-180
10,19,14,0.273427906976744,0.390597674418605,4,0.153174115145704,0.492328201213157,0,-36,-78,-129,-190
10,20,13,0.273076744186046,0.406376744186047,4,0.149011217433182,0.498936885044628,0,-33,-80,-131,-196
10,21,12,0.272725581395349,0.422155813953488,4,0.145058723846397,0.505211548095418,0,-29,-74,-128,-202
10,22,11,0.272374418604651,0.43793488372093,4,0.141301075975825,0.511176889653512,0,-29,-70,-122,-202
10,23,10,0.272023255813953,0.453713953488372,4,0.137724212474656,0.516855232389739,0,-21,-63,-115,-202
10,24,9,0.271672093023256,0.469493023255814,4,0.134315393225419,0.522266801496775,0,-17,-61,-109,-198
10,25,8,0.271320930232558,0.485272093023256,4,0.131063047720259,0.527429965388517,0,-16,-55,-106,-204
10,26,7,0.27096976744186,0.501051162790698,4,0.127956643851976,0.532361443996936,0,-20,-64,-112,-220
10,27,6,0.270618604651163,0.51683023255814,4,0.124986573980589,0.537076489643706,0,-23,-71,-122,-247
10,28,5,0.270267441860465,0.532609302325581,4,0.122144055678729,0.541589044608882,0,-31,-86,-146,-292
10,29,4,0.269916279069767,0.548388372093023,4,0.119421044995879,0.545911878825668,0,-46,-110,-181,-362
10,30,3,0.26956511627907,0.564167441860465,4,0.116810160437238,0.550056710565498,0,-64,-146,-231,-466
10,31,2,0.269213953488372,0.579946511627907,4,0.114304616144162,0.554034312515428,0,-87,-192,-299,-619
10,32,1,0.268862790697674,0.595725581395349,4,0.111898163002496,0.557854605269844,0,-33,-168,-308,-422
10,33,0,0.268511627906977,0.611504651162791,4,0.109585036602693,0.561526739944818,0,58,16,0,0
11,0,32,0.2929,0.0970348837209302,4,0.327388897625822,0.244036610202976,0,0,0,0,0
11,1,31,0.292548837209302,0.112813953488372,4,0.310506205384912,0.269412191582003,0,-28,-67,-110,-263
11,2,30,0.292197674418605,0.128593023255814,4,0.295244529299457,0.29235129975033,0,-23,-55,-91,-218
11,3,29,0.291846511627907,0.144372093023256,4,0.281381097909608,0.313188772021086,0,-19,-46,-77,-183
11,4,28,0.291495348837209,0.160151162790698,4,0.268732171513657,0.332200778905866,0,-16,-39,-65,-155
11,5,27,0.291144186046512,0.17593023255814,4,0.257144852460902,0.34961713367868,0,-13,-32,-55,-132
11,6,26,0.290793023255814,0.191709302325581,4,0.246490874450136,0.365630627389561,0,-11,-27,-47,-112
11,7,25,0.290441860465116,0.207488372093023,4,0.236661834512947,0.380404195446406,0,-9,-23,-40,-96
11,8,24,0.290090697674419,0.223267441860465,4,0.227565491279232,0.394076481518137,0,-8,-19,-35,-82
11,9,23,0.289739534883721,0.239046511627907,4,0.219122861323728,0.406766201879784,0,-6,-16,-29,-70
11,10,22,0.289388372093023,0.254825581395349,4,0.211265919815825,0.418575601457709,0,-5,-13,-25,-59
11,11,21,0.289037209302326,0.270604651162791,4,0.203935763663841,0.429593214721128,0,-4,-11,-21,-50
11,12,20,0.288686046511628,0.286383720930233,4,0.197081132142871,0.439896089256867,0,-18,-24,-26,9
11,13,19,0.28833488372093,0.302162790697674,4,0.190657206388456,0.449551590194034,0,17,-28,-97,-60
11,14,18,0.287983720930233,0.317941860465116,4,0.18462462829595,0.458618874850256,0,8,-24,-83,-125
11,15,17,0.287632558139535,0.333720930232558,4,0.178948693426549,0.467150105836718,0,-14,-43,-84,-118
11,16,16,0.287281395348837,0.3495,4,0.173598682948526,0.47519145518589,0,-25,-53,-92,-127
11,17,15,0.28693023255814,0.365279069767442,4,0.168547307450616,0.482783940329499,0,-30,-61,-101,-139
11,18,14,0.286579069767442,0.381058139534884,4,0.163770241364714,0.48996412388589,0,-31,-68,-111,-154
11,19,13,0.286227906976744,0.396837209302326,4,0.159245731231587,0.496764702457429,0,-36,-74,-116,-167
11,20,12,0.285876744186047,0.412616279069767,4,0.154954264497615,0.503215004446551,0,-30,-68,-116,-169
11,21,11,0.285525581395349,0.428395348837209,4,0.150878288204369,0.50934141288025,0,-27,-69,-112,-175
11,22,10,0.285174418604651,0.444174418604651,4,0.1470019690172,0.515167726099818,0,-27,-62,-107,-177
11,23,9,0.284823255813954,0.459953488372093,4,0.143310987674979,0.520715466713784,0,-23,-59,-103,-179
11,24,8,0.284472093023256,0.475732558139535,4,0.139792362235274,0.52600414726979,0,-19,-56,-101,-186
11,25,7,0.284120930232558,0.491511627906977,4,0.136434295516068,0.531051499557771,0,-19,-58,-104,-199
11,26,6,0.28376976744186,0.507290697674419,4,0.133226042955821,0.535873673223281,0,-23,-68,-116,-229
11,27,5,0.283418604651163,0.52306976744186,4,0.130157797773209,0.540485408378501,0,-32,-83,-140,-275
11,28,4,0.283067441860465,0.538848837209302,4,0.127220590840607,0.544900186097702,0,-9,-64,-130,-303
11,29,3,0.282716279069767,0.554627906976744,4,0.124406203117933,0.549130360033811,0,9,7,4,-168
11,30,2,0.28236511627907,0.570406976744186,4,0.121707088846265,0.553187271862484,0,25,36,44,-86
11,31,1,0.282013953488372,0.586186046511628,4,0.11911630798971,0.557081352825557,0,41,64,82,-77
11,32,0,0.281662790697674,0.60196511627907,4,0.116627466651901,0.560822213288203,0,56,90,118,0
12,0,31,0.3057,0.103274418604651,4,0.337055142519779,0.256200985388405,0,0,0,0,0
12,1,30,0.305348837209302,0.119053488372093,4,0.319909168211798,0.280643546143182,0,-8,-30,-56,-184
12,2,29,0.304997674418605,0.134832558139535,4,0.304389249859873,0.302768071726398,0,-5,-23,-44,-150
12,3,28,0.304646511627907,0.150611627906977,4,0.290274546300605,0.322889383766536,0,-3,-18,-35,-124
12,4,27,0.304295348837209,0.166390697674419,4,0.277382475427716,0.341267763431947,0,-2,-13,-28,-102
12,5,26,0.303944186046512,0.18216976744186,4,0.265560773014786,0.358120272030332,0,-1,-10,-22,-84
12,6,25,0.303593023255814,0.197948837209302,4,0.254681450657115,0.373629364305969,0,0,-6,-17,-69
12,7,24,0.303241860465116,0.213727906976744,4,0.244636143276324,0.387949520836304,0,1,-4,-12,-57
12,8,23,0.302890697674419,0.229506976744186,4,0.235332487114741,0.401212411406786,0,2,-1,-8,-46
12,9,22,0.302539534883721,0.245286046511628,4,0.22669127141371,0.413530955455301,0,3,1,-5,-36
12,10,21,0.302188372093023,0.26106511627907,4,0.218644177596127,0.425002544995949,0,4,2,-2,-28
12,11,20,0.301837209302326,0.276844186046512,4,0.211131969274515,0.435711624865389,0,4,4,0,-20
12,12,19,0.301486046511628,0.292623255813953,4,0.204103031576859,0.445731774996871,0,-3,-4,1,-13
12,13,18,0.30113488372093,0.308402325581395,4,0.197512183588954,0.455127403351154,0,4,-60,-56,-5
12,14,17,0.300783720930233,0.324181395348837,4,0.191319706135346,0.463955131870026,0,36,11,-31,-23
12,15,16,0.300432558139535,0.339960465116279,4,0.185490540680244,0.472264938488576,0,-3,-28,-68,-99
12,16,15,0.300081395348837,0.355739534883721,4,0.179993625211243,0.480101103870696,0,-15,-42,-77,-102
12,17,14,0.29973023255814,0.371518604651163,4,0.174801340536025,0.487503000744592,0,-24,-55,-87,-116
12,18,13,0.299379069767442,0.387297674418605,4,0.169889046153237,0.494505755545218,0,-30,-61,-99,-134
12,19,12,0.299027906976744,0.403076744186046,4,0.165234689235625,0.501140805831057,0,-28,-66,-101,-144
12,20,11,0.298676744186047,0.418855813953488,4,0.160818473632575,0.507436372139791,0,-26,-61,-99,-149
12,21,10,0.298325581395349,0.43463488372093,4,0.156622578412017,0.513417859222821,0,-25,-58,-97,-152
12,22,9,0.297974418604651,0.450413953488372,4,0.152630917502065,0.519108198689768,0,-20,-57,-93,-156
12,23,8,0.297623255813953,0.466193023255814,4,0.14882893359693,0.524528142807303,0,-20,-55,-94,-166
12,24,7,0.297272093023256,0.481972093023256,4,0.145203420760726,0.529696517387504,0,-73,-137,-192,-310
12,25,6,0.296920930232558,0.497751162790698,4,0.141742371172819,0.534630440261068,0,-52,-99,-140,-238
12,26,5,0.29656976744186,0.513530232558139,4,0.138434842266782,0.53934551067829,0,-31,-63,-91,-170
12,27,4,0.296218604651163,0.529309302325581,4,0.135270841165563,0.543855974053282,0,-12,-29,-45,-107
12,28,3,0.295867441860465,0.545088372093023,4,0.132241223841734,0.548174865716788,0,6,2,-2,-47
12,29,2,0.295516279069767,0.560867441860465,4,0.129337606859355,0.552314136733155,0,23,32,39,10
12,30,1,0.29516511627907,0.576646511627907,4,0.126552289903367,0.556284764339098,0,39,61,78,64
12,31,0,0.294813953488372,0.592425581395349,4,0.123878187588924,0.560096849153364,0,55,88,114,114
13,0,30,0.3185,0.109513953488372,4,0.346462330079649,0.268039352838573,0,10,0,0,0
13,1,29,0.318148837209302,0.125293023255814,4,0.32907251410785,0.291588690627962,0,11,3,-7,-112
13,2,28,0.317797674418605,0.141072093023256,4,0.313311850218901,0.312931826076191,0,11,6,-1,-88
13,3,27,0.317446511627907,0.156851162790698,4,0.298961643673604,0.332364916215311,0,11,8,3,-69
13,4,26,0.317095348837209,0.17263023255814,4,0.285840666222937,0.350133380850807,0,11,10,7,-53
13,5,25,0.316744186046512,0.188409302325581,4,0.27379746224731,0.366442321609495,0,11,12,10,-40
13,6,24,0.316393023255814,0.204188372093023,4,0.262704476049884,0.381464474775454,0,12,13,12,-29
13,7,23,0.316041860465116,0.219967441860465,4,0.252453516474738,0.39534635311689,0,12,14,14,-19
13,8,22,0.315690697674419,0.235746511627907,4,0.24295221655172,0.408213040245052,0,12,15,16,-11
13,9,21,0.315339534883721,0.251525581395349,4,0.234121242467669,0.420171970233265,0,12,16,18,-4
13,10,20,0.314988372093023,0.267304651162791,4,0.225892073138698,0.431315934526405,0,12,17,19,2
13,11,19,0.314637209302326,0.283083720930233,4,0.218205218771319,0.441725494370443,0,12,18,21,8
13,12,18,0.314286046511628,0.298862790697674,4,0.211008780387268,0.451470931507983,0,12,18,22,13
13,13,17,0.31393488372093,0.314641860465116,4,0.204257276529297,0.460613837056584,0,14,-15,0,64
13,14,16,0.313583720930233,0.330420930232558,4,0.197910681065134,0.469208414517354,0,50,36,-3,40
13,15,15,0.313232558139535,0.3462,4,0.191933629068917,0.477302555172546,0,14,-11,-50,-60
13,16,14,0.312881395348837,0.361979069767442,4,0.186294757495844,0.484938730945805,0,-9,-30,-61,-78
13,17,13,0.31253023255814,0.377758139534884,4,0.180966154691401,0.492154739878322,0,-20,-44,-73,-95
13,18,12,0.312179069767442,0.393537209302326,4,0.17592289833686,0.498984331844342,0,-23,-51,-81,-108
13,19,11,0.311827906976744,0.409316279069767,4,0.17114266568812,0.505457736366827,0,-25,-54,-85,-193
13,20,10,0.311476744186047,0.425095348837209,4,0.166605403247023,0.51160210994949,0,-47,-173,-279,-471
13,21,9,0.311125581395349,0.440874418604651,4,0.16229304555424,0.517441916888259,0,-127,-232,-321,-487
13,22,8,0.310774418604651,0.456653488372093,4,0.158189274787767,0.52299925482367,0,-102,-187,-259,-403
13,23,7,0.310423255813953,0.472432558139535,4,0.154279314422033,0.528294134168288,0,-78,-145,-202,-323
13,24,6,0.310072093023256,0.488211627906977,4,0.15054975144742,0.533344718857533,0,-56,-106,-149,-249
13,25,5,0.309720930232558,0.503990697674419,4,0.146988382642171,0.538167534528695,0,-35,-69,-99,-180
13,26,4,0.30936976744186,0.51976976744186,4,0.143584081183954,0.542777649155926,0,-15,-35,-52,-115
13,27,3,0.309018604651163,0.535548837209302,4,0.140326680529169,0.547188830301219,0,4,-2,-7,-54
13,28,2,0.308667441860465,0.551327906976744,4,0.137206873007119,0.551413682438457,0,21,29,34,4
13,29,1,0.308316279069767,0.567106976744186,4,0.134216120998603,0.555463767235619,0,37,58,74,59
13,30,0,0.30796511627907,0.582886046511628,4,0.131346578913828,0.559349709212511,0,53,85,111,110
14,0,29,0.3313,0.115753488372093,4,0.355620736783639,0.279564644869787,0,29,34,37,0
14,1,28,0.330948837209302,0.131532558139535,4,0.338005287122081,0.302258427686849,0,27,33,38,-47
14,2,27,0.330597674418605,0.147311627906977,4,0.322020326036604,0.322851670674261,0,26,33,38,-31
14,3,26,0.330246511627907,0.163090697674419,4,0.307449489482208,0.341623113162612,0,24,32,39,-18
14,4,25,0.329895348837209,0.17886976744186,4,0.294113073523603,0.358804265681417,0,23,32,39,-7
14,5,24,0.329544186046512,0.194648837209302,4,0.28186058538623,0.37458900635511,0,23,32,39,2
14,6,23,0.329193023255814,0.210427906976744,4,0.270565039838448,0.389140928808784,0,22,32,39,9
14,7,22,0.328841860465116,0.226206976744186,4,0.26011854173795,0.402599033123255,0,21,32,40,16
14,8,21,0.328490697674419,0.241986046511628,4,0.250428828630771,0.415082179965304,0,21,31,40,21
14,9,20,0.328139534883721,0.25776511627907,4,0.241416538487203,0.426692610532331,0,20,31,40,26
14,10,19,0.327788372093023,0.273544186046512,4,0.233013031133374,0.437518753177191,0,20,31,40,31
14,11,18,0.327437209302326,0.289323255813954,4,0.225158636747435,0.447637479850575,0,19,31,40,35
14,12,17,0.327086046511628,0.305102325581395,4,0.217801236840088,0.457115934207602,0,19,31,40,38
14,13,16,0.32673488372093,0.320881395348837,4,0.210895106343695,0.466013023331217,0,19,31,40,42
14,14,15,0.326383720930233,0.336660465116279,4,0.204399962424603,0.47438064313641,0,44,14,34,119
14,15,14,0.326032558139535,0.352439534883721,4,0.198280178205219,0.482264691323103,0,33,15,-8,23
14,16,13,0.325681395348837,0.368218604651163,4,0.192504128976653,0.489705909642939,0,-4,-22,-46,-322
14,17,12,0.32533023255814,0.383997674418605,4,0.187043645567454,0.496740588118105,0,-109,-288,-439,-694
14,18,11,0.324979069767442,0.399776744186047,4,0.181873554923169,0.503401156907443,0,-192,-346,-476,-701
14,19,10,0.324627906976744,0.415555813953488,4,0.176971292084405,0.509716686190686,0,-162,-293,-403,-600
14,20,9,0.324276744186047,0.43133488372093,4,0.17231657094485,0.515713310327143,0,-133,-243,-335,-506
14,21,8,0.323925581395349,0.447113953488372,4,0.167891103656677,0.521414589342516,0,-107,-197,-272,-419
14,22,7,0.323574418604651,0.462893023255814,4,0.163678360498951,0.526841818287693,0,-83,-153,-213,-337
14,23,6,0.323223255813954,0.478672093023256,4,0.15966336356138,0.532014293033611,0,-60,-113,-158,-261
14,24,5,0.322872093023256,0.494451162790698,4,0.155832508815281,0.53694953949521,0,-38,-75,-107,-190
14,25,4,0.322520930232558,0.510230232558139,4,0.152173412117122,0.541663512023306,0,-18,-40,-59,-124
14,26,3,0.32216976744186,0.526009302325581,4,0.148674775471393,0.546170765696611,0,1,-7,-13,-61
14,27,2,0.321818604651163,0.541788372093023,4,0.145326270510052,0.550484606433834,0,19,25,29,-2
14,28,1,0.321467441860465,0.557567441860465,4,0.1421184366571,0.554617222187095,0,35,54,69,54
14,29,0,0.321116279069767,0.573346511627907,4,0.139042591863471,0.558579797941147,0,51,82,107,106
15,0,28,0.3441,0.121993023255814,4,0.36454010266341,0.290789118713344,0,46,65,82,0
15,1,27,0.343748837209302,0.137772093023256,4,0.346716081816476,0.312663023081254,0,42,61,78,12
15,2,26,0.343397674418605,0.153551162790698,4,0.330522293763521,0.33253628143673,0,39,57,74,21
15,3,25,0.343046511627907,0.16933023255814,4,0.315744861199407,0.350671367200293,0,37,55,71,29
15,4,24,0.342695348837209,0.185109302325581,4,0.302205751915203,0.36728676415548,0,35,53,69,35
15,5,23,0.342344186046512,0.200888372093023,4,0.289755571389767,0.382565811488027,0,33,51,67,40
15,6,22,0.341993023255814,0.216667441860465,4,0.278268027191576,0.396663497154535,0,32,49,65,45
15,7,21,0.341641860465116,0.232446511627907,4,0.267635629610332,0.409711734131531,0,30,48,63,49
15,8,20,0.341290697674419,0.248225581395349,4,0.257766317984099,0.421823500637149,0,29,47,62,52
15,9,19,0.340939534883721,0.264004651162791,4,0.248580788247502,0.433096119803854,0,28,46,61,55
15,10,18,0.340588372093023,0.279783720930233,4,0.24001035735327,0.443613880492204,0,27,45,60,58
15,11,17,0.340237209302326,0.295562790697674,4,0.231995242814668,0.453450148662042,0,27,44,59,61
15,12,16,0.339886046511628,0.311341860465116,4,0.224483166181685,0.462669081207362,0,26,43,58,63
15,13,15,0.33953488372093,0.327120930232558,4,0.21742821145936,0.471327026922378,0,25,43,57,65
15,14,14,0.339183720930233,0.3429,4,0.210789885773789,0.479473679266212,0,51,-35,-240,-575
15,15,13,0.338832558139535,0.358679069767442,4,0.204532341681793,0.487153030756078,0,-272,-487,-667,-964
15,16,12,0.338481395348837,0.374458139534884,4,0.19862372957685,0.494404167704385,0,-235,-421,-578,-840
15,17,11,0.33813023255814,0.390237209302326,4,0.193035655489586,0.501261935614067,0,-201,-361,-496,-727
15,18,10,0.337779069767442,0.406016279069767,4,0.187742724799761,0.507757499142041,0,-169,-305,-420,-622
15,19,9,0.337427906976744,0.421795348837209,4,0.182722156386913,0.513918815619298,0,-140,-254,-350,-525
15,20,8,0.337076744186046,0.437574418604651,4,0.177953454851722,0.519771037305732,0,-113,-206,-285,-435
15,21,7,0.336725581395349,0.453353488372093,4,0.17341813086127,0.525336854586612,0,-88,-162,-225,-352
15,22,6,0.336374418604651,0.469132558139535,4,0.169099461572051,0.530636789985041,0,-64,-120,-168,-274
15,23,5,0.336023255813953,0.484911627906977,4,0.164982284586163,0.53568945102199,0,-42,-82,-115,-201
15,24,4,0.335672093023256,0.500690697674419,4,0.161052820089677,0.540511748490747,0,-21,-45,-66,-133
15,25,3,0.335320930232558,0.51646976744186,4,0.157298516776268,0.545119085541732,0,-2,-11,-20,-69
15,26,2,0.33496976744186,0.532248837209302,4,0.153707917926116,0.549525522032478,0,16,21,24,-8
15,27,1,0.334618604651163,0.548027906976744,4,0.150270544629681,0.553743917837147,0,33,51,65,49
15,28,0,0.334267441860465,0.563806976744186,4,0.146976793649122,0.557786058192523,0,50,79,104,102
16,0,27,0.3569,0.128232558139535,4,0.373229665857221,0.301724399998541,0,62,92,124,61
16,1,26,0.356548837209302,0.144011627906977,4,0.355213070847534,0.322812238628228,0,56,86,115,66
16,2,25,0.356197674418605,0.159790697674419,4,0.338825012858162,0.341993927629287,0,52,80,108,69
16,3,24,0.355846511627907,0.17556976744186,4,0.323854232366375,0.359516739403739,0,48,75,102,72
16,4,23,0.355495348837209,0.191348837209302,4,0.310124495722837,0.375586949707704,0,46,72,97,75
16,5,22,0.355144186046512,0.207127906976744,4,0.297487625136606,0.390377995827319,0,43,68,93,77
16,6,21,0.354793023255814,0.222906976744186,4,0.285818129361082,0.404036761186242,0,41,66,89,79
16,7,20,0.354441860465116,0.238686046511628,4,0.275009022013713,0.416688469866474,0,39,63,86,80
16,8,19,0.354090697674419,0.25446511627907,4,0.264968531952272,0.428440537005954,0,37,61,83,82
16,9,18,0.353739534883721,0.270244186046512,4,0.255617491316016,0.439385626011451,0,36,59,81,83
16,10,17,0.353388372093023,0.286023255813953,4,0.246887243771847,0.449604096888422,0,35,58,79,84
16,11,16,0.353037209302326,0.301802325581395,4,0.238717955975733,0.45916598262051,0,34,56,77,85
16,12,15,0.352686046511628,0.317581395348837,4,0.231057244392304,0.468132596432557,0,33,55,75,86
16,13,14,0.35233488372093,0.333360465116279,4,0.223859050833133,0.476557847936488,0,32,54,74,81
16,14,13,0.351983720930233,0.349139534883721,4,0.217082715696125,0.48448932787446,0,-284,-507,-694,-1000
16,15,12,0.351632558139535,0.364918604651163,4,0.210692209507778,0.491969207573672,0,-245,-439,-601,-871
16,16,11,0.351281395348837,0.380697674418605,4,0.204655492094633,0.499034989015337,0,-210,-376,-516,-754
16,17,10,0.35093023255814,0.396476744186046,4,0.198943975319873,0.505720133684023,0,-177,-319,-438,-646
16,18,9,0.350579069767442,0.412255813953488,4,0.193532070370397,0.512054592453419,0,-147,-266,-366,-546
16,19,8,0.350227906976744,0.42803488372093,4,0.188396804467541,0.518065254213965,0,-119,-216,-299,-453
16,20,7,0.349876744186047,0.443813953488372,4,0.1835174948905,0.523776327417841,0,-93,-171,-236,-367
16,21,6,0.349525581395349,0.459593023255814,4,0.178875470557361,0.529209665959318,0,-69,-128,-178,-287
16,22,5,0.349174418604651,0.475372093023256,4,0.174453833261199,0.534385048640138,0,-46,-88,-124,-212
16,23,4,0.348823255813954,0.491151162790698,4,0.170237252124646,0.539320419753759,0,-25,-51,-74,-142
16,24,3,0.348472093023256,0.50693023255814,4,0.166211786003282,0.544032096956413,0,-5,-16,-26,-77
16,25,2,0.348120930232558,0.522709302325581,4,0.162364729502391,0.548534951499486,0,14,17,18,-15
16,26,1,0.347769767441861,0.538488372093023,4,0.158684479023578,0.552842565017596,0,31,47,60,43
16,27,0,0.347418604651163,0.554267441860465,4,0.155160415866059,0.556967366354732,0,48,77,100,98
17,0,26,0.3697,0.134472093023256,4,0.381698194526314,0.312381522917475,0,75,118,161,116
17,1,25,0.369348837209302,0.150251162790698,4,0.36350403054148,0.332715362748733,0,69,108,148,115
17,2,24,0.368997674418605,0.16603023255814,4,0.346935406460557,0.351232495416475,0,64,101,138,114
17,3,23,0.368646511627907,0.181809302325581,4,0.331783789440636,0.368165977709173,0,59,95,130,113
17,4,22,0.368295348837209,0.197588372093023,4,0.317874852846867,0.383710637477908,0,55,90,123,112
17,5,21,0.367944186046512,0.213367441860465,4,0.305061738868879,0.398030603351869,0,52,85,117,111
17,6,20,0.367593023255814,0.229146511627907,4,0.293219853209205,0.411265122206629,0,50,81,112,111
17,7,19,0.367241860465116,0.244925581395349,4,0.282242800229492,0.423533102054167,0,47,78,107,110
17,8,18,0.366890697674419,0.260704651162791,4,0.272039177310957,0.434936694673041,0,45,75,104,110
17,9,17,0.366539534883721,0.276483720930233,4,0.262530023752494,0.445564146725787,0,43,72,100,110
17,10,16,0.366188372093023,0.292262790697674,4,0.253646773418,0.455492087885004,0,42,70,97,109
17,11,15,0.365837209302326,0.308041860465116,4,0.245329598779824,0.464787381534234,0,40,68,94,109
17,12,14,0.365486046511628,0.323820930232558,4,0.237526061759285,0.473508632591727,0,39,66,92,109
17,13,13,0.36513488372093,0.3396,4,0.230190007037298,0.48170742434905,0,38,-70,-264,-580
17,14,12,0.364783720930233,0.355379069767442,4,0.223280648474293,0.489429339490299,0,-256,-457,-626,-904
17,15,11,0.364432558139535,0.371158139534884,4,0.216761810438196,0.496714807985714,0,-219,-392,-538,-782
17,16,10,0.364081395348837,0.386937209302326,4,0.21060129423848,0.503599815166441,0,-185,-333,-457,-670
17,17,9,0.36373023255814,0.402716279069767,4,0.204770346241565,0.51011649616,0,-154,-278,-382,-567
17,18,8,0.363379069767442,0.418495348837209,4,0.199243209124845,0.516293637409824,0,-125,-227,-313,-471
17,19,7,0.363027906976744,0.434274418604651,4,0.193996741493023,0.522157101792925,0,-98,-180,-249,-383
17,20,6,0.362676744186047,0.450053488372093,4,0.189010094007528,0.527730190578401,0,-73,-136,-189,-300
17,21,5,0.362325581395349,0.465832558139535,4,0.184264432470279,0.533033952909675,0,-50,-95,-134,-224
17,22,4,0.361974418604651,0.481611627906977,4,0.179742700107223,0.538087451476954,0,-28,-57,-82,-152
17,23,3,0.361623255813953,0.497390697674419,4,0.175429412726975,0.542907991448411,0,-8,-21,-33,-85
17,24,2,0.361272093023256,0.51316976744186,4,0.171310481569845,0.547511318454526,0,11,12,13,-22
17,25,1,0.360920930232558,0.528948837209302,4,0.167373059576423,0.551911790398664,0,29,44,56,38
17,26,0,0.36056976744186,0.544727906976744,4,0.163605407541498,0.556122527043775,0,46,74,96,93
18,0,25,0.3825,0.140711627906977,4,0.389954016366333,0.322770967363356,0,88,141,195,167
18,1,24,0.382148837209302,0.156490697674419,4,0.371596364631364,0.342381238820382,0,81,130,180,160
18,2,23,0.381797674418605,0.17226976744186,4,0.354860080645597,0.36025950979322,0,74,120,167,155
18,3,22,0.381446511627907,0.188048837209302,4,0.339539447535771,0.376625534081876,0,69,113,157,151
18,4,21,0.381095348837209,0.203827906976744,4,0.325462137725235,0.391663397897726,0,65,106,148,147
18,5,20,0.380744186046512,0.219606976744186,4,0.312482702941025,0.405528474060615,0,61,101,140,144
18,6,19,0.380393023255814,0.235386046511628,4,0.300477530179742,0.41835281020862,0,58,96,134,141
18,7,18,0.380041860465116,0.25116511627907,4,0.289340892431577,0.430249347549726,0,55,92,128,139
18,8,17,0.379690697674419,0.266944186046512,4,0.278981826632344,0.441315255940242,0,53,88,123,137
18,9,16,0.379339534883721,0.282723255813953,4,0.269321643509919,0.451634593952002,0,50,85,118,135
18,10,15,0.378988372093023,0.298502325581395,4,0.260291924984687,0.461280448117709,0,48,82,114,133
18,11,14,0.378637209302326,0.314281395348837,4,0.251832901273905,0.47031666656355,0,47,79,111,132
18,12,13,0.378286046511628,0.330060465116279,4,0.243892126279994,0.478799274004737,0,45,77,107,119
18,13,12,0.37793488372093,0.345839534883721,4,0.236423389202723,0.486777634398591,0,-267,-477,-652,-939
18,14,11,0.377583720930233,0.361618604651163,4,0.229385814645931,0.494295412241323,0,-229,-409,-561,-812
18,15,10,0.377232558139535,0.377397674418605,4,0.222743114201676,0.501391372051445,0,-194,-347,-476,-696
18,16,9,0.376881395348837,0.393176744186047,4,0.216462960576009,0.508100046950019,0,-161,-291,-399,-589
18,17,8,0.37653023255814,0.408955813953488,4,0.21051646146985,0.514452300679106,0,-131,-238,-328,-491
18,18,7,0.376179069767442,0.42473488372093,4,0.204877715145539,0.520475802360773,0,-104,-189,-262,-399
18,19,6,0.375827906976744,0.440513953488372,4,0.199523433255963,0.526195429403921,0,-78,-144,-200,-315
18,20,5,0.375476744186047,0.456293023255814,4,0.19443261935198,0.531633610933651,0,-54,-102,-143,-236
18,21,4,0.375125581395349,0.472072093023256,4,0.189586293709253,0.536810621740648,0,-32,-63,-90,-162
18,22,3,0.374774418604651,0.487851162790698,4,0.184967256871294,0.541744834872594,0,-11,-27,-40,-93
18,23,2,0.374423255813954,0.50363023255814,4,0.180559885699162,0.546452939500853,0,8,8,7,-29
18,24,1,0.374072093023256,0.519409302325581,4,0.176349956830983,0.550950129507051,0,27,40,51,32
18,25,0,0.373720930232558,0.535188372093023,4,0.17232449334776,0.5552502672799,0,44,70,92,89
19,0,24,0.3953,0.146951162790698,4,0.398005045922578,0.332902693305079,0,100,162,226,213
19,1,23,0.394948837209302,0.16273023255814,4,0.379497126308356,0.351818291516576,0,91,149,208,202
19,2,22,0.394597674418605,0.178509302325581,4,0.362605342368709,0.369082155026782,0,84,138,194,193
19,3,21,0.394246511627907,0.194288372093023,4,0.347126865136813,0.384901580567153,0,79,130,181,186
19,4,20,0.393895348837209,0.210067441860465,4,0.332891443486088,0.399450569428626,0,74,122,171,180
19,5,19,0.393544186046512,0.225846511627907,4,0.319755115923134,0.412876254180602,0,69,116,162,175
19,6,18,0.393193023255814,0.241625581395349,4,0.30759532475046,0.425303892129778,0,66,110,154,170
19,7,17,0.392841860465116,0.257404651162791,4,0.296307080799381,0.436840785067647,0,63,105,147,166
19,8,16,0.392490697674419,0.273183720930233,4,0.285799924304195,0.447579385339907,0,60,101,141,162
19,9,15,0.392139534883721,0.288962790697674,4,0.275995495554479,0.457599778706019,0,57,97,136,159
19,10,14,0.391788372093023,0.304741860465116,4,0.266825577205577,0.466971685151236,0,55,93,131,156
19,11,13,0.391437209302326,0.320520930232558,4,0.258230504761335,0.475756083416563,0,53,90,127,154
19,12,12,0.391086046511628,0.3363,4,0.250157866903882,0.484006539297145,0,51,-70,-253,-549
19,13,11,0.39073488372093,0.352079069767442,4,0.242561435826955,0.491770298870753,0,-239,-427,-585,-844
19,14,10,0.390383720930233,0.367858139534884,4,0.235400281445426,0.499089193799787,0,-203,-363,-497,-723
19,15,9,0.390032558139535,0.383637209302326,4,0.22863803363166,0.506000395345825,0,-169,-304,-417,-613
19,16,8,0.389681395348837,0.399416279069767,4,0.222242264400692,0.512537045793209,0,-138,-250,-343,-511
19,17,7,0.38933023255814,0.415195348837209,4,0.216183967892396,0.518728789921436,0,-110,-199,-275,-417
19,18,6,0.388979069767442,0.430974418604651,4,0.210437120553983,0.524602224510632,0,-83,-153,-212,-329
19,19,5,0.388627906976744,0.446753488372093,4,0.204978307453969,0.530181280258863,0,-59,-110,-153,-248
19,20,4,0.388276744186047,0.462532558139535,4,0.199786403410366,0.53548754767781,0,-36,-70,-98,-173
19,21,3,0.387925581395349,0.478311627906977,4,0.194842299776433,0.540540556325179,0,-14,-32,-47,-102
19,22,2,0.387574418604651,0.494090697674419,4,0.19012866943472,0.545358014987191,0,6,3,1,-36
19,23,1,0.387223255813954,0.50986976744186,4,0.185629763907516,0.549956019037235,0,24,36,45,26
19,24,0,0.386872093023256,0.525648837209302,4,0.181331237577113,0.554349230087545,0,42,67,88,84
20,0,23,0.4081,0.153190697674419,4,0.405858809897438,0.342786172635065,0,110,181,255,255
20,1,22,0.407748837209302,0.16896976744186,4,0.387213038725279,0.361034551296916,0,101,167,235,241
20,2,21,0.407397674418605,0.184748837209302,4,0.370177216206307,0.377707293725851,0,94,155,218,229
20,3,20,0.407046511627907,0.200527906976744,4,0.354551457868275,0.393000024307933,0,87,145,204,219
20,4,19,0.406695348837209,0.216306976744186,4,0.340167653349128,0.407077270512443,0,82,137,193,211
20,5,18,0.406344186046512,0.232086046511628,4,0.326883394103572,0.42007840576809,0,77,130,182,204
20,6,17,0.405993023255814,0.24786511627907,4,0.314577242401445,0.432122279634026,0,73,123,174,197
20,7,16,0.405641860465116,0.263644186046512,4,0.303145008237919,0.443310861540387,0,70,118,166,192
20,8,15,0.405290697674419,0.279423255813953,4,0.292496792227834,0.453732134869931,0,66,113,159,187
20,9,14,0.404939534883721,0.295202325581395,4,0.282554616721488,0.463462415354832,0,64,108,153,182
20,10,13,0.404588372093023,0.310981395348837,4,0.273250513013219,0.472568223101262,0,61,104,147,178
20,11,12,0.404237209302326,0.326760465116279,4,0.264524965378704,0.48110780539027,0,59,101,142,158
20,12,11,0.403886046511628,0.342539534883721,4,0.25632563662246,0.489132383968191,0,-250,-446,-610,-877
20,13,10,0.40353488372093,0.358318604651163,4,0.24860631745445,0.496687183278388,0,-212,-379,-519,-752
20,14,9,0.403183720930233,0.374097674418605,4,0.241326055137691,0.503812283242727,0,-177,-318,-436,-637
20,15,8,0.402832558139535,0.389876744186047,4,0.234448426705936,0.510543330554172,0,-145,-262,-360,-532
20,16,7,0.402481395348837,0.405655813953488,4,0.227940929520423,0.516912135131131,0,-116,-210,-289,-435
20,17,6,0.40213023255814,0.42143488372093,4,0.221774467643034,0.522947172797499,0,-89,-162,-224,-345
20,18,5,0.401779069767442,0.437213953488372,4,0.215922916899704,0.52867401094956,0,-63,-118,-164,-261
20,19,4,0.401427906976744,0.452993023255814,4,0.210362754919237,0.53411567063228,0,-40,-76,-107,-184
20,20,3,0.401076744186046,0.468772093023256,4,0.205072745098156,0.539292935838889,0,-18,-38,-55,-111
20,21,2,0.400725581395349,0.484551162790698,4,0.200033665538678,0.544224618795819,0,3,-2,-6,-44
20,22,1,0.400374418604651,0.50033023255814,4,0.195228075666316,0.548927788371092,0,22,32,40,20
20,23,0,0.400023255813953,0.516109302325581,4,0.190640114554748,0.553417967451201,0,40,64,83,79
21,0,22,0.4209,0.15943023255814,4,0.413522470620088,0.352430418704439,0,120,199,281,294
21,1,21,0.420548837209302,0.175209302325581,4,0.394750514077651,0.370037677198528,0,111,184,259,277
21,2,20,0.420197674418605,0.190988372093023,4,0.377581459984432,0.386141484643154,0,103,171,241,263
21,3,19,0.419846511627907,0.206767441860465,4,0.361818411385213,0.40092652160581,0,96,160,226,251
21,4,18,0.419495348837209,0.222546511627907,4,0.347295451329291,0.414548410790663,0,90,151,213,240
21,5,17,0.419144186046512,0.238325581395349,4,0.333871780432141,0.427139215744391,0,85,143,202,231
21,6,16,0.418793023255814,0.254104651162791,4,0.321427137131429,0.438811736451916,0,80,136,192,223
21,7,15,0.418441860465116,0.269883720930233,4,0.309858184730103,0.449662898128934,0,76,130,183,216
21,8,14,0.418090697674419,0.285662790697674,4,0.299075635214863,0.45977644895199,0,73,124,176,210
21,9,13,0.417739534883721,0.301441860465116,4,0.289001940323001,0.469225125734861,0,70,119,169,204
21,10,12,0.417388372093023,0.317220930232558,4,0.279569423491358,0.47807240607717,0,67,115,162,199
21,11,11,0.417037209302326,0.333,4,0.270718757501053,0.48637393626577,0,64,-70,-241,-517
21,12,10,0.416686046511628,0.348779069767442,4,0.262397715415454,0.494178702839255,0,-222,-396,-542,-782
21,13,9,0.41633488372093,0.364558139534884,4,0.254560139235683,0.501529999943123,0,-186,-333,-456,-663
21,14,8,0.415983720930233,0.380337209302326,4,0.247165083249447,0.508466232830385,0,-153,-275,-377,-554
21,15,7,0.415632558139535,0.396116279069767,4,0.240176098499051,0.515021588998682,0,-122,-221,-304,-454
21,16,6,0.415281395348837,0.411895348837209,4,0.233560631971743,0.521226601722953,0,-94,-172,-237,-361
21,17,5,0.41493023255814,0.427674418604651,4,0.227289519611715,0.527108625587587,0,-68,-126,-175,-275
21,18,4,0.414579069767442,0.443453488372093,4,0.221336556494403,0.532692239643764,0,-44,-83,-117,-195
21,19,3,0.414227906976744,0.459232558139535,4,0.215678130800835,0.537999590725203,0,-21,-44,-63,-121
21,20,2,0.413876744186047,0.475011627906977,4,0.21029291081041,0.543050687034988,0,0,-7,-13,-52
21,21,1,0.413525581395349,0.490790697674419,4,0.205161576163708,0.547863650209066,0,19,28,34,13
21,22,0,0.413174418604651,0.50656976744186,4,0.20026658625869,0.552454932550295,0,38,60,79,74
22,0,21,0.4337,0.16566976744186,4,0.421002847832295,0.361844013739126,0,129,216,305,330
22,1,20,0.433348837209302,0.181448837209302,4,0.402115671376071,0.37883497806426,0,119,199,282,311
22,2,19,0.432997674418605,0.197227906976744,4,0.384823579380753,0.394390999308641,0,111,186,263,294
22,3,18,0.432646511627907,0.213006976744186,4,0.368932693451791,0.408686491095863,0,103,174,247,280
22,4,17,0.432295348837209,0.228786046511628,4,0.354279332292085,0.421868701644112,0,97,164,233,268
22,5,16,0.431944186046512,0.24456511627907,4,0.340724352941824,0.434062804404894,0,92,156,220,257
22,6,15,0.431593023255814,0.260344186046512,4,0.328148718551715,0.445375885308411,0,87,148,210,248
22,7,14,0.431241860465116,0.276123255813954,4,0.316449993344505,0.455900095907383,0,83,141,200,240
22,8,13,0.430890697674419,0.291902325581395,4,0.305539546101045,0.465715169129924,0,79,135,192,232
22,9,12,0.430539534883721,0.307681395348837,4,0.295340300521821,0.4748904430615,0,76,130,184,226
22,10,11,0.430188372093023,0.323460465116279,4,0.285784911633181,0.483486501455722,0,73,125,177,198
22,11,10,0.429837209302326,0.339239534883721,4,0.276814276985011,0.49155651306567,0,-233,-414,-567,-814
22,12,9,0.429486046511628,0.355018604651163,4,0.268376313060891,0.499147332389235,0,-195,-348,-477,-690
22,13,8,0.42913488372093,0.370797674418605,4,0.260424943371462,0.506300409983558,0,-161,-288,-395,-577
22,14,7,0.428783720930233,0.386576744186047,4,0.252919256703231,0.513052549707097,0,-129,-233,-320,-474
22,15,6,0.428432558139535,0.402355813953488,4,0.245822803051936,0.519436542100221,0,-100,-182,-250,-378
22,16,5,0.428081395348837,0.41813488372093,4,0.239103001663297,0.525481696913646,0,-73,-134,-186,-289
22,17,4,0.42773023255814,0.433913953488372,4,0.232730640893751,0.531214293035315,0,-48,-91,-126,-207
22,18,3,0.427379069767442,0.449693023255814,4,0.226679453693796,0.536657960386941,0,-25,-50,-71,-131
22,19,2,0.427027906976744,0.465472093023256,4,0.220925755701752,0.541834005496013,0,-3,-12,-20,-60
22,20,1,0.426676744186047,0.481251162790698,4,0.215448135433198,0.546761690202371,0,17,24,29,6
22,21,0,0.426325581395349,0.497030232558139,4,0.210227188022142,0.551458471185504,0,36,57,74,69
23,0,20,0.4465,0.171909302325581,4,0.428306438929608,0.371035134312143,0,138,231,328,364
23,1,19,0.446148837209302,0.187688372093023,4,0.409314353013467,0.387433432331405,0,127,214,304,342
23,2,18,0.445797674418605,0.203467441860465,4,0.391908841577792,0.402461837581893,0,118,200,284,324
23,3,17,0.445446511627907,0.219246511627907,4,0.375899065266496,0.41628512609973,0,111,187,266,308
23,4,16,0.445095348837209,0.235025581395349,4,0.361123611405929,0.429042666100616,0,104,177,251,294
23,5,15,0.444744186046512,0.250804651162791,4,0.347445032684251,0.44085313343677,0,99,168,238,282
23,6,14,0.444393023255814,0.266583720930233,4,0.334745558585159,0.451818214464959,0,93,159,226,271
23,7,13,0.444041860465116,0.282362790697674,4,0.3229236959202,0.462025541241952,0,89,152,216,262
23,8,12,0.443690697674419,0.298141860465116,4,0.31189151059449,0.471551038524005,0,85,146,207,254
23,9,11,0.443339534883721,0.313920930232558,4,0.301572436485589,0.480460815642105,0,81,140,199,246
23,10,10,0.442988372093023,0.3297,4,0.291899495916533,0.488812702995309,0,78,-71,-230,-485
23,11,9,0.442637209302326,0.345479069767442,4,0.282813844258775,0.496657508681265,0,-205,-365,-499,-719
23,12,8,0.442286046511628,0.361258139534884,4,0.274263571816394,0.504040052982883,0,-169,-302,-414,-602
23,13,7,0.44193488372093,0.377037209302326,4,0.266202711448431,0.511000025214957,0,-136,-245,-336,-494
23,14,6,0.441583720930233,0.392816279069767,4,0.258590411859034,0.517572697528573,0,-106,-192,-264,-396
23,15,5,0.441232558139535,0.408595348837209,4,0.251390245162795,0.523789522778556,0,-78,-143,-198,-304
23,16,4,0.440881395348837,0.424374418604651,4,0.244569623951901,0.529678637843988,0,-53,-98,-137,-220
23,17,3,0.44053023255814,0.440153488372093,4,0.23809930818116,0.535265289397474,0,-29,-56,-80,-142
23,18,2,0.440179069767442,0.455932558139535,4,0.231952986129536,0.540572195714659,0,-7,-17,-27,-69
23,19,1,0.439827906976744,0.471711627906977,4,0.22610691677277,0.545619855459713,0,14,19,23,-1
23,20,0,0.439476744186046,0.487490697674419,4,0.220539623317506,0.550426812296535,0,33,53,69,63
24,0,19,0.4593,0.178148837209302,4,0.435439437784208,0.380011575031005,0,146,245,349,395
24,1,18,0.458948837209302,0.193927906976744,4,0.41635214022148,0.395839706493556,0,135,228,324,371
24,2,17,0.458597674418605,0.209706976744186,4,0.398842288038493,0.41035974220481,0,126,213,303,351
24,3,16,0.458246511627907,0.225486046511628,4,0.382722092088243,0.423727406216131,0,118,200,284,334
24,4,15,0.457895348837209,0.24126511627907,4,0.367832433033275,0.436074648154393,0,111,189,269,319
24,5,14,0.457544186046512,0.257044186046512,4,0.354037591211322,0.447514013478132,0,105,179,255,306
24,6,13,0.457193023255814,0.272823255813954,4,0.341221097795609,0.458142083900681,0,100,170,242,294
24,7,12,0.456841860465116,0.288602325581395,4,0.329282438448748,0.468042210883442,0,95,163,232,283
24,8,11,0.456490697674419,0.304381395348837,4,0.318134411874105,0.477286706055771,0,91,156,222,274
24,9,10,0.456139534883721,0.320160465116279,4,0.307700996333755,0.485938610403852,0,87,150,213,239
24,10,9,0.455788372093023,0.335939534883721,4,0.297915613706407,0.494053133799739,0,-215,-382,-523,-750
24,11,8,0.455437209302326,0.351718604651163,4,0.288719707267307,0.501678834376631,0,-178,-317,-434,-628
24,12,7,0.455086046511628,0.367497674418605,4,0.280061568978509,0.508858590997791,0,-144,-258,-353,-516
24,13,6,0.45473488372093,0.383276744186046,4,0.271895366671348,0.515630409964973,0,-113,-203,-279,-414
24,14,5,0.454383720930233,0.399055813953488,4,0.264180332468214,0.522028098019239,0,-84,-153,-210,-320
24,15,4,0.454032558139535,0.41483488372093,4,0.256880082103103,0.528081826794032,0,-57,-106,-147,-233
24,16,3,0.453681395348837,0.430613953488372,4,0.249962041154436,0.533818608611308,0,-33,-63,-89,-153
24,17,2,0.45333023255814,0.446393023255814,4,0.243396959098792,0.539262699452228,0,-10,-23,-34,-78
24,18,1,0.452979069767442,0.462172093023256,4,0.237158495893458,0.544435941783355,0,11,14,16,-8
24,19,0,0.452627906976744,0.477951162790698,4,0.231222868765014,0.549358057457035,0,31,49,64,57
25,0,18,0.4721,0.184388372093023,4,0.442407752264037,0.38878077058446,0,153,258,368,424
25,1,17,0.471748837209302,0.200167441860465,4,0.42323436750193,0.40406017233825,0,142,240,343,399
25,2,16,0.471397674418605,0.215946511627907,4,0.405628746469276,0.418090212428748,0,132,225,321,377
25,3,15,0.471046511627907,0.231725581395349,4,0.389406153213202,0.431018108203195,0,124,212,302,359
25,4,14,0.470695348837209,0.247504651162791,4,0.374409779098989,0.442968821537548,0,117,200,285,342
25,5,13,0.470344186046512,0.263283720930233,4,0.360505657632992,0.454049111248957,0,111,190,271,328
25,6,12,0.469993023255814,0.279062790697674,4,0.347578651371374,0.464350731155703,0,105,181,258,315
25,7,11,0.469641860465116,0.294841860465116,4,0.335529256171983,0.473952976790785,0,101,173,246,304
25,8,10,0.469290697674419,0.310620930232558,4,0.324271034953202,0.482924730457084,0,96,165,236,294
25,9,9,0.468939534883721,0.3264,4,0.313728540889388,0.491326116247157,0,92,-71,-217,-452
25,10,8,0.468588372093023,0.342179069767442,4,0.303835624494375,0.499209849139995,0,-187,-333,-455,-655
25,11,7,0.468237209302326,0.357958139534884,4,0.294534044280605,0.506622342176289,0,-152,-271,-371,-540
25,12,6,0.467886046511628,0.373737209302326,4,0.285772319326502,0.513604620855353,0,-119,-214,-294,-434
25,13,5,0.46753488372093,0.389516279069767,4,0.277504775997438,0.520193082809722,0,-90,-162,-224,-337
25,14,4,0.467183720930233,0.405295348837209,4,0.269690751544027,0.526420132463134,0,-62,-114,-158,-247
25,15,3,0.466832558139535,0.421074418604651,4,0.262293925262342,0.532314714033531,0,-37,-70,-98,-164
25,16,2,0.466481395348837,0.436853488372093,4,0.255281753998581,0.537902761383269,0,-14,-29,-42,-87
25,17,1,0.46613023255814,0.452632558139535,4,0.248624993487791,0.543207579467562,0,8,9,10,-15
25,18,0,0.465779069767442,0.468411627906977,4,0.2422972906763,0.548250169215536,0,29,45,58,51
26,0,17,0.4849,0.190627906976744,4,0.449217020552335,0.397349816279639,0,160,271,387,451
26,1,16,0.484548837209302,0.206406976744186,4,0.429966136111782,0.412100923054065,0,149,252,360,425
26,2,15,0.484197674418605,0.222186046511628,4,0.412272842030227,0.425658516784072,0,139,237,338,402
26,3,14,0.483846511627907,0.23796511627907,4,0.395955451348183,0.438161816202555,0,131,223,318,382
26,4,13,0.483495348837209,0.253744186046512,4,0.380859476971524,0.449729197980869,0,123,211,301,365
26,5,12,0.483144186046512,0.269523255813953,4,0.366852725278955,0.460461956281818,0,117,200,286,350
26,6,11,0.482793023255814,0.285302325581395,4,0.353821414784585,0.470447276857958,0,111,191,272,336
26,7,10,0.482441860465116,0.301081395348837,4,0.341667078412965,0.47976061070211,0,106,182,260,324
26,8,9,0.482090697674419,0.316860465116279,4,0.330304070822123,0.488467584076176,0,101,175,250,280
26,9,8,0.481739534883721,0.332639534883721,4,0.319657547246968,0.496625547234623,0,-197,-350,-478,-684
26,10,7,0.481388372093023,0.348418604651163,4,0.309661812983994,0.50428483914182,0,-160,-285,-390,-564
26,11,6,0.481037209302326,0.364197674418605,4,0.300258966572409,0.511489827142716,0,-127,-227,-311,-454
26,12,5,0.480686046511628,0.379976744186046,4,0.291397777456658,0.518279766960727,0,-96,-173,-237,-354
26,13,4,0.48033488372093,0.395755813953488,4,0.283032752177792,0.524689518234252,0,-68,-123,-170,-261
26,14,3,0.479983720930233,0.41153488372093,4,0.275123353152929,0.530750143131647,0,-42,-77,-108,-176
26,15,2,0.479632558139535,0.427313953488372,4,0.26763334172491,0.536489409743399,0,-17,-35,-50,-97
26,16,1,0.479281395348837,0.443093023255814,4,0.260530223015267,0.541932217466906,0,5,4,3,-23
26,17,0,0.47893023255814,0.458872093023256,4,0.253784774638775,0.547100958131797,0,26,41,53,45
27,0,16,0.4977,0.196867441860465,4,0.455872626362355,0.405725487188827,0,166,283,404,477
27,1,15,0.497348837209302,0.212646511627907,4,0.436552326673253,0.419967788292739,0,155,264,377,449
27,2,14,0.496997674418605,0.228425581395349,4,0.418779007847122,0.433069705054432,0,145,248,354,425
27,3,13,0.496646511627907,0.244204651162791,4,0.402374021422717,0.445162931351214,0,136,233,334,404
27,4,12,0.496295348837209,0.259983720930233,4,0.387185206889639,0.45635963499829,0,129,221,316,386
27,5,11,0.495944186046512,0.275762790697674,4,0.373082157989944,0.46675594727837,0,122,210,300,370
27,6,10,0.495593023255814,0.291541860465116,4,0.35995246914675,0.476434729953305,0,116,200,286,356
27,7,9,0.495241860465116,0.307320930232558,4,0.347698733156235,0.485467788468603,0,111,192,274,343
27,8,8,0.494890697674419,0.3231,4,0.336236120382842,0.49391765649256,0,89,-71,-205,-418
27,9,7,0.494539534883721,0.338879069767442,4,0.32549041216663,0.501839045624862,0,-169,-300,-411,-590
27,10,6,0.494188372093023,0.354658139534884,4,0.315396392030676,0.509280031346543,0,-134,-239,-328,-476
27,11,5,0.493837209302326,0.370437209302326,4,0.305896520976276,0.516283029549589,0,-102,-184,-252,-372
27,12,4,0.493486046511628,0.386216279069767,4,0.296939840012762,0.522885605556523,0,-73,-132,-182,-277
27,13,3,0.49313488372093,0.401995348837209,4,0.288481055710496,0.529121148221209,0,-46,-85,-118,-188
27,14,2,0.492783720930233,0.417774418604651,4,0.280479774130504,0.535019434651192,0,-21,-42,-59,-107
27,15,1,0.492432558139535,0.433553488372093,4,0.272899855782429,0.540607105711866,0,2,-1,-4,-32
27,16,0,0.492081395348837,0.449332558139535,4,0.26570886987555,0.545908068335004,0,23,37,47,38
28,0,15,0.5105,0.203106976744186,4,0.46237971313353,0.413914256014475,0,172,293,420,501
28,1,14,0.510148837209302,0.218886046511628,4,0.442997610974573,0.427666348264574,0,161,274,393,472
28,2,13,0.509797674418605,0.23466511627907,4,0.425151494875502,0.440328619512947,0,151,258,369,447
28,3,12,0.509446511627907,0.250444186046512,4,0.40866573887867,0.452025680823518,0,142,244,349,426
28,4,11,0.509095348837209,0.266223255813954,4,0.393390508964953,0.462863843226754,0,134,231,330,406
28,5,10,0.508744186046512,0.282002325581395,4,0.379197196062423,0.472934358115662,0,128,220,314,390
28,6,9,0.508393023255814,0.297781395348837,4,0.365974786279356,0.482315992657368,0,122,210,300,374
28,7,8,0.508041860465116,0.313560465116279,4,0.353626951392441,0.49107709416541,0,116,200,287,322
28,8,7,0.507690697674419,0.329339534883721,4,0.342069698187621,0.499277257951925,0,-178,-316,-432,-617
28,9,6,0.507339534883721,0.345118604651163,4,0.331229455304612,0.506968684759916,0,-142,-253,-346,-499
28,10,5,0.506988372093023,0.360897674418605,4,0.321041505443959,0.514197293152033,0,-109,-195,-267,-391
28,11,4,0.506637209302326,0.376676744186047,4,0.311448692325508,0.521003636956279,0,-79,-142,-195,-292
28,12,3,0.506286046511628,0.392455813953488,4,0.302400347818115,0.527423666494656,0,-51,-93,-129,-202
28,13,2,0.50593488372093,0.40823488372093,4,0.293851396709921,0.533489363771313,0,-25,-48,-68,-118
28,14,1,0.505583720930233,0.424013953488372,4,0.285761605725721,0.539229275313742,0,-2,-7,-11,-40
28,15,0,0.505232558139535,0.439793023255814,4,0.278094950384533,0.544668961403365,0,20,32,41,32
29,0,14,0.5233,0.209346511627907,4,0.468743197287768,0.421922309771429,0,178,304,435,523
29,1,13,0.522948837209302,0.225125581395349,4,0.449306463021352,0.435201946938727,0,166,284,407,494
29,2,12,0.522597674418605,0.240904651162791,4,0.431394381162911,0.447439905472842,0,156,268,384,468
29,3,11,0.522246511627907,0.256683720930233,4,0.414834327473173,0.458754126342273,0,147,253,363,446
29,4,10,0.521895348837209,0.272462790697674,4,0.399478789788338,0.469245393350832,0,140,240,344,426
29,5,9,0.521544186046512,0.288241860465116,4,0.385200961868774,0.479000343524562,0,133,229,328,408
29,6,8,0.521193023255814,0.304020930232558,4,0.371891233517056,0.488093865146221,0,126,218,313,392
29,7,7,0.520841860465116,0.3198,4,0.359454371241339,0.496591023992835,0,74,-71,-193,-384
29,8,6,0.520490697674419,0.335579069767442,4,0.347807235993016,0.504548622631379,0,-150,-267,-365,-523
29,9,5,0.520139534883721,0.351358139534884,4,0.336876922289064,0.51201647181446,0,-116,-207,-283,-411
29,10,4,0.519788372093023,0.367137209302326,4,0.326599230659638,0.5190384341403,0,-85,-152,-209,-309
29,11,3,0.519437209302326,0.382916279069767,4,0.316917405783057,0.525653286188799,0,-56,-102,-140,-215
29,12,2,0.519086046511628,0.398695348837209,4,0.307781087914111,0.531895434930541,0,-30,-55,-77,-129
29,13,1,0.51873488372093,0.414474418604651,4,0.299145436696332,0.537795516359013,0,-5,-13,-19,-49
29,14,0,0.518383720930233,0.430253488372093,4,0.29097039517697,0.543380898332995,0,17,27,35,25
30,0,13,0.5361,0.215586046511628,4,0.474967780617685,0.429755565376758,0,183,313,449,544
30,1,12,0.535748837209302,0.23136511627907,4,0.455483169393505,0.442579704414018,0,172,294,422,514
30,2,11,0.535397674418605,0.247144186046512,4,0.437511580551705,0.454408021200843,0,161,277,397,488
30,3,10,0.535046511627907,0.262923255813953,4,0.420883366627884,0.465352172195026,0,152,262,376,465
30,4,9,0.534695348837209,0.278702325581395,4,0.405453328666038,0.475507722639232,0,145,249,357,444
30,5,8,0.534344186046512,0.294481395348837,4,0.391096465173439,0.484956944460993,0,138,237,340,426
30,6,7,0.533993023255814,0.310260465116279,4,0.377704578259743,0.493771050001851,0,131,227,325,366
30,7,6,0.533641860465116,0.326039534883721,4,0.365183541866261,0.502011989980234,0,-159,-282,-385,-549
30,8,5,0.533290697674419,0.341818604651163,4,0.353451086139782,0.509733911744737,0,-124,-220,-300,-433
30,9,4,0.532939534883721,0.357597674418605,4,0.342434987649783,0.516984350414438,0,-91,-163,-223,-327
30,10,3,0.532588372093023,0.373376744186047,4,0.332071581288756,0.523805208297838,0,-61,-111,-152,-230
30,11,2,0.532237209302326,0.389155813953488,4,0.322304529067147,0.530233565232087,0,-34,-63,-87,-141
30,12,1,0.531886046511628,0.40493488372093,4,0.313083795510126,0.536302352943592,0,-9,-19,-27,-59
30,13,0,0.53153488372093,0.420713953488372,4,0.304364790309758,0.542040919326552,0,14,22,28,17
31,0,12,0.5489,0.221825581395349,4,0.481057961872365,0.437419684229728,0,188,322,463,564
31,1,11,0.548548837209302,0.237604651162791,4,0.461531838958112,0.449804528520443,0,176,303,435,534
31,2,10,0.548197674418605,0.253383720930233,4,0.443506850861473,0.461237247237783,0,166,286,410,507
31,3,9,0.547846511627907,0.269162790697674,4,0.426816298355054,0.471823572788726,0,157,271,389,483
31,4,8,0.547495348837209,0.284941860465116,4,0.411317283509518,0.481654141118363,0,149,258,370,462
31,5,7,0.547144186046512,0.300720930232558,4,0.39688660816405,0.490807093189202,0,142,246,352,443
31,6,6,0.546793023255814,0.3165,4,0.383417492288713,0.499350156427214,0,58,-71,-180,-349
31,7,5,0.546441860465116,0.332279069767442,4,0.370816927192242,0.507342323504115,0,-132,-233,-318,-455
31,8,4,0.546090697674419,0.348058139534884,4,0.359003524768551,0.514835216496926,0,-98,-174,-238,-345
31,9,3,0.545739534883721,0.363837209302326,4,0.347905757609901,0.52187420313232,0,-67,-120,-165,-245
31,10,2,0.545388372093023,0.379616279069767,4,0.337460509550016,0.528499316134407,0,-39,-71,-98,-153
31,11,1,0.545037209302326,0.395395348837209,4,0.32761187457802,0.534746015038225,0,-13,-25,-36,-69
31,12,0,0.544686046511628,0.411174418604651,4,0.318310155849186,0.540645821087717,0,11,17,21,9
32,0,11,0.5617,0.22806511627907,4,0.48701804760066,0.44492008585742,0,193,331,475,583
32,1,10,0.561348837209302,0.243844186046512,4,0.467456411984453,0.456881125706617,0,181,312,447,552
32,2,9,0.560997674418605,0.259623255813954,4,0.449383801586999,0.467931695167376,0,171,294,423,525
32,3,8,0.560646511627907,0.275402325581395,4,0.432636433788561,0.478171939773523,0,162,279,401,501
32,4,7,0.560295348837209,0.291181395348837,4,0.41707369640126,0.487687837406227,0,154,266,382,479
32,5,6,0.559944186046512,0.306960465116279,4,0.402574190215201,0.496553618094905,0,147,254,364,410
32,6,5,0.559593023255814,0.322739534883721,4,0.389032555861033,0.504833704244719,0,-140,-247,-337,-479
32,7,4,0.559241860465116,0.338518604651163,4,0.376356909439207,0.512584278631259,0,-105,-186,-254,-365
32,8,3,0.558890697674419,0.354297674418605,4,0.364466754880513,0.51985456089599,0,-73,-130,-178,-261
32,9,2,0.558539534883721,0.370076744186047,4,0.353291272747064,0.526687853865695,0,-44,-79,-109,-166
32,10,1,0.558188372093023,0.385855813953488,4,0.342767908591797,0.533122406705667,0,-17,-32,-45,-79
32,11,0,0.557837209302326,0.40163488372093,4,0.332841201430883,0.539192131254909,0,8,11,14,1
33,0,10,0.5745,0.234304651162791,4,0.49285216230694,0.452261960695122,0,197,339,487,601
33,1,9,0.574148837209302,0.250083720930233,4,0.47326066870373,0.463814011263912,0,186,320,459,570
33,2,8,0.573797674418605,0.265862790697674,4,0.455145901144907,0.474495315870883,0,175,303,435,542
33,3,7,0.573446511627907,0.281641860465116,4,0.438346959345951,0.484400748764059,0,166,287,413,517
33,4,6,0.573095348837209,0.297420930232558,4,0.422725498857121,0.493611884228267,0,158,274,393,495
33,5,5,0.572744186046512,0.3132,4,0.408161912401307,0.50219924824491,0,42,-71,-167,-313
33,6,4,0.572393023255814,0.328979069767442,4,0.39455226159532,0.510224127690987,0,-112,-199,-271,-386
33,7,3,0.572041860465116,0.344758139534884,4,0.381805792480858,0.517740035296912,0,-79,-140,-192,-278
33,8,2,0.571690697674419,0.360537209302326,4,0.369842909251752,0.524793904430632,0,-49,-88,-120,-180
33,9,1,0.571339534883721,0.376316279069767,4,0.358593510531156,0.53142707010553,0,-21,-39,-54,-90
33,10,0,0.570988372093023,0.392095348837209,4,0.347995614709574,0.537676079544689,0,4,6,6,0
34,0,9,0.5873,0.240544186046512,4,0.498564257969627,0.459450282064823,0,202,347,499,618
34,1,8,0.586948837209302,0.256323255813953,4,0.478948237352528,0.470607518933967,0,190,327,471,586
34,2,7,0.586597674418605,0.272102325581395,4,0.460796483699569,0.480931907302516,0,180,310,446,558
34,3,6,0.586246511627907,0.287881395348837,4,0.443950942545577,0.490513345684578,0,171,295,424,533
34,4,5,0.585895348837209,0.303660465116279,4,0.428275516804376,0.499429243635195,0,162,281,404,455
34,5,4,0.585544186046512,0.319439534883721,4,0.413652381773824,0.507746617708667,0,-120,-212,-289,-408
34,6,3,0.585193023255814,0.335218604651163,4,0.399979018161212,0.51552377901991,0,-86,-152,-207,-296
34,7,2,0.584841860465116,0.350997674418605,4,0.387165805039212,0.522811702327472,0,-54,-97,-132,-195
34,8,1,0.584490697674419,0.366776744186046,4,0.375134053209329,0.529655144620744,0,-26,-46,-64,-102
34,9,0,0.584139534883721,0.382555813953488,4,0.3638143877452,0.536093565100006,0,1,0,0,0
35,0,8,0.6001,0.246783720930233,4,0.504158122968684,0.466489817409899,0,206,354,510,634
35,1,7,0.599748837209302,0.262562790697674,4,0.484522601735994,0.477265809942509,0,194,335,482,602
35,2,6,0.599397674418605,0.278341860465116,4,0.466338755596487,0.487245121817726,0,184,318,457,574
35,3,5,0.599046511627907,0.294120930232558,4,0.449451337501156,0.496512952762157,0,175,302,434,549
35,4,4,0.598695348837209,0.3099,4,0.433726475293214,0.505142771941441,0,26,-72,-153,-277
35,5,3,0.598344186046512,0.325679069767442,4,0.419048115417064,0.513198269656114,0,-93,-163,-222,-315
35,6,2,0.597993023255814,0.341458139534884,4,0.405315153784013,0.520734931925206,0,-60,-106,-145,-210
35,7,1,0.597641860465116,0.357237209302326,4,0.392439103724099,0.527801320316473,0,-31,-54,-75,-114
35,8,0,0.597290697674419,0.373016279069767,4,0.380342187276711,0.534440119447898,0,0,0,0,0
36,0,7,0.6129,0.253023255813954,4,0.509637390464422,0.473385138839336,0,4,361,520,649
36,1,6,0.612548837209302,0.268802325581395,4,0.489987108343859,0.483792881499078,0,198,342,492,617
36,2,5,0.612197674418605,0.284581395348837,4,0.471775801429243,0.493438473084075,0,188,325,467,589
36,3,4,0.611846511627907,0.300360465116279,4,0.454850990114416,0.502402674190637,0,179,309,445,501
36,4,3,0.611495348837209,0.316139534883721,4,0.439081002958177,0.510755224401497,0,-100,-176,-239,-335
36,5,2,0.611144186046512,0.331918604651163,4,0.424351544295867,0.518556660245221,0,-66,-116,-159,-226
36,6,1,0.610793023255814,0.347697674418605,4,0.410562919575213,0.525859784792941,0,-36,-63,-86,-126
36,7,0,0.610441860465116,0.363476744186047,4,0.397627775926319,0.532710864362105,0,0,0,0,0
37,0,6,0.6257,0.259262790697674,4,0.515005546266582,0.480140633030482,0,0,368,530,664
37,1,5,0.625348837209302,0.275041860465116,4,0.495344973049844,0.490192574799117,0,202,349,502,632
37,2,4,0.624997674418605,0.290820930232558,4,0.477110589764142,0.499515342602184,0,191,331,477,603
37,3,3,0.624646511627907,0.3066,4,0.460152642985018,0.50818550148617,0,9,-72,-139,-240
37,4,2,0.624295348837209,0.322379069767442,4,0.444341636244911,0.516269259640269,0,-73,-127,-173,-243
37,5,1,0.623944186046512,0.338158139534884,4,0.42956501690747,0.523824162311712,0,-41,-71,-97,-140
37,6,0,0.623593023255814,0.353937209302326,4,0.415724492698911,0.530900463793776,0,0,0,0,0
38,0,5,0.6385,0.265502325581395,4,0.5202659362295,0.486760510535407,0,0,234,539,678
38,1,4,0.638148837209302,0.281281395348837,4,0.500599287422626,0.496468582562104,0,205,355,511,646
38,2,3,0.637797674418605,0.297060465116279,4,0.482345978544852,0.505478985862185,0,195,338,486,548
38,3,2,0.637446511627907,0.312839534883721,4,0.465358940055551,0.513864318553782,0,-80,-139,-188,-261
38,4,1,0.637095348837209,0.328618604651163,4,0.449510823416483,0.521687443852373,0,-47,-81,-109,-154
38,5,0,0.636744186046512,0.344397674418605,4,0.434690802749126,0.529003068872614,0,0,0,0,0
39,0,4,0.6513,0.271741860465116,4,0.525421773206321,0.493248814532356,0,0,31,548,691
39,1,3,0.650948837209302,0.287520930232558,4,0.505753024674405,0.502624456136801,0,209,361,520,659
39,2,2,0.650597674418605,0.3033,4,0.487484720197742,0.51133253815921,0,-8,-72,-125,-202
39,3,1,0.650246511627907,0.319079069767442,4,0.470472431008112,0.519441906482991,0,-52,-90,-122,-169
39,4,0,0.649895348837209,0.334858139534884,4,0.454590928352579,0.527012254784344,0,0,0,0,0
40,0,3,0.6641,0.277981395348837,4,0.53047614359264,0.499609429060521,0,0,0,551,704
40,1,2,0.663748837209302,0.293760465116279,4,0.510809045271099,0.508663612202346,0,231,386,548,615
40,2,1,0.663397674418605,0.309539534883721,4,0.492529466457058,0.517079020089765,0,-59,-101,-136,-185
40,3,0,0.663046511627907,0.325318604651163,4,0.475495575427864,0.524920948089245,0,0,0,0,0
41,0,2,0.6769,0.284220930232558,4,0.535432013487573,0.505846086773367,0,0,0,382,716
41,1,1,0.676548837209302,0.3,4,0.51577010222643,0.51458933909177,0,167,120,81,30
41,2,0,0.676197674418605,0.315779069767442,4,0.497482772927725,0.522721342749231,0,0,0,0,0
42,0,1,0.6897,0.290460465116279,4,0.540292234498099,0.511962376243035,0,0,0,239,645
42,1,0,0.689348837209302,0.306239534883721,4,0.520638846100478,0.520404802762502,0,0,0,0,0
43,0,0,0.7025,0.2967,4,0.545059549210537,0.51796174884587,0,0,0,0,0
