Index,Target_x,Target_y,Target_Y,Exact_Ra,Grid_Ra,Ra_Diff,Abs_Ra_Diff,Exact_Rmin8,Grid_Rmin8,TargetToSelectedGrid_DeltaUV,SelectedGridRank,SkippedCandidateCount,SelectedGridTarget_x,SelectedGridTarget_y,Exact_RGBPoint_x,Exact_RGBPoint_y,Exact_RGBPoint_u,Exact_RGBPoint_v,Exact_RayT,Exact_R_weight,Exact_G_weight,Exact_B_weight,Exact_SingleWhiteRatio,Exact_RGBWhiteRatio,Grid_StoredBestRgb_x,Grid_StoredBestRgb_y,Grid_StoredBestRgb_u,Grid_StoredBestRgb_v,Grid_ProjectedRgb_x,Grid_ProjectedRgb_y,Grid_ProjectedRgb_u,Grid_ProjectedRgb_v,Grid_RawRayT,Grid_RayT,Grid_R_weight,Grid_G_weight,Grid_B_weight,Grid_SingleWhiteRatio,Grid_RGBWhiteRatio,Grid_KUsed,Grid_WeightPower,Grid_NearestMode,Grid1_Ra,Grid1_Rmin8,Grid1_TargetToSelectedGrid_DeltaUV,Grid1_SelectedGridRank,Grid1_SelectedGridTarget_x,Grid1_SelectedGridTarget_y,Grid1_StoredBestRgb_x,Grid1_StoredBestRgb_y,Grid1_StoredBestRgb_u,Grid1_StoredBestRgb_v,Grid1_ProjectedRgb_x,Grid1_ProjectedRgb_y,Grid1_ProjectedRgb_u,Grid1_ProjectedRgb_v,Grid1_RawRayT,Grid1_RayT,Grid1_R_weight,Grid1_G_weight,Grid1_B_weight,Grid1_SingleWhiteRatio,Grid1_RGBWhiteRatio,Grid1_KUsed,Grid1_WeightPower,Grid1_NearestMode,ExactVsGrid1Rgb_DeltaUV,PureRGB_Valid,PureRGB_Ra,PureRGB_Rmin8,PureRGB_R_weight,PureRGB_G_weight,PureRGB_B_weight,PureRGB_Is_ExactMax,Final_Max_Ra,Final_Max_Source,ExactVsProjectedRgb_DeltaUV,StoredVsProjectedRgb_Distance_xy
1,0.3169,0.331,3.231,96.8106602575696,94.5425704615917,2.26808979597789,2.26808979597789,93.0576155061806,88.1077733297282,0.0129135264583862,1,13,0.333995106289918,0.328753492717312,0.221478091799699,0.264222325835937,0.154671256081298,0.415174688619471,8.85685937465984,0.0354917618453623,0.0829791583250189,0.0419827076361178,0.909871577828421,0.0901284221715788,0.286318699080549,0.240359300705031,0.215614653869682,0.407260238617571,0.253793044139881,0.286836811321495,0.171064076782478,0.43500726186183,6.19610734167073,6.19610734167073,0.0746543618133224,0.123043849064819,0.0529867133470339,0.860141792021382,0.139858207978618,6,2,uv1976,74.2804080164673,41.377186527303,0.0129135264583862,1,0.333995106289918,0.328753492717312,0.413790398843489,0.155530697339486,0.409816452717125,0.346583288093386,0.29951064365976,0.318830669145981,0.192396470404223,0.460815892764968,2.43180669888013,2.43180669888013,0.276445511374352,0.329483156153871,0.109686497426706,0.603901638057237,0.396098361942763,1,2,uv1976,0.0592141141246036,1,24.5676734142887,-63.3305373605346,0.752022831634668,0.81601516053256,0.243315407468637,0,96.8106602575696,ExactRayScan,0.0257304397932602,0.0567280990552555
2,0.3197,0.3497,3.198,96.0056965723212,95.6730524007455,0.332644171575652,0.332644171575652,92.9077771744185,92.9858228038435,0.00630652521593752,1,0,0.3259224925684,0.360849602858504,0.253783692819428,0.421651884009642,0.134414786229217,0.502481291256231,8.05361069875187,0.0525835173494416,0.146601134335024,0.0240125903238742,0.850284150001922,0.149715849998078,0.311988589506836,0.501067137703178,0.148763842529481,0.537572588784582,0.240787209940827,0.435838380016658,0.124301550305638,0.506233778975156,9.44434592952743,9.44434592952743,0.0387471655206164,0.132446069108443,0.0201248174316964,0.86803524578669,0.13196475421331,6,2,uv1976,94.2363925469535,91.9572858399257,0.00630652521593752,1,0.3259224925684,0.360849602858504,0.298939306497932,0.545346008954781,0.133659811175234,0.548621063689989,0.212778008228606,0.466412223106496,0.104157550194637,0.513708153507477,12.4415709457833,12.4415709457833,0.0194447393044801,0.112699021223216,0.0147011732280257,0.892798942235,0.107201057765,1,2,uv1976,0.0322729417385635,1,30.3872718834851,-53.9855374949216,0.715349962674776,0.824634071024627,0.210238370923993,0,96.0056965723212,ExactRayScan,0.0107869692187678,0.096563074109256
3,0.4016,0.5034,2.918,36.4846687402328,35.7184543533043,0.766214386928468,0.766214386928468,-33.3918929423035,-35.1276641201614,0.00698659063984738,1,7,0.39848932503119,0.484964585119013,0.411377044481063,0.525486218510068,0.193975310206273,0.557506904255407,1.13475364210218,0.615088512986766,0.717109109972868,0,0.0800874705696907,0.919912529430309,0.42235140967085,0.516818833127236,0.202151578080518,0.556575438577565,0.409967063353858,0.522301089166446,0.194120570209176,0.556449864401155,1.11532035706862,1.11532035706862,0.62245353271038,0.724643779217518,0.00206944174201814,0.0697319804921412,0.930268019507859,6,2,uv1976,36.1607038393301,-34.1263950528843,0.00698659063984738,1,0.39848932503119,0.484964585119013,0.416066143553442,0.521782839949602,0.19743894723217,0.557112316032547,0.410774591302104,0.524125284479507,0.194037227925037,0.557056336341938,1.12645023709895,1.12645023709895,0.618204327051095,0.720296695245353,0.000875489262359401,0.0757065207776356,0.924293479222364,1,2,uv1976,0.000454802428033296,1,30.5228985941649,-46.7764712495726,0.672048231545993,0.775380866969811,0.0160046847969924,0,36.4846687402328,ExactRayScan,0.00106697409618068,0.0135435285276269
4,0.4165,0.4966,2.888,29.8084930186503,29.3034961683969,0.504996850253463,0.504996850253463,-46.0775765989678,-47.1654523138276,0.0056144473610963,1,7,0.42330552328704,0.49065622497798,0.426105097678533,0.513854227885214,0.205005061337446,0.55625036095572,1.10982908451665,0.668140326709119,0.698840874093579,0,0.0676539889778087,0.932346011022191,0.43651469014292,0.505632891342574,0.213075214276437,0.555330984218898,0.425073872671282,0.512001774961616,0.205006198801374,0.555592744999448,1.09803758564099,1.09803758564099,0.672796648769486,0.703604452188142,0.001308345068664,0.0610390193802624,0.938960980619738,6,2,uv1976,29.4303311016807,-46.8923702397867,0.0056144473610963,1,0.42330552328704,0.49065622497798,0.433921856620707,0.507680671508616,0.211043163389729,0.555562481729218,0.425330731407769,0.512463186112442,0.20500591496352,0.555756843655176,1.10097462603585,1.10097462603585,0.671627519027492,0.7024083921312,0.000979840057039752,0.0626999349266134,0.937300065073387,1,2,uv1976,0.000493518038792872,1,24.6256181904508,-57.1705878868252,0.715762429381526,0.747559927923251,0.0133809780301031,0,29.8084930186503,ExactRayScan,0.000657616939994502,0.0130940819827974
5,0.431,0.49,2.851,23.413488884748,23.0601404765407,0.353348408207371,0.353348408207371,-56.8633065923294,-57.5903789357264,0.0085630664440778,1,9,0.448237477432469,0.496374413659141,0.439821223836237,0.503021441722876,0.215688116583983,0.555033314321523,1.08652079547391,0.718190730128914,0.679182129749748,0,0.0551728276721618,0.944827172327838,0.45476648992865,0.491217899683609,0.227808055265113,0.55365257349054,0.439041573202136,0.501870561132538,0.215629652827826,0.554596439837158,1.07887378477489,1.07887378477489,0.721331535199714,0.682395281683955,0.000882511298132237,0.0506529592077656,0.949347040792235,6,2,uv1976,23.2151348406439,-57.2715274991639,0.0085630664440778,1,0.448237477432469,0.496374413659141,0.448237477432469,0.496374413659141,0.222449863972744,0.554262995184266,0.439382172606738,0.502373336640814,0.21565521501789,0.554787455080404,1.08221446991918,1.08221446991918,0.719953978326776,0.680985993482051,0.000495441907710855,0.0526353731836562,0.947364626816344,1,2,uv1976,0.000248050961488135,1,19.0921776497549,-65.7145799024622,0.756529699125051,0.718404217592989,0.0107725798115877,0,23.413488884748,ExactRayScan,0.000440769016462435,0.0189934778806128
6,0.4576,0.4619,2.792,15.65034048893,15.2231578794156,0.427182609514389,0.427182609514389,-65.1225859296502,-65.9094474964921,0.00759317697372185,1,4,0.472801262527493,0.476974312769681,0.473146154580376,0.47670192231373,0.243446460715481,0.551870998063065,1.12093002982621,0.809787997935455,0.598307455464342,0,0.0792951373138881,0.920704862686112,0.464483267191149,0.483543737966119,0.235971208057147,0.552722601923351,0.472019192475601,0.475628910628483,0.243198904148095,0.551382171111509,1.11216364581537,1.11216364581537,0.813305202073209,0.601905676628492,0.000988272853435812,0.0741266412287588,0.925873358771241,6,2,uv1976,15.6334605095077,-65.1536873663578,0.00759317697372185,1,0.472801262527493,0.476974312769681,0.472801262527493,0.476974312769681,0.2431451985994,0.55190531877338,0.473101287291172,0.476659202930889,0.243436617776561,0.55185156212615,1.12058101730394,1.12058101730394,0.809926975125785,0.598449633924276,3.90501600334604e-05,0.0790909117312923,0.920909088268708,1,2,uv1976,2.17862133092869e-05,1,9.09988981366668,-77.1381222127872,0.86374899170821,0.653511413559218,0.0151620955740398,0,15.65034048893,ExactRayScan,0.00054793799158693,0.0109286166406108
7,0.4959,0.4449,2.683,3.45602367748543,2.183221938132,1.27280173935343,1.27280173935343,-70.1172354342785,-72.1923503101495,0.00764773822324544,1,115,0.495704706659035,0.458885523719087,0.505630231512904,0.451046496354167,0.273265725084448,0.548473895408724,1.05831550818864,0.944884782316722,0.544039409371371,0,0.042048001649608,0.957951998350392,0.495845020656823,0.458489752229474,0.264091970875353,0.549441415781672,0.501996739430909,0.448751253347332,0.272047296034222,0.547181883507637,1.03653915713472,1.03653915713472,0.954790805375029,0.55417361268313,0.00278341924170651,0.0268998134509975,0.973100186549003,5,2,uv1976,2.21124456233632,-72.1466958529895,0.00764773822324544,1,0.495704706659035,0.458885523719087,0.495704706659035,0.458885523719086,0.263840533226056,0.549547642362494,0.502075144406541,0.448800781038038,0.272073658455463,0.54720983799705,1.03700905612864,1.03700905612864,0.954572657316755,0.553950439694171,0.00272212345232993,0.0272334032097179,0.972766596790282,1,2,uv1976,0.00173748783821614,1,-0.0754423391892729,-75.8674136134939,0.972381699336471,0.572169704029935,0.0077261528132823,0,3.45602367748543,ExactRayScan,0.00177591218898461,0.0115187674841074
8,0.5289,0.4162,2.593,0.0881278706098962,-1.04456649062293,1.13269436123283,1.13269436123283,-53.0965001903184,-54.9626042998571,0.00483307645909222,1,116,0.537161303925396,0.426143738754356,0.542932770037647,0.421585523299179,0.311441419648342,0.544124802428775,1.07021477158588,1.06992467529044,0.452330818194705,0,0.0535173169631415,0.946482683036858,0.536886906700735,0.426360453475708,0.304938854572401,0.544865594716814,0.539260344743169,0.420176112902312,0.309759844183379,0.543050864382431,1.05183931880455,1.05183931880455,1.07834007947437,0.460940066976852,0.00236458140612421,0.0402019085118743,0.959798091488126,4,2,uv1976,-0.992316456795235,-54.8765220609178,0.00483307645909222,1,0.537161303925396,0.426143738754356,0.537161303925396,0.426143738754356,0.305231202479368,0.544832289540721,0.539427021237894,0.420240080325947,0.309836264174978,0.543099670004415,1.05267330610531,1.05267330610531,1.07795177383407,0.460542816911637,0.00225547431193278,0.0408163113488107,0.959183688651189,1,2,uv1976,0.00190457884613477,1,-4.46025973975091,-60.5901190715062,1.10374788505024,0.4869331285613,0.00950373043829967,0,0.0881278706098962,ExactRayScan,0.00199525411207441,0.00662414345172418
9,0.5532,0.3927,2.513,1.91038971279432,-1.45904646713298,3.3694361799273,3.3694361799273,-59.0796965730631,-65.0231205283057,0.0117225518048676,1,61,0.555981437439253,0.411279885829837,0.573427965496475,0.397500885436715,0.346317120446854,0.540151654926252,1.09024099185396,1.16501395765076,0.370789197976503,0,0.071558184520179,0.928441815479821,0.558778515787573,0.40782175919425,0.329842645367334,0.541651583236233,0.561878633478401,0.394759778334321,0.339844573573227,0.537221316511147,1.0387171163192,1.0387171163192,1.1891061957364,0.395436388635969,0.00676949757421623,0.0322243136283425,0.967775686371658,6,2,uv1976,-2.03595699918733,-66.0406555077132,0.0117225518048676,1,0.555981437439253,0.411279885829837,0.555981437439253,0.411279885829837,0.325926537106023,0.542474613129835,0.56000769321209,0.394315731211586,0.338794244956275,0.536745797622704,1.03037047832633,1.03037047832633,1.19323580823601,0.399661124680242,0.00792984646746543,0.0254821569090039,0.974517843090996,1,2,uv1976,0.00825793676525119,1,-4.21472168962119,-69.8832411049327,1.20884378622718,0.415628624585801,0.0123154153288587,0,1.91038971279432,ExactRayScan,0.00710498038409199,0.0134248304898847
10,0.5897,0.3655,2.375,8.97697380375128,6.53247939256833,2.44449441118295,2.44449441118295,-59.5003968242361,-64.2230880025257,0.00962407018152557,1,39,0.60609598419292,0.371700185091955,0.611227491757042,0.367647399087115,0.395021167749354,0.534603139499404,1.08258999615467,1.30064042330311,0.271065129921958,0,0.0708622465815375,0.929137753418462,0.601753901166781,0.372000135942527,0.3844769550808,0.534782289535449,0.602277152169382,0.366754589498482,0.388785331953782,0.532686338337451,1.04825211227714,1.04825211227714,1.31691002182463,0.287709490453657,0.00457147265992529,0.0427564918253896,0.95724350817461,6,2,uv1976,7.71788779216921,-61.933118889015,0.00962407018152557,1,0.60609598419292,0.371700185091955,0.60609598419292,0.371700185091955,0.38801254098599,0.535401583897177,0.606546829838002,0.367180496149909,0.391758275073651,0.533600175874775,1.06463268583456,1.06463268583456,1.30901784827435,0.27963552465936,0.00235390991153944,0.0563902329409976,0.943609767059002,1,2,uv1976,0.00341356187075686,1,2.81964373336255,-71.3930570040296,1.34166050307743,0.313030086580212,0.0115259250526807,0,8.97697380375128,ExactRayScan,0.00652378530945038,0.00527157937513573
11,0.6846,0.3072,1.942,57.1328571867902,NaN,NaN,NaN,24.8787538753203,NaN,NaN,NaN,NaN,NaN,NaN,0.688175281110919,0.306875214714417,0.518775398254449,0.520504675508712,1.01005549509995,1.58822873360772,0.0531840061190857,0,0.0110021072327567,0.988997892767243,NaN,NaN,NaN,NaN,NaN,NaN,NaN,NaN,NaN,NaN,NaN,NaN,NaN,NaN,NaN,NaN,NaN,,NaN,NaN,NaN,NaN,NaN,NaN,NaN,NaN,NaN,NaN,NaN,NaN,NaN,NaN,NaN,NaN,NaN,NaN,NaN,NaN,NaN,NaN,NaN,,NaN,1,55.6185382931569,22.0169399352558,1.59343639896545,0.0585116274262621,0.00146326289326701,0,57.1328571867902,ExactRayScan,NaN,NaN
12,0.654,0.2906,1.907,63.2670500639526,59.654534044481,3.61251601947158,3.61251601947158,32.5744584563778,24.7181532901781,0.0079915658660452,1,2,0.64611119747156,0.290825338577756,0.689859872730693,0.285203799544134,0.547211879748064,0.509017200760873,1.11035336481049,1.50552337381487,0,0.0111354466272583,0.116109463622322,0.883890536377678,0.679265457219427,0.28472718083223,0.537160329249369,0.506612437445833,0.679570181617845,0.286752194216108,0.534896049209225,0.507837004710847,1.07868838803573,1.07868838803573,1.51987938777475,0.0146866975131701,0.01516923549035,0.0852232117214123,0.914776788278588,6,2,uv1976,62.7602580247063,31.384028049449,0.0079915658660452,1,0.64611119747156,0.290825338577756,0.688103726981593,0.284378917082474,0.54651098879252,0.508188581768799,0.688263993010268,0.285443947827412,0.545289238196805,0.508832958702877,1.10544228499979,1.10544228499979,1.50769603307393,0.00222270537115693,0.011745925883338,0.111435095001773,0.888564904998227,1,2,uv1976,0.00193144911156404,1,48.3415529568454,3.1614674208497,1.55949136857136,0.0552111203427443,0.0262995093552929,0,63.2670500639526,ExactRayScan,0.0123722489700898,0.00204781253142804
13,0.6282,0.2821,1.915,56.2795511556281,50.6197198936334,5.65983126199468,5.65983126199468,12.9322588074789,2.38191266514438,0.00583123974871225,1,7,0.62561536251138,0.276275815830188,0.667285894072386,0.274600534356907,0.538064940985912,0.498203354301983,1.13065434276834,1.46549528526226,0,0.0271241435865614,0.139068820167715,0.860931179832286,0.6515607168126,0.268427624534939,0.529938498505143,0.491224822835028,0.653261427398091,0.277291428565232,0.52042602883756,0.49703956123779,1.08377406742878,1.08377406742878,1.48698566390173,0.0219853986909974,0.0331625641580241,0.093026487406006,0.906973512593994,6,2,uv1976,52.609606186596,6.05910174486732,0.00583123974871225,1,0.62561536251138,0.276275815830188,0.656730626513689,0.269642600146855,0.533683281713463,0.493023196017388,0.658022925194967,0.276377833264809,0.526366951078155,0.49743153575642,1.09969056057824,1.09969056057824,1.4794839472162,0.0143108837387377,0.031054712960279,0.10909863493369,0.89090136506631,1,2,uv1976,0.0117234240625025,1,38.9758759889477,-18.7817302199888,1.53040601899542,0.0664059198020611,0.0453629245991554,0,56.2795511556281,ExactRayScan,0.0176772632518023,0.00902548826286015
14,0.5211,0.2316,1.835,26.5455525587962,21.2768012604381,5.26875129835814,5.26875129835814,-58.6245349873839,-67.963202388697,0.00762828561722115,1,9,0.511345377160923,0.22489794667846,0.545980322941708,0.217621870610663,0.483221688520801,0.433365649919633,1.12954793538697,1.31076167344766,0,0.130958202165264,0.168122615105962,0.831877384894038,0.530609861058772,0.210402182585709,0.475498783106863,0.424235347909913,0.537380422727981,0.222453420353988,0.46782835755949,0.43573887551789,1.08476960514453,1.08476960514453,1.33472130118817,0.0245115257018056,0.137690438551604,0.114552074660014,0.885447925339986,6,2,uv1976,22.0506605644601,-66.6006758329347,0.00762828561722115,1,0.511345377160923,0.22489794667846,0.532781599010457,0.21142227362803,0.476601688220568,0.425539242783209,0.538595528026514,0.221770756422159,0.469972697167133,0.435408277698548,1.09109646766442,1.09109646766442,1.33121667190809,0.0209261690508453,0.136705699013264,0.122387959533931,0.877612040466069,1,2,uv1976,0.0134055249853471,1,9.8885671071531,-87.7475916687955,1.38595515178794,0.0769255222538317,0.152086254586631,0,26.5455525587962,ExactRayScan,0.0155751994473488,0.0138229098624046
15,0.2082,0.068,1.265,-123.451604357103,-125.370897826894,1.91929346979114,1.91929346979114,-220.525702020925,-219.184077975187,0.00480450219075076,1,33,0.211907994239319,0.0692828776580867,0.203114042401548,0.0565735170459461,0.248256045361949,0.155580649461569,1.04208660447475,0.448565273515217,0,1.04735856244361,0.201636905802917,0.798363094197083,0.206632155129183,0.0588423867927171,0.251007499100909,0.160827973587423,0.20453867494302,0.0597742003264907,0.247310160019762,0.162615827382331,1.03029768466287,1.03029768466287,0.465467577999706,0.0172916405579566,1.0521078144143,0.146817108464971,0.85318289153503,6,2,uv1976,-125.338922950338,-219.205912008679,0.00480450219075076,1,0.211907994239319,0.0692828776580867,0.207238348113486,0.0585107522953815,0.252141439822416,0.160174105285454,0.20451571002391,0.0597226056657661,0.247325246309628,0.162503620618318,1.03048772074726,1.03048772074726,0.465192047948508,0.0170097638107588,1.05203039528841,0.147710744097973,0.852289255902027,1,2,uv1976,0.00698526424074053,1,-130.938885757346,-216.188851240789,0.51073493744486,0.0636017108357525,1.06482715077757,0,-123.451604357103,ExactRayScan,0.00709848064428807,0.00229149203611481
16,0.1486,0.0288,0.584,NaN,NaN,NaN,NaN,NaN,NaN,NaN,NaN,NaN,NaN,NaN,NaN,NaN,NaN,NaN,NaN,NaN,NaN,NaN,NaN,NaN,NaN,NaN,NaN,NaN,NaN,NaN,NaN,NaN,NaN,NaN,NaN,NaN,NaN,NaN,NaN,NaN,NaN,,NaN,NaN,NaN,NaN,NaN,NaN,NaN,NaN,NaN,NaN,NaN,NaN,NaN,NaN,NaN,NaN,NaN,NaN,NaN,NaN,NaN,NaN,NaN,,NaN,NaN,NaN,NaN,NaN,NaN,NaN,NaN,NaN,,NaN,NaN
17,0.1579,0.1053,1.729,21.0431109884352,17.3042166626658,3.73889432576949,3.73889432576949,-31.0722463979235,-35.4267245654517,0.00935419865487765,1,11,0.151011857250569,0.101006761809397,0.1579,0.1053,0.159987841329348,0.240057753685597,1,0.0532144311469309,0.434588408120575,0.943552107374262,0,1,0.156622045158701,0.0971469314691284,0.16261780057056,0.226948228784029,0.153571213780917,0.099376377541658,0.158101855535392,0.23019338014288,1.02529308533013,1.02529308533013,0.019696497684971,0.400298405937643,0.934134154236951,0.079536096261347,0.920463903738653,6,2,uv1976,17.2067664566226,-35.5394590515675,0.00935419865487765,1,0.151011857250569,0.101006761809397,0.151011857250568,0.101006761809397,0.154485564533776,0.232492967995319,0.15345692776797,0.0992199856205277,0.158051241388161,0.229928650230051,1.0259608581725,1.0259608581725,0.0188339693204045,0.399416009666483,0.933891798850504,0.0815828256371351,0.918417174362865,1,2,uv1976,0.0103125727219429,1,21.0431109884352,-31.0722463979235,0.0532144311469309,0.434588408120575,0.943552107374262,1,21.0431109884352,ExactRayScan,0.0100430477348893,0.00377862433777025
18,0.1586,0.1409,1.957,30.1965536923023,28.8094609988113,1.38709269349108,1.38709269349108,-17.4309051709146,-18.9046054784693,0.00823150840606831,1,88,0.151728755377873,0.143752328343304,0.1586,0.1409,0.145052130967624,0.289944210718859,1,0.0456933104719527,0.552939534215026,0.751628055089942,0,1,0.156274351159233,0.138874791384361,0.143570224219486,0.287066564516627,0.156612686127838,0.13858442015106,0.144018695187286,0.286740382775178,1.01165955792859,1.01165955792859,0.0324473223972783,0.539388431474424,0.747906164088331,0.0277699798266409,0.972230020173359,6,2,uv1976,29.1443668167606,-18.5490258394344,0.00823150840606831,1,0.151728755377873,0.143752328343304,0.151728755377873,0.143752328343304,0.137262321432434,0.292604398314619,0.157095208214523,0.139146645593275,0.144270653305961,0.287521496102787,1.00882860389544,1.00882860389544,0.035635317938937,0.542649860888225,0.748801935083502,0.0210864035331862,0.978913596466814,1,2,uv1976,0.00254563419339972,1,30.1965536923024,-17.4309051709142,0.0456933104719526,0.552939534215026,0.751628055089942,1,30.1965536923024,PureRGB,0.00336637832169659,0.000445854240878939
19,0.158,0.1664,2.094,31.2780645922979,27.7815284940221,3.49653609827581,3.49653609827581,-13.4681703415898,-16.9287229328634,0.00809838944688827,1,97,0.152011303896514,0.160599487015677,0.158,0.1664,0.13501965475987,0.319945308494274,1,0.0352506577234565,0.623717356610741,0.651827494269171,0,1,0.154726228256972,0.158077714203811,0.134911737524121,0.310126560225009,0.152221808585152,0.160552412922136,0.131731462464,0.312616567849955,1.03378169432175,1.03378169432175,0.0012229434629839,0.588905831085279,0.642266301642583,0.0666711782248973,0.933328821775103,6,2,uv1976,27.7340359490381,-16.9757552602111,0.00809838944688827,1,0.152011303896514,0.160599487015677,0.152011303896514,0.160599487015677,0.131521240398653,0.312641541754386,0.152141348093303,0.16047098610557,0.131685086025762,0.312513203795401,1.03425209960006,1.03425209960006,0.000764804609723988,0.588437139234207,0.642137572636802,0.0675688188040923,0.932431181195908,1,2,uv1976,0.00814589030723567,1,31.2780645922979,-13.4681703415898,0.0352506577234565,0.623717356610741,0.651827494269171,1,31.2780645922979,ExactRayScan,0.00803259908163693,0.00352083110061747
20,0.1609,0.206,2.293,37.4971530879328,34.4558666174473,3.04128647048545,3.04128647048545,-1.26758434262156,-4.10090120277376,0.0366424661809698,1,116,0.173601343924037,0.173997011721401,0.1609,0.206,0.124966020737059,0.35998601996039,1,0.0430136112210566,0.712713000823783,0.533371148637144,0,1,0.179028577799247,0.171018687209759,0.152554073454776,0.32788951800747,0.154984168219263,0.201303106881955,0.121421243605138,0.354846344533472,1.03518290884973,1.03518290884973,0.0117089998852614,0.680687303527782,0.524575100310452,0.0560126721407224,0.943987327859278,4,2,uv1976,33.5238896871268,-4.97285891539477,0.0366424661809698,1,0.173601343924037,0.173997011721401,0.173601343924037,0.173997011721401,0.146475493991527,0.330321008783267,0.153105699111812,0.199811690467449,0.120282691111607,0.353195524170025,1.04635462735594,1.04635462735594,0.0022091299793706,0.670968608901805,0.521905803001721,0.0730105863684501,0.92698941363155,1,2,uv1976,0.00824890353074823,1,37.4971530879328,-1.26758434262156,0.0430136112210566,0.712713000823783,0.533371148637144,1,37.4971530879328,ExactRayScan,0.00624353332729591,0.0386688467235801
21,0.1667,0.2407,2.449,45.4163194716924,42.3988661659862,3.01745330570619,3.01745330570619,12.0460410393304,9.29750570225184,0.0118197123956849,1,115,0.153456625909636,0.246777851725783,0.1667,0.2407,0.12003600360036,0.38997299729973,1,0.064560309431086,0.774538916108966,0.450514650206311,0,1,0.162057050053399,0.233589311460535,0.118312321998329,0.383705066231342,0.160154046138774,0.236716290169732,0.116047614793301,0.385930380269659,1.04032124216584,1.04032124216584,0.0319288901908026,0.741155848556447,0.441345792061827,0.0546674993014038,0.945332500698596,5,2,uv1976,42.2120188343115,9.10268479141345,0.0118197123956849,1,0.153456625909636,0.246777851725783,0.153456625909636,0.246777851725783,0.108556916263528,0.392790115513454,0.159735036315169,0.236461290884882,0.115790607189579,0.385669878255958,1.04290222530835,1.04290222530835,0.0299260622844222,0.73910688651767,0.440783032445821,0.0580228419656822,0.941977158034318,1,2,uv1976,0.00604485104775546,1,45.4163194716924,12.0460410393304,0.064560309431086,0.774538916108966,0.450514650206311,1,45.4163194716924,ExactRayScan,0.0056789081457701,0.00366052178614567
22,0.1667,0.2828,2.586,44.1596231094779,42.5033031310948,1.65631997838311,1.65631997838311,6.83934023300941,5.1127828042239,0.0182666851891556,1,21,0.154451436236939,0.306094133097911,0.1667,0.2828,0.110029371967922,0.419986139071318,1,0.0549533628232284,0.841748541602287,0.369238351193312,0,1,0.165686134554801,0.272559999363158,0.111585407876531,0.413015049559488,0.16260882511655,0.281371150203875,0.107488004782012,0.418483147597637,1.02520049128295,1.02520049128295,0.0363536538516421,0.822720397699518,0.364012158246159,0.0295093510269154,0.970490648973084,6,2,uv1976,42.6723031530813,5.28910723444075,0.0182666851891556,1,0.154451436236939,0.306094133097911,0.154451436236939,0.306094133097911,0.0970747541959665,0.432864402392987,0.163034105768157,0.281519680195786,0.107752532377263,0.418639592019529,1.0225808815965,1.0225808815965,0.0382444123466032,0.824654708864411,0.36454342831744,0.0265095698894706,0.973490430110529,1,2,uv1976,0.00264521974215186,1,44.1596231094779,6.83934023300941,0.0549533628232284,0.841748541602287,0.369238351193312,1,44.1596231094779,ExactRayScan,0.00295254645070606,0.00933307090493927
23,0.1766,0.3402,2.772,49.2828223608565,43.6239580392879,5.65886432156866,5.65886432156866,13.5620334828263,6.46890819820126,0.0138024304045418,1,31,0.155048773425182,0.341710792635368,0.1766,0.3402,0.104975331391547,0.45500208048505,1,0.0835921579177166,0.912651950238645,0.279791935839944,0,1,0.156474240815245,0.352695126111118,0.0904554720902941,0.458747771727436,0.156417233144376,0.340292770483664,0.0924085978603021,0.452337946325119,1.1323937219287,1.1323937219287,0.00476321788804375,0.832007225265866,0.257642382261232,0.11667410849661,0.88332589150339,6,2,uv1976,43.2283119837948,6.03659725436937,0.0138024304045418,1,0.155048773425182,0.341710792635368,0.155048773425182,0.341710792635368,0.0913336731621851,0.452901545832754,0.155042284508457,0.340299090462034,0.0915580902796479,0.45215763962145,1.14141302877955,1.14141302877955,5.83370064625873e-05,0.827193969822091,0.256320393013009,0.123637766541925,0.876362233458075,1,2,uv1976,0.0137154366638966,1,49.2828223608565,13.5620334828263,0.0835921579177166,0.912651950238645,0.279791935839944,1,49.2828223608565,ExactRayScan,0.0128460267190845,0.0124024866452007
24,0.18,0.38,2.872,46.7380323446331,41.9235671875712,4.81446515706195,4.81446515706195,9.88773575291371,3.84362968879164,0.0145541198117145,1,44,0.155731859120863,0.382440268611114,0.18,0.38,0.1,0.475,1,0.0873561447358813,0.95576743007527,0.229780962955079,0,1,0.162067603781299,0.385598225224238,0.0887671579058301,0.475196954438677,0.161884049136027,0.384922733218708,0.0887606787024024,0.474867704813071,1.12154681762205,1.12154681762205,0.0195789084743642,0.886428979302399,0.210736744861744,0.0968236499929878,0.903176350007012,6,2,uv1976,40.592210241329,2.34359114528218,0.0145541198117145,1,0.155731859120863,0.382440268611114,0.155731859120863,0.382440268611114,0.085592592128404,0.472938689272521,0.156783085013687,0.386308842384108,0.085648778269076,0.474831075426062,1.15577112969543,1.15577112969543,0.00306677659200751,0.869536498776013,0.206097124568876,0.120412172721276,0.879587827278724,1,2,uv1976,0.014352215880547,1,46.7380323446331,9.88773575291371,0.0873561447358813,0.95576743007527,0.229780962955079,1,46.7380323446331,ExactRayScan,0.011240099877097,0.000699986969403854
25,0.1808,0.4144,2.931,43.2029885440329,41.1346948517243,2.06829369230859,2.06829369230859,4.97084088879143,2.30365296254315,0.0195045249333082,1,25,0.155731859120863,0.382440268611114,0.1808,0.4144,0.0950178684044566,0.490014715156611,1,0.0825003408613666,0.985469897630069,0.192084073208606,0,1,0.188961786960169,0.450562586746261,0.0941416602790477,0.505062949399007,0.17274652810857,0.418469011664872,0.0900174508257476,0.490640284972472,1.05432540364816,1.05432540364816,0.052343822872636,0.954618739433315,0.183610619034449,0.0422131155156843,0.957786884484316,6,2,uv1976,41.378361599708,2.60465943197657,0.0195045249333082,1,0.155731859120863,0.382440268611114,0.155731859120863,0.382440268611114,0.085592592128404,0.472938689272521,0.173693594849343,0.417990506783056,0.0906010927574812,0.490567269315276,1.04793688157124,1.04793688157124,0.0557279253595114,0.958080793017075,0.184561492651685,0.0374760464267143,0.962523953573286,1,2,uv1976,0.004451204692437,1,43.2029873030783,4.97083921349973,0.0825003408613666,0.985469897630068,0.192084073208606,1,43.2029885440329,ExactRayScan,0.00503939614993487,0.0359573661595106
26,0.1861,0.5109,3.106,35.3306427986179,34.5211706758417,0.809472122776207,0.809472122776207,-2.57110914182206,-3.66358627941892,0.00701538733395798,1,17,0.198249045694329,0.525008048342162,0.1861,0.5109,0.0849907519466581,0.524981161372822,1,0.0815548904236282,1.0632687959084,0.108406080375115,0,1,0.205831950827502,0.534840265930427,0.0914156644104886,0.53445906065913,0.182418739694936,0.515314078541872,0.0827396110097686,0.525894404132261,1.02575297599955,1.02575297599955,0.0689247837723957,1.05034776110974,0.104857241282885,0.0166835165558323,0.983316483444168,6,2,uv1976,34.8983794491874,-3.15781434409999,0.00701538733395798,1,0.198249045694329,0.525008048342162,0.198249045694329,0.525008048342162,0.0890646836537168,0.530692443180935,0.18414433239301,0.513244976911079,0.0837909871180021,0.525467881917434,1.01368125499754,1.01368125499754,0.0747652480066018,1.0563227574969,0.106498309593983,0.00896865836533443,0.991031341634666,1,2,uv1976,0.00129473261047476,1,35.3306427986179,-2.57110914182206,0.0815548904236282,1.0632687959084,0.108406080375115,1,35.3306427986179,ExactRayScan,0.00242933074228446,0.030486889796617
27,0.1934,0.6418,3.269,15.6641427002602,13.7711258386572,1.89301686160293,1.89301686160293,-9.03339006692526,-11.7850004968386,0.0108908546030264,1,117,0.176841147917516,0.676698098049715,0.1934,0.6418,0.0749990305192539,0.559991468569434,1,0.0806906004951592,1.13644555187531,0.0263458406801941,0,1,0.185242521802711,0.668412450712734,0.0695716225904209,0.564830964198463,0.182092898808062,0.666999186607353,0.0684572352081482,0.564201411066797,1.08335801147824,1.08335801147824,0.0482605678312397,1.10326850973755,0.0172335686417972,0.0407018824536639,0.959298117546336,3,2,uv1976,13.0794776298563,-12.7724485723676,0.0108908546030264,1,0.176841147917516,0.676698098049715,0.176841147917516,0.676698098049715,0.0656993255129777,0.565659466521137,0.177590113631459,0.677034165687485,0.0659620483815121,0.565807177154048,1.11655336474021,1.11655336474021,0.0366941773422418,1.09143569326733,0.0139836151887643,0.0552184841165457,0.944781515883454,1,2,uv1976,0.0107466046963224,1,15.6641427002602,-9.03339006692526,0.0806906004951592,1.13644555187531,0.0263458406801941,1,15.6641427002602,ExactRayScan,0.00777937669248021,0.00345216460209851
28,0.2368,0.6205,3.218,31.7801878265271,30.2541858671319,1.52600195939521,1.52600195939521,13.6814794777542,10.7649064559236,0.00903593281377207,1,116,0.253067170570591,0.650516929932593,0.2368,0.6205,0.0949821507360314,0.55999558782239,1,0.19005764336589,1.07533456740813,0.0205913329315851,0,1,0.231048551816916,0.645050597861578,0.0899151920764976,0.564814874998313,0.228965201997524,0.644366689651353,0.0891394708842291,0.564437900856313,1.08493462200716,1.08493462200716,0.156462053133932,1.0409651196706,0.0111515595999752,0.0428329775844538,0.957167022415546,4,2,uv1976,30.3533522371264,10.9455673645404,0.00903593281377207,1,0.253067170570591,0.650516929932593,0.253067170570591,0.650516929932593,0.0982778562128105,0.568409053649583,0.229487289886479,0.642776283668647,0.089518105091166,0.564150017262614,1.07927482867376,1.07927482867376,0.158536326743909,1.04308717312878,0.0117343942092417,0.0401883651687551,0.959811634831245,1,2,uv1976,0.00686404245200874,1,31.7801878265271,13.6814794777542,0.19005764336589,1.07533456740813,0.0205913329315851,1,31.7801878265271,ExactRayScan,0.00733969024836996,0.00219273274932782
29,0.3092,0.5649,3.111,54.682282878146,54.2175273291862,0.464755548959808,0.464755548959808,42.3416729245358,41.7437780585992,0.00985286876765683,1,2,0.329155725267296,0.590423355919511,0.305293574657899,0.60926931664873,0.125885891364195,0.56526386105417,1.19684638678445,0.318893201044141,0.878538136572097,0,0.0988453677739882,0.901154632226012,0.304845641661244,0.592004264982226,0.128432309280701,0.56117931518735,0.306798510513219,0.592176202189048,0.129280146631617,0.561451255992244,1.12101204732595,1.12101204732595,0.344650628385004,0.904888873282858,0.00723738663391222,0.0648762316413446,0.935123768358656,6,2,uv1976,54.0897787863241,41.6009496554545,0.00985286876765683,1,0.329155725267296,0.590423355919511,0.329155725267296,0.590423355919511,0.139668525466122,0.56369370082781,0.30712362197864,0.588483574711971,0.130033051202852,0.560605554195154,1.10462954627555,1.10462954627555,0.350679534726664,0.911056652446535,0.00893140388170678,0.0569252535587666,0.943074746441233,1,2,uv1976,0.00623688684522459,1,52.9714340231462,38.6282237744666,0.39384366102869,0.955215042664733,0.0210597685133399,0,54.682282878146,ExactRayScan,0.0051045985325636,0.00196042320841815
30,0.3696,0.5362,3.001,43.9056553306559,42.3130165385313,1.59263879212457,1.59263879212457,-7.62393344829857,-12.0038176258571,0.0117131246944299,1,35,0.370343074694662,0.505296425995227,0.373550539694032,0.555361012086271,0.167563467602898,0.560515822902889,1.09741200954329,0.521156019137153,0.807870239116014,0,0.0562023980225661,0.943797601977434,0.390151105891355,0.542250139400958,0.178831003695576,0.559232190406302,0.371634506396672,0.546067816722641,0.168741752426541,0.557873359956818,1.05016665364175,1.05016665364175,0.54014174518207,0.827293291801037,0.00533465699404712,0.0302460705507885,0.969753929449212,6,2,uv1976,43.1840211149249,-9.61719839938647,0.0117131246944299,1,0.370343074694662,0.505296425995227,0.381290833313994,0.549247846848893,0.172756629706171,0.559924201843859,0.372657156894259,0.551027903207504,0.168109301588338,0.559291716428554,1.07538306652347,1.07538306652347,0.529800855457695,0.816714204888513,0.00242904782417404,0.0443836136397604,0.95561638636024,1,2,uv1976,0.00134028780497689,1,40.4230166160722,-17.1160362287736,0.56226519889627,0.849926348132354,0.0115509605902184,0,43.9056553306559,ExactRayScan,0.00289326209441554,0.0189060603241125
