序号,目标xyY,方法,Ra,RGB点,白色_RGB比例,RGB权重,Ra差_精确减当前,说明,白色比例,RGB比例,该目标近似最优来源
1,"(0.3169, 0.3310, 3.2310)",精确法,96.8106602576238,"(0.22148, 0.26422)","W=0.9099, RGB=0.0901","R=0.0355, G=0.0830, B=0.0420",0,基准,0.909871577828424,0.0901284221715764,ProjK
,,投影1点,95.995094379944,"(0.19200, 0.24360)","W=0.9348, RGB=0.0652","R=0.0159, G=0.0629, B=0.0365",0.815565877679788,对比精确法,0.934777935575029,0.0652220644249711,ProjK
,,投影K点,96.6581825016268,"(0.23006, 0.27023)","W=0.8998, RGB=0.1002","R=0.0434, G=0.0911, B=0.0442",0.152477755996998,对比精确法,0.899835221421651,0.100164778578349,ProjK
,,同比例,96.3622705139998,"(0.20103, 0.24992)","W=0.9284, RGB=0.0716","R=0.0209, G=0.0681, B=0.0379",0.448389743623991,对比精确法,0.928365770489239,0.071634229510761,ProjK
,,纯RGB,24.5676734142887,"(0.31690, 0.33100)","W=0.0000, RGB=1.0000","R=0.7520, G=0.8160, B=0.2433",72.2429868433351,对比精确法,0,1,ProjK
2,"(0.3197, 0.3497, 3.1980)",精确法,96.0056965720015,"(0.25378, 0.42165)","W=0.8503, RGB=0.1497","R=0.0526, G=0.1466, B=0.0240",0,基准,0.850284150001921,0.149715849998079,ProjK
,,投影1点,87.0396157214515,"(0.29623, 0.37532)","W=0.6943, RGB=0.3057","R=0.1741, G=0.2710, B=0.0582",8.96608085055,对比精确法,0.694342601752845,0.305657398247155,ProjK
,,投影K点,95.0291241064583,"(0.27141, 0.40241)","W=0.8134, RGB=0.1866","R=0.0813, G=0.1760, B=0.0321",0.9765724655432,对比精确法,0.813412738811859,0.186587261188141,ProjK
,,同比例,92.4703631573396,"(0.15814, 0.52605)","W=0.9177, RGB=0.0823","R=0.0000, G=0.0928, B=0.0092",3.53533341466189,对比精确法,0.917745216670186,0.0822547833298141,ProjK
,,纯RGB,30.3872718834851,"(0.31970, 0.34970)","W=0.0000, RGB=1.0000","R=0.7153, G=0.8246, B=0.2102",65.6184246885164,对比精确法,0,1,ProjK
3,"(0.4016, 0.5034, 2.9180)",精确法,36.4846687402328,"(0.41138, 0.52549)","W=0.0801, RGB=0.9199","R=0.6151, G=0.7171, B=0.0000",0,基准,0.0800874705696907,0.919912529430309,Proj1
,,投影1点,35.7557797269739,"(0.41003, 0.52245)","W=0.0702, RGB=0.9298","R=0.6221, G=0.7243, B=0.0020",0.7288890132589,对比精确法,0.0702359632342169,0.929764036765783,Proj1
,,投影K点,35.2176323175427,"(0.40907, 0.52028)","W=0.0630, RGB=0.9370","R=0.6273, G=0.7296, B=0.0034",1.2670364226901,对比精确法,0.0629742510389654,0.937025748961035,Proj1
,,同比例,30.5228985941651,"(0.40160, 0.50340)","W=0.0000, RGB=1.0000","R=0.6720, G=0.7754, B=0.0160",5.9617701460677,对比精确法,1.49749670732109e-16,1,Proj1
,,纯RGB,30.5228985941649,"(0.40160, 0.50340)","W=0.0000, RGB=1.0000","R=0.6720, G=0.7754, B=0.0160",5.9617701460679,对比精确法,0,1,Proj1
4,"(0.4165, 0.4966, 2.8880)",精确法,29.8084930186503,"(0.42611, 0.51385)","W=0.0677, RGB=0.9323","R=0.6681, G=0.6988, B=0.0000",0,基准,0.0676539889778084,0.932346011022192,Proj1
,,投影1点,29.6051676860512,"(0.42569, 0.51310)","W=0.0650, RGB=0.9350","R=0.6700, G=0.7008, B=0.0005",0.2033253325991,对比精确法,0.0649899521220226,0.935010047877977,Proj1
,,投影K点,28.8919144391417,"(0.42425, 0.51052)","W=0.0557, RGB=0.9443","R=0.6766, G=0.7075, B=0.0024",0.916578579508599,对比精确法,0.0556517147316707,0.944348285268329,Proj1
,,同比例,24.6256181902122,"(0.41650, 0.49660)","W=0.0000, RGB=1.0000","R=0.7158, G=0.7476, B=0.0134",5.1828748284381,对比精确法,1.51800209920547e-16,1,Proj1
,,纯RGB,24.6256181904508,"(0.41650, 0.49660)","W=0.0000, RGB=1.0000","R=0.7158, G=0.7476, B=0.0134",5.1828748281995,对比精确法,0,1,Proj1
5,"(0.4310, 0.4900, 2.8510)",精确法,23.4134888825531,"(0.43982, 0.50302)","W=0.0552, RGB=0.9448","R=0.7182, G=0.6792, B=0.0000",0,基准,0.0551728276721618,0.944827172327838,Proj1
,,投影1点,23.2151348406439,"(0.43938, 0.50237)","W=0.0526, RGB=0.9474","R=0.7200, G=0.6810, B=0.0005",0.198354041909202,对比精确法,0.0526353731836561,0.947364626816344,Proj1
,,投影K点,23.0625524100934,"(0.43905, 0.50188)","W=0.0507, RGB=0.9493","R=0.7213, G=0.6824, B=0.0009",0.350936472459701,对比精确法,0.0506838060571624,0.949316193942838,Proj1
,,同比例,19.0921759244483,"(0.43100, 0.49000)","W=0.0000, RGB=1.0000","R=0.7565, G=0.7184, B=0.0108",4.3213129581048,对比精确法,6.15379463237092e-16,0.999999999999999,Proj1
,,纯RGB,19.0921776497549,"(0.43100, 0.49000)","W=0.0000, RGB=1.0000","R=0.7565, G=0.7184, B=0.0108",4.3213112327982,对比精确法,0,1,Proj1
6,"(0.4576, 0.4619, 2.7920)",精确法,15.6503404892772,"(0.47315, 0.47670)","W=0.0793, RGB=0.9207","R=0.8098, G=0.5983, B=0.0000",0,基准,0.0792951373138883,0.920704862686112,Proj1
,,投影1点,15.6334605086152,"(0.47310, 0.47666)","W=0.0791, RGB=0.9209","R=0.8099, G=0.5984, B=0.0000",0.0168799806620008,对比精确法,0.0790909117312922,0.920909088268708,Proj1
,,投影K点,15.2842297951759,"(0.47218, 0.47578)","W=0.0749, RGB=0.9251","R=0.8128, G=0.6014, B=0.0008",0.3661106941013,对比精确法,0.0748655713632908,0.925134428636709,Proj1
,,同比例,9.09988981366668,"(0.45760, 0.46190)","W=0.0000, RGB=1.0000","R=0.8637, G=0.6535, B=0.0152",6.55045067561052,对比精确法,0,1,Proj1
,,纯RGB,9.09988981366668,"(0.45760, 0.46190)","W=0.0000, RGB=1.0000","R=0.8637, G=0.6535, B=0.0152",6.55045067561052,对比精确法,0,1,Proj1
7,"(0.4959, 0.4449, 2.6830)",精确法,3.45602367726394,"(0.50563, 0.45105)","W=0.0420, RGB=0.9580","R=0.9449, G=0.5440, B=0.0000",0,基准,0.0420480016496081,0.957951998350392,Proj1
,,投影1点,2.21124456251244,"(0.50208, 0.44880)","W=0.0272, RGB=0.9728","R=0.9546, G=0.5540, B=0.0027",1.2447791147515,对比精确法,0.027233403209718,0.972766596790282,Proj1
,,投影K点,2.18036865702123,"(0.50199, 0.44875)","W=0.0269, RGB=0.9731","R=0.9548, G=0.5542, B=0.0028",1.27565502024271,对比精确法,0.0268658469335233,0.973134153066477,Proj1
,,同比例,-0.0754423391634838,"(0.49590, 0.44490)","W=0.0000, RGB=1.0000","R=0.9724, G=0.5722, B=0.0077",3.53146601642742,对比精确法,0,1,Proj1
,,纯RGB,-0.0754423391892729,"(0.49590, 0.44490)","W=0.0000, RGB=1.0000","R=0.9724, G=0.5722, B=0.0077",3.53146601645321,对比精确法,0,1,Proj1
8,"(0.5289, 0.4162, 2.5930)",精确法,0.0881278707399558,"(0.54293, 0.42159)","W=0.0535, RGB=0.9465","R=1.0699, G=0.4523, B=0.0000",0,基准,0.0535173169631413,0.946482683036859,Proj1
,,投影1点,-0.992316456795235,"(0.53943, 0.42024)","W=0.0408, RGB=0.9592","R=1.0780, G=0.4605, B=0.0023",1.08044432753519,对比精确法,0.0408163113488107,0.959183688651189,Proj1
,,投影K点,-1.0451316925469,"(0.53926, 0.42018)","W=0.0402, RGB=0.9598","R=1.0783, G=0.4609, B=0.0024",1.13325956328686,对比精确法,0.0401952622665252,0.959804737733475,Proj1
,,同比例,-4.46025973975091,"(0.52890, 0.41620)","W=0.0000, RGB=1.0000","R=1.1037, G=0.4869, B=0.0095",4.54838761049087,对比精确法,0,1,Proj1
,,纯RGB,-4.46025973975091,"(0.52890, 0.41620)","W=0.0000, RGB=1.0000","R=1.1037, G=0.4869, B=0.0095",4.54838761049087,对比精确法,0,1,Proj1
9,"(0.5532, 0.3927, 2.5130)",精确法,1.91038971279173,"(0.57343, 0.39750)","W=0.0716, RGB=0.9284","R=1.1650, G=0.3708, B=0.0000",0,基准,0.071558184520179,0.928441815479821,ProjK
,,投影1点,-2.035956998929,"(0.56001, 0.39432)","W=0.0255, RGB=0.9745","R=1.1932, G=0.3997, B=0.0079",3.94634671172073,对比精确法,0.0254821569090036,0.974517843090996,ProjK
,,投影K点,-1.45904646738432,"(0.56188, 0.39476)","W=0.0322, RGB=0.9678","R=1.1891, G=0.3954, B=0.0068",3.36943618017605,对比精确法,0.0322243136283423,0.967775686371658,ProjK
,,同比例,-4.21472168914023,"(0.55320, 0.39270)","W=0.0000, RGB=1.0000","R=1.2088, G=0.4156, B=0.0123",6.12511140193196,对比精确法,7.67853162684429e-16,0.999999999999999,ProjK
,,纯RGB,-4.21472168962119,"(0.55320, 0.39270)","W=0.0000, RGB=1.0000","R=1.2088, G=0.4156, B=0.0123",6.12511140241292,对比精确法,0,1,ProjK
10,"(0.5897, 0.3655, 2.3750)",精确法,8.97697380382105,"(0.61123, 0.36765)","W=0.0709, RGB=0.9291","R=1.3006, G=0.2711, B=0.0000",0,基准,0.0708622465815372,0.929137753418463,Proj1
,,投影1点,7.71788779216926,"(0.60655, 0.36718)","W=0.0564, RGB=0.9436","R=1.3090, G=0.2796, B=0.0024",1.25908601165179,对比精确法,0.0563902329409976,0.943609767059002,Proj1
,,投影K点,6.53247939256813,"(0.60228, 0.36675)","W=0.0428, RGB=0.9572","R=1.3169, G=0.2877, B=0.0046",2.44449441125292,对比精确法,0.0427564918253897,0.95724350817461,Proj1
,,同比例,2.81964373314219,"(0.58970, 0.36550)","W=0.0000, RGB=1.0000","R=1.3417, G=0.3130, B=0.0115",6.15733007067886,对比精确法,2.06248930907097e-16,1,Proj1
,,纯RGB,2.81964373336255,"(0.58970, 0.36550)","W=0.0000, RGB=1.0000","R=1.3417, G=0.3130, B=0.0115",6.1573300704585,对比精确法,0,1,Proj1
11,"(0.6846, 0.3072, 1.9420)",精确法,57.1328571867902,"(0.68818, 0.30688)","W=0.0110, RGB=0.9890","R=1.5882, G=0.0532, B=0.0000",0,基准,0.0110021072327567,0.988997892767243,PureRGB
,,投影1点,NaN,"(NaN, NaN)","W=NaN, RGB=NaN","R=NaN, G=NaN, B=NaN",NaN,对比精确法,NaN,NaN,PureRGB
,,投影K点,NaN,"(NaN, NaN)","W=NaN, RGB=NaN","R=NaN, G=NaN, B=NaN",NaN,对比精确法,NaN,NaN,PureRGB
,,同比例,55.6185382931569,"(0.68460, 0.30720)","W=0.0000, RGB=1.0000","R=1.5934, G=0.0585, B=0.0015",1.51431889363329,对比精确法,2.45390573719218e-16,1,PureRGB
,,纯RGB,55.6185382931569,"(0.68460, 0.30720)","W=0.0000, RGB=1.0000","R=1.5934, G=0.0585, B=0.0015",1.51431889363329,对比精确法,0,1,PureRGB
12,"(0.6540, 0.2906, 1.9070)",精确法,63.2670500639524,"(0.68986, 0.28520)","W=0.1161, RGB=0.8839","R=1.5055, G=0.0000, B=0.0111",0,基准,0.116109463622322,0.883890536377678,Ratio1
,,投影1点,62.7602580247059,"(0.68826, 0.28544)","W=0.1114, RGB=0.8886","R=1.5077, G=0.0022, B=0.0117",0.506792039246498,对比精确法,0.111435095001773,0.888564904998227,Ratio1
,,投影K点,60.7585915043677,"(0.68250, 0.28631)","W=0.0942, RGB=0.9058","R=1.5157, G=0.0104, B=0.0140",2.5084585595847,对比精确法,0.094198672435263,0.905801327564737,Ratio1
,,同比例,63.2670500639524,"(0.68986, 0.28520)","W=0.1161, RGB=0.8839","R=1.5055, G=0.0000, B=0.0111",0,对比精确法,0.116109463622322,0.883890536377678,Ratio1
,,纯RGB,48.3415529568454,"(0.65400, 0.29060)","W=0.0000, RGB=1.0000","R=1.5595, G=0.0552, B=0.0263",14.925497107107,对比精确法,0,1,Ratio1
13,"(0.6282, 0.2821, 1.9150)",精确法,56.2795511556279,"(0.66729, 0.27460)","W=0.1391, RGB=0.8609","R=1.4655, G=0.0000, B=0.0271",0,基准,0.139068820167714,0.860931179832286,Ratio1
,,投影1点,48.4942357139514,"(0.64835, 0.27823)","W=0.0759, RGB=0.9241","R=1.4950, G=0.0301, B=0.0354",7.7853154416765,对比精确法,0.0759424265086434,0.924057573491357,Ratio1
,,投影K点,48.5801924623529,"(0.64854, 0.27820)","W=0.0766, RGB=0.9234","R=1.4946, G=0.0298, B=0.0353",7.699358693275,对比精确法,0.0766319974525067,0.923368002547493,Ratio1
,,同比例,55.9709922096916,"(0.66648, 0.27476)","W=0.1365, RGB=0.8635","R=1.4667, G=0.0012, B=0.0275",0.308558945936298,对比精确法,0.136525326195587,0.863474673804413,Ratio1
,,纯RGB,38.9758759889477,"(0.62820, 0.28210)","W=0.0000, RGB=1.0000","R=1.5304, G=0.0664, B=0.0454",17.3036751666802,对比精确法,0,1,Ratio1
14,"(0.5211, 0.2316, 1.8350)",精确法,26.5455525586195,"(0.54598, 0.21762)","W=0.1681, RGB=0.8319","R=1.3108, G=0.0000, B=0.1310",0,基准,0.168122615105962,0.831877384894038,Ratio1
,,投影1点,22.0506605637548,"(0.53860, 0.22177)","W=0.1224, RGB=0.8776","R=1.3312, G=0.0209, B=0.1367",4.4948919948647,对比精确法,0.122387959533931,0.877612040466069,Ratio1
,,投影K点,21.2768012604384,"(0.53738, 0.22245)","W=0.1146, RGB=0.8854","R=1.3347, G=0.0245, B=0.1377",5.2687512981811,对比精确法,0.114552074660014,0.885447925339986,Ratio1
,,同比例,25.6360345917988,"(0.54444, 0.21849)","W=0.1588, RGB=0.8412","R=1.3149, G=0.0043, B=0.1321",0.909517966820701,对比精确法,0.158830044528206,0.841169955471794,Ratio1
,,纯RGB,9.8885671071531,"(0.52110, 0.23160)","W=0.0000, RGB=1.0000","R=1.3860, G=0.0769, B=0.1521",16.6569854514664,对比精确法,0,1,Ratio1
15,"(0.2082, 0.0680, 1.2650)",精确法,-123.451604357103,"(0.20311, 0.05657)","W=0.2016, RGB=0.7984","R=0.4486, G=0.0000, B=1.0474",0,基准,0.201636905802916,0.798363094197084,Ratio1
,,投影1点,-125.338922950339,"(0.20452, 0.05972)","W=0.1477, RGB=0.8523","R=0.4652, G=0.0170, B=1.0520",1.887318593236,对比精确法,0.147710744097973,0.852289255902027,Ratio1
,,投影K点,-125.364427749302,"(0.20453, 0.05976)","W=0.1470, RGB=0.8530","R=0.4654, G=0.0172, B=1.0521",1.912823392199,对比精确法,0.14699788276748,0.85300211723252,Ratio1
,,同比例,-123.92605226368,"(0.20348, 0.05738)","W=0.1879, RGB=0.8121","R=0.4528, G=0.0043, B=1.0486",0.474447906577012,对比精确法,0.187856293454061,0.812143706545939,Ratio1
,,纯RGB,-130.938885757346,"(0.20820, 0.06800)","W=0.0000, RGB=1.0000","R=0.5107, G=0.0636, B=1.0648",7.48728140024299,对比精确法,0,1,Ratio1
16,"(0.1486, 0.0288, 0.5840)",精确法,NaN,"(NaN, NaN)","W=NaN, RGB=NaN","R=NaN, G=NaN, B=NaN",NaN,基准,NaN,NaN,Invalid
,,投影1点,NaN,"(NaN, NaN)","W=NaN, RGB=NaN","R=NaN, G=NaN, B=NaN",NaN,对比精确法,NaN,NaN,Invalid
,,投影K点,NaN,"(NaN, NaN)","W=NaN, RGB=NaN","R=NaN, G=NaN, B=NaN",NaN,对比精确法,NaN,NaN,Invalid
,,同比例,NaN,"(NaN, NaN)","W=NaN, RGB=NaN","R=NaN, G=NaN, B=NaN",NaN,对比精确法,NaN,NaN,Invalid
,,纯RGB,NaN,"(NaN, NaN)","W=NaN, RGB=NaN","R=NaN, G=NaN, B=NaN",NaN,对比精确法,NaN,NaN,Invalid
17,"(0.1579, 0.1053, 1.7290)",精确法,21.0431109884352,"(0.15790, 0.10530)","W=0.0000, RGB=1.0000","R=0.0532, G=0.4346, B=0.9436",0,基准,0,1,PureRGB
,,投影1点,17.2067664566227,"(0.15346, 0.09922)","W=0.0816, RGB=0.9184","R=0.0188, G=0.3994, B=0.9339",3.8363445318125,对比精确法,0.0815828256371343,0.918417174362866,PureRGB
,,投影K点,17.0469791335237,"(0.15327, 0.09896)","W=0.0849, RGB=0.9151","R=0.0174, G=0.3980, B=0.9335",3.9961318549115,对比精确法,0.0849361558276083,0.915063844172392,PureRGB
,,同比例,21.0431109884352,"(0.15790, 0.10530)","W=0.0000, RGB=1.0000","R=0.0532, G=0.4346, B=0.9436",0,对比精确法,1.43179457258393e-15,0.999999999999998,PureRGB
,,纯RGB,21.0431109884352,"(0.15790, 0.10530)","W=0.0000, RGB=1.0000","R=0.0532, G=0.4346, B=0.9436",0,对比精确法,0,1,PureRGB
18,"(0.1586, 0.1409, 1.9570)",精确法,30.1965536923023,"(0.15860, 0.14090)","W=0.0000, RGB=1.0000","R=0.0457, G=0.5529, B=0.7516",0,基准,0,1,PureRGB
,,投影1点,29.1443668167606,"(0.15710, 0.13915)","W=0.0211, RGB=0.9789","R=0.0356, G=0.5426, B=0.7488",1.0521868755417,对比精确法,0.0210864035331862,0.978913596466814,PureRGB
,,投影K点,28.8847552486834,"(0.15672, 0.13871)","W=0.0263, RGB=0.9737","R=0.0332, G=0.5401, B=0.7481",1.3117984436189,对比精确法,0.0262685173510482,0.973731482648952,PureRGB
,,同比例,30.1965536923023,"(0.15860, 0.14090)","W=0.0000, RGB=1.0000","R=0.0457, G=0.5529, B=0.7516",0,对比精确法,5.35017631274264e-16,0.999999999999999,PureRGB
,,纯RGB,30.1965536923024,"(0.15860, 0.14090)","W=0.0000, RGB=1.0000","R=0.0457, G=0.5529, B=0.7516",-9.9475983006414e-14,对比精确法,0,1,PureRGB
19,"(0.1580, 0.1664, 2.0940)",精确法,31.2780645922979,"(0.15800, 0.16640)","W=0.0000, RGB=1.0000","R=0.0353, G=0.6237, B=0.6518",0,基准,0,1,Ratio1
,,投影1点,27.7340359490381,"(0.15214, 0.16047)","W=0.0676, RGB=0.9324","R=0.0008, G=0.5884, B=0.6421",3.5440286432598,对比精确法,0.0675688188040923,0.932431181195908,Ratio1
,,投影K点,27.7623875001617,"(0.15219, 0.16052)","W=0.0670, RGB=0.9330","R=0.0010, G=0.5887, B=0.6422",3.5156770921362,对比精确法,0.0670329798132688,0.932967020186731,Ratio1
,,同比例,31.278064592298,"(0.15800, 0.16640)","W=0.0000, RGB=1.0000","R=0.0353, G=0.6237, B=0.6518",-1.03028696685215e-13,对比精确法,4.53028751481634e-16,1,Ratio1
,,纯RGB,31.2780645922979,"(0.15800, 0.16640)","W=0.0000, RGB=1.0000","R=0.0353, G=0.6237, B=0.6518",0,对比精确法,0,1,Ratio1
20,"(0.1609, 0.2060, 2.2930)",精确法,37.4971530879328,"(0.16090, 0.20600)","W=0.0000, RGB=1.0000","R=0.0430, G=0.7127, B=0.5334",0,基准,0,1,Ratio1
,,投影1点,33.5238896871267,"(0.15311, 0.19981)","W=0.0730, RGB=0.9270","R=0.0022, G=0.6710, B=0.5219",3.9732634008061,对比精确法,0.0730105863684502,0.92698941363155,Ratio1
,,投影K点,34.2276973538152,"(0.15453, 0.20094)","W=0.0602, RGB=0.9398","R=0.0094, G=0.6783, B=0.5239",3.2694557341176,对比精确法,0.0601809361198254,0.939819063880175,Ratio1
,,同比例,37.4971530879328,"(0.16090, 0.20600)","W=0.0000, RGB=1.0000","R=0.0430, G=0.7127, B=0.5334",0,对比精确法,0,1,Ratio1
,,纯RGB,37.4971530879328,"(0.16090, 0.20600)","W=0.0000, RGB=1.0000","R=0.0430, G=0.7127, B=0.5334",0,对比精确法,0,1,Ratio1
21,"(0.1667, 0.2407, 2.4490)",精确法,45.4163194716924,"(0.16670, 0.24070)","W=0.0000, RGB=1.0000","R=0.0646, G=0.7745, B=0.4505",0,基准,0,1,Ratio1
,,投影1点,42.2120188343116,"(0.15974, 0.23646)","W=0.0580, RGB=0.9420","R=0.0299, G=0.7391, B=0.4408",3.2043006373808,对比精确法,0.0580228419656822,0.941977158034318,Ratio1
,,投影K点,42.3548017296284,"(0.16006, 0.23666)","W=0.0555, RGB=0.9445","R=0.0315, G=0.7407, B=0.4412",3.061517742064,对比精确法,0.0554590827444171,0.944540917255583,Ratio1
,,同比例,45.4163194716924,"(0.16670, 0.24070)","W=0.0000, RGB=1.0000","R=0.0646, G=0.7745, B=0.4505",0,对比精确法,0,1,Ratio1
,,纯RGB,45.4163194716924,"(0.16670, 0.24070)","W=0.0000, RGB=1.0000","R=0.0646, G=0.7745, B=0.4505",0,对比精确法,0,1,Ratio1
22,"(0.1667, 0.2828, 2.5860)",精确法,44.1596231094779,"(0.16670, 0.28280)","W=0.0000, RGB=1.0000","R=0.0550, G=0.8417, B=0.3692",0,基准,0,1,Ratio1
,,投影1点,42.6723031530813,"(0.16303, 0.28152)","W=0.0265, RGB=0.9735","R=0.0382, G=0.8247, B=0.3645",1.4873199563966,对比精确法,0.0265095698894706,0.973490430110529,Ratio1
,,投影K点,42.2999508004729,"(0.16209, 0.28119)","W=0.0331, RGB=0.9669","R=0.0341, G=0.8204, B=0.3634",1.859672309005,对比精确法,0.0331156947333396,0.96688430526666,Ratio1
,,同比例,44.1596231094779,"(0.16670, 0.28280)","W=0.0000, RGB=1.0000","R=0.0550, G=0.8417, B=0.3692",0,对比精确法,0,1,Ratio1
,,纯RGB,44.1596231094779,"(0.16670, 0.28280)","W=0.0000, RGB=1.0000","R=0.0550, G=0.8417, B=0.3692",0,对比精确法,0,1,Ratio1
23,"(0.1766, 0.3402, 2.7720)",精确法,49.2828223608565,"(0.17660, 0.34020)","W=0.0000, RGB=1.0000","R=0.0836, G=0.9127, B=0.2798",0,基准,0,1,Ratio1
,,投影1点,43.2283119837948,"(0.15504, 0.34030)","W=0.1236, RGB=0.8764","R=0.0001, G=0.8272, B=0.2563",6.0545103770617,对比精确法,0.123637766541925,0.876362233458076,Ratio1
,,投影K点,43.6239577149083,"(0.15642, 0.34029)","W=0.1167, RGB=0.8833","R=0.0048, G=0.8320, B=0.2576",5.6588646459482,对比精确法,0.11667410849661,0.88332589150339,Ratio1
,,同比例,49.2828223608565,"(0.17660, 0.34020)","W=0.0000, RGB=1.0000","R=0.0836, G=0.9127, B=0.2798",0,对比精确法,0,1,Ratio1
,,纯RGB,49.2828223608565,"(0.17660, 0.34020)","W=0.0000, RGB=1.0000","R=0.0836, G=0.9127, B=0.2798",0,对比精确法,0,1,Ratio1
24,"(0.1800, 0.3800, 2.8720)",精确法,46.7380323446331,"(0.18000, 0.38000)","W=0.0000, RGB=1.0000","R=0.0874, G=0.9558, B=0.2298",0,基准,0,1,Ratio1
,,投影1点,40.5922088867176,"(0.15678, 0.38631)","W=0.1204, RGB=0.8796","R=0.0031, G=0.8695, B=0.2061",6.1458234579155,对比精确法,0.120412172721276,0.879587827278724,Ratio1
,,投影K点,41.9366280644353,"(0.16193, 0.38491)","W=0.0966, RGB=0.9034","R=0.0197, G=0.8866, B=0.2108",4.8014042801978,对比精确法,0.0965888366739261,0.903411163326074,Ratio1
,,同比例,46.7380323446331,"(0.18000, 0.38000)","W=0.0000, RGB=1.0000","R=0.0874, G=0.9558, B=0.2298",0,对比精确法,0,1,Ratio1
,,纯RGB,46.7380323446331,"(0.18000, 0.38000)","W=0.0000, RGB=1.0000","R=0.0874, G=0.9558, B=0.2298",0,对比精确法,0,1,Ratio1
25,"(0.1808, 0.4144, 2.9310)",精确法,43.2029885440329,"(0.18080, 0.41440)","W=0.0000, RGB=1.0000","R=0.0825, G=0.9855, B=0.1921",0,基准,0,1,Ratio1
,,投影1点,41.3783615997079,"(0.17369, 0.41799)","W=0.0375, RGB=0.9625","R=0.0557, G=0.9581, B=0.1846",1.824626944325,对比精确法,0.0374760464267145,0.962523953573285,Ratio1
,,投影K点,41.0899731682079,"(0.17257, 0.41856)","W=0.0431, RGB=0.9569","R=0.0517, G=0.9540, B=0.1834",2.113015375825,对比精确法,0.0430774996358824,0.956922500364118,Ratio1
,,同比例,43.2029885440329,"(0.18080, 0.41440)","W=0.0000, RGB=1.0000","R=0.0825, G=0.9855, B=0.1921",0,对比精确法,0,1,Ratio1
,,纯RGB,43.2029873030783,"(0.18080, 0.41440)","W=0.0000, RGB=1.0000","R=0.0825, G=0.9855, B=0.1921",1.24095459597129e-06,对比精确法,0,1,Ratio1
26,"(0.1861, 0.5109, 3.1060)",精确法,35.3306427986179,"(0.18610, 0.51090)","W=0.0000, RGB=1.0000","R=0.0816, G=1.0633, B=0.1084",0,基准,0,1,Ratio1
,,投影1点,34.8983809529873,"(0.18414, 0.51324)","W=0.0090, RGB=0.9910","R=0.0748, G=1.0563, B=0.1065",0.432261845630599,对比精确法,0.00896865836533457,0.991031341634665,Ratio1
,,投影K点,34.7770322892191,"(0.18359, 0.51391)","W=0.0115, RGB=0.9885","R=0.0729, G=1.0544, B=0.1060",0.553610509398801,对比精确法,0.0114614569002631,0.988538543099737,Ratio1
,,同比例,35.3306427986179,"(0.18610, 0.51090)","W=0.0000, RGB=1.0000","R=0.0816, G=1.0633, B=0.1084",0,对比精确法,0,1,Ratio1
,,纯RGB,35.3306427986179,"(0.18610, 0.51090)","W=0.0000, RGB=1.0000","R=0.0816, G=1.0633, B=0.1084",0,对比精确法,0,1,Ratio1
27,"(0.1934, 0.6418, 3.2690)",精确法,15.6641427002602,"(0.19340, 0.64180)","W=0.0000, RGB=1.0000","R=0.0807, G=1.1364, B=0.0263",0,基准,0,1,Ratio1
,,投影1点,13.4425846663677,"(0.17998, 0.67171)","W=0.0476, RGB=0.9524","R=0.0427, G=1.0976, B=0.0157",2.2215580338925,对比精确法,0.0476194436916183,0.952380556308382,Ratio1
,,投影K点,14.2333351229835,"(0.18498, 0.66055)","W=0.0309, RGB=0.9691","R=0.0561, G=1.1113, B=0.0194",1.4308075772767,对比精确法,0.030899928875231,0.969100071124769,Ratio1
,,同比例,15.6641427002602,"(0.19340, 0.64180)","W=0.0000, RGB=1.0000","R=0.0807, G=1.1364, B=0.0263",0,对比精确法,0,1,Ratio1
,,纯RGB,15.6641427002602,"(0.19340, 0.64180)","W=0.0000, RGB=1.0000","R=0.0807, G=1.1364, B=0.0263",0,对比精确法,0,1,Ratio1
28,"(0.2368, 0.6205, 3.2180)",精确法,31.7801878265271,"(0.23680, 0.62050)","W=0.0000, RGB=1.0000","R=0.1901, G=1.0753, B=0.0206",0,基准,0,1,PureRGB
,,投影1点,30.3533522388335,"(0.22949, 0.64278)","W=0.0402, RGB=0.9598","R=0.1585, G=1.0431, B=0.0117",1.4268355876936,对比精确法,0.0401883651687552,0.959811634831245,PureRGB
,,投影K点,30.3241597092455,"(0.22933, 0.64324)","W=0.0410, RGB=0.9590","R=0.1579, G=1.0425, B=0.0116",1.4560281172816,对比精确法,0.0409685599295116,0.959031440070488,PureRGB
,,同比例,31.7801877863303,"(0.23680, 0.62050)","W=0.0000, RGB=1.0000","R=0.1901, G=1.0753, B=0.0206",4.01968023311383e-08,对比精确法,2.42978192575484e-16,1,PureRGB
,,纯RGB,31.7801878265271,"(0.23680, 0.62050)","W=0.0000, RGB=1.0000","R=0.1901, G=1.0753, B=0.0206",0,对比精确法,0,1,PureRGB
29,"(0.3092, 0.5649, 3.1110)",精确法,54.6822824682882,"(0.30529, 0.60927)","W=0.0988, RGB=0.9012","R=0.3189, G=0.8785, B=0.0000",0,基准,0.0988453677739881,0.901154632226012,ProjK
,,投影1点,54.0897787863241,"(0.30712, 0.58848)","W=0.0569, RGB=0.9431","R=0.3507, G=0.9111, B=0.0089",0.592503681964097,对比精确法,0.0569252535587666,0.943074746441233,ProjK
,,投影K点,54.2165643248177,"(0.30680, 0.59215)","W=0.0648, RGB=0.9352","R=0.3447, G=0.9049, B=0.0073",0.465718143470497,对比精确法,0.0648146275266777,0.935185372473322,ProjK
,,同比例,52.9714345175484,"(0.30920, 0.56490)","W=0.0000, RGB=1.0000","R=0.3938, G=0.9552, B=0.0211",1.7108479507398,对比精确法,1.33446599834562e-16,1,ProjK
,,纯RGB,52.9714340231462,"(0.30920, 0.56490)","W=0.0000, RGB=1.0000","R=0.3938, G=0.9552, B=0.0211",1.710848445142,对比精确法,0,1,ProjK
30,"(0.3696, 0.5362, 3.0010)",精确法,43.9056541956806,"(0.37355, 0.55536)","W=0.0562, RGB=0.9438","R=0.5212, G=0.8079, B=0.0000",0,基准,0.0562023980225659,0.943797601977434,ProjK
,,投影1点,41.9860694232518,"(0.37127, 0.54428)","W=0.0250, RGB=0.9750","R=0.5440, G=0.8312, B=0.0064",1.9195847724288,对比精确法,0.0249731804534782,0.975026819546522,ProjK
,,投影K点,41.9923369723468,"(0.37127, 0.54431)","W=0.0251, RGB=0.9749","R=0.5439, G=0.8312, B=0.0064",1.9133172233338,对比精确法,0.0250740752933203,0.97492592470668,ProjK
,,同比例,40.4230166160722,"(0.36960, 0.53620)","W=0.0000, RGB=1.0000","R=0.5623, G=0.8499, B=0.0116",3.48263757960839,对比精确法,0,1,ProjK
,,纯RGB,40.4230166160722,"(0.36960, 0.53620)","W=0.0000, RGB=1.0000","R=0.5623, G=0.8499, B=0.0116",3.48263757960839,对比精确法,0,1,ProjK
