序号,目标xyY,精确法_RGB点,精确法_白RGB比例,精确法_RGB权重,网格法_RGB点,网格法_白RGB比例,网格法_RGB权重,纯RGB点,纯RGB_白RGB比例,纯RGB_RGB权重,纯RGB_Ra,网格RGB点距精确点_xy,白色比例差_网格减精确,RGB比例差_网格减精确
1,"(0.3169, 0.3310, 3.2310)","(0.22148, 0.26422)","W=0.9099, RGB=0.0901","R=0.0355, G=0.0830, B=0.0420","(0.20750, 0.25444)","W=0.9232, RGB=0.0768","R=0.0250, G=0.0722, B=0.0390","(0.31690, 0.33100)","W=0.0000, RGB=1.0000","R=0.7520, G=0.8160, B=0.2433",24.5676734142887,0.0170613555918557,0.013318362836052,-0.0133183628360515
2,"(0.3197, 0.3497, 3.1980)","(0.25378, 0.42165)","W=0.8503, RGB=0.1497","R=0.0526, G=0.1466, B=0.0240","(0.26254, 0.41210)","W=0.8344, RGB=0.1656","R=0.0649, G=0.1593, B=0.0275","(0.31970, 0.34970)","W=0.0000, RGB=1.0000","R=0.7153, G=0.8246, B=0.2102",30.3872718834851,0.0129572835121758,-0.0158641362149641,0.015864136214964
3,"(0.4016, 0.5034, 2.9180)","(0.41138, 0.52549)","W=0.0801, RGB=0.9199","R=0.6151, G=0.7171, B=0.0000","(0.40901, 0.52013)","W=0.0625, RGB=0.9375","R=0.6276, G=0.7299, B=0.0035","(0.40160, 0.50340)","W=0.0000, RGB=1.0000","R=0.6720, G=0.7754, B=0.0160",30.5228985941649,0.00585539131868429,-0.0176167126286776,0.017616712628678
4,"(0.4165, 0.4966, 2.8880)","(0.42611, 0.51385)","W=0.0677, RGB=0.9323","R=0.6681, G=0.6988, B=0.0000","(0.42513, 0.51211)","W=0.0614, RGB=0.9386","R=0.6725, G=0.7033, B=0.0012","(0.41650, 0.49660)","W=0.0000, RGB=1.0000","R=0.7158, G=0.7476, B=0.0134",24.6256181904508,0.00199732117100111,-0.00622788359928639,0.00622788359928705
5,"(0.4310, 0.4900, 2.8510)","(0.43982, 0.50302)","W=0.0552, RGB=0.9448","R=0.7182, G=0.6792, B=0.0000","(0.43979, 0.50297)","W=0.0550, RGB=0.9450","R=0.7183, G=0.6793, B=0.0000","(0.43100, 0.49000)","W=0.0000, RGB=1.0000","R=0.7565, G=0.7184, B=0.0108",19.0921776497549,5.67477477758709e-05,-0.000183267482187201,0.000183267482187
6,"(0.4576, 0.4619, 2.7920)","(0.47315, 0.47670)","W=0.0793, RGB=0.9207","R=0.8098, G=0.5983, B=0.0000","(0.47209, 0.47569)","W=0.0744, RGB=0.9256","R=0.8131, G=0.6017, B=0.0009","(0.45760, 0.46190)","W=0.0000, RGB=1.0000","R=0.8637, G=0.6535, B=0.0152",9.09988981366668,0.00146416675422502,-0.0048609316197854,0.00486093161978507
7,"(0.4959, 0.4449, 2.6830)","(0.50563, 0.45105)","W=0.0420, RGB=0.9580","R=0.9449, G=0.5440, B=0.0000","(0.50512, 0.45072)","W=0.0400, RGB=0.9600","R=0.9463, G=0.5454, B=0.0004","(0.49590, 0.44490)","W=0.0000, RGB=1.0000","R=0.9724, G=0.5722, B=0.0077",-0.0754423391892729,0.00060475531778004,-0.0020937846818298,0.00209378468182997
8,"(0.5289, 0.4162, 2.5930)","(0.54293, 0.42159)","W=0.0535, RGB=0.9465","R=1.0699, G=0.4523, B=0.0000","(0.54210, 0.42126)","W=0.0505, RGB=0.9495","R=1.0718, G=0.4543, B=0.0005","(0.52890, 0.41620)","W=0.0000, RGB=1.0000","R=1.1037, G=0.4869, B=0.0095",-4.46025973975091,0.0008949740021902,-0.0029891930770442,0.00298919307704504
9,"(0.5532, 0.3927, 2.5130)","(0.57343, 0.39750)","W=0.0716, RGB=0.9284","R=1.1650, G=0.3708, B=0.0000","(0.56197, 0.39478)","W=0.0325, RGB=0.9675","R=1.1889, G=0.3952, B=0.0067","(0.55320, 0.39270)","W=0.0000, RGB=1.0000","R=1.2088, G=0.4156, B=0.0123",-4.21472168962119,0.0117802247755028,-0.0390211837681937,0.0390211837681941
10,"(0.5897, 0.3655, 2.3750)","(0.61123, 0.36765)","W=0.0709, RGB=0.9291","R=1.3006, G=0.2711, B=0.0000","(0.60701, 0.36723)","W=0.0578, RGB=0.9422","R=1.3082, G=0.2788, B=0.0021","(0.58970, 0.36550)","W=0.0000, RGB=1.0000","R=1.3417, G=0.3130, B=0.0115",2.81964373336255,0.00423942345832214,-0.0130213426350559,0.0130213426350569
11,"(0.6846, 0.3072, 1.9420)","(0.68818, 0.30688)","W=0.0110, RGB=0.9890","R=1.5882, G=0.0532, B=0.0000","(0.68638, 0.30704)","W=0.0055, RGB=0.9945","R=1.5908, G=0.0558, B=0.0007","(0.68460, 0.30720)","W=0.0000, RGB=1.0000","R=1.5934, G=0.0585, B=0.0015",55.6185382931569,0.00180444381747082,-0.00550247173866791,0.00550247173866791
12,"(0.6540, 0.2906, 1.9070)","(0.68986, 0.28520)","W=0.1161, RGB=0.8839","R=1.5055, G=0.0000, B=0.0111","(0.66801, 0.28849)","W=0.0483, RGB=0.9517","R=1.5370, G=0.0323, B=0.0200","(0.65400, 0.29060)","W=0.0000, RGB=1.0000","R=1.5595, G=0.0552, B=0.0263",48.3415529568454,0.0220968316403738,-0.0678259927288106,0.067825992728811
13,"(0.6282, 0.2821, 1.9150)","(0.66729, 0.27460)","W=0.1391, RGB=0.8609","R=1.4655, G=0.0000, B=0.0271","(0.64732, 0.27843)","W=0.0723, RGB=0.9277","R=1.4967, G=0.0319, B=0.0359","(0.62820, 0.28210)","W=0.0000, RGB=1.0000","R=1.5304, G=0.0664, B=0.0454",38.9758759889477,0.0203317313912805,-0.0667773924197295,0.066777392419728
14,"(0.5211, 0.2316, 1.8350)","(0.54598, 0.21762)","W=0.1681, RGB=0.8319","R=1.3108, G=0.0000, B=0.1310","(0.53727, 0.22251)","W=0.1139, RGB=0.8861","R=1.3350, G=0.0248, B=0.1378","(0.52110, 0.23160)","W=0.0000, RGB=1.0000","R=1.3860, G=0.0769, B=0.1521",9.8885671071531,0.00998781793111041,-0.054270042393482,0.0542700423934821
15,"(0.2082, 0.0680, 1.2650)","(0.20311, 0.05657)","W=0.2016, RGB=0.7984","R=0.4486, G=0.0000, B=1.0474","(0.20496, 0.06071)","W=0.1305, RGB=0.8695","R=0.4705, G=0.0224, B=1.0535","(0.20820, 0.06800)","W=0.0000, RGB=1.0000","R=0.5107, G=0.0636, B=1.0648",-130.938885757346,0.0045319352256416,-0.071152512217944,0.0711525122179441
16,"(0.1486, 0.0288, 0.5840)","(NaN, NaN)","W=NaN, RGB=NaN","R=NaN, G=NaN, B=NaN","(NaN, NaN)","W=NaN, RGB=NaN","R=NaN, G=NaN, B=NaN","(0.14860, 0.02880)","W=0.0000, RGB=1.0000","R=NaN, G=NaN, B=NaN",NaN,NaN,NaN,NaN
17,"(0.1579, 0.1053, 1.7290)","(0.15790, 0.10530)","W=0.0000, RGB=1.0000","R=0.0532, G=0.4346, B=0.9436","(0.15461, 0.10079)","W=0.0609, RGB=0.9391","R=0.0276, G=0.4083, B=0.9363","(0.15790, 0.10530)","W=0.0000, RGB=1.0000","R=0.0532, G=0.4346, B=0.9436",21.0431109884352,0.00558398658866956,0.0608937647492952,-0.060893764749295
18,"(0.1586, 0.1409, 1.9570)","(0.15860, 0.14090)","W=0.0000, RGB=1.0000","R=0.0457, G=0.5529, B=0.7516","(0.15692, 0.13895)","W=0.0235, RGB=0.9765","R=0.0345, G=0.5415, B=0.7485","(0.15860, 0.14090)","W=0.0000, RGB=1.0000","R=0.0457, G=0.5529, B=0.7516",30.1965536923024,0.00257287568206773,0.023457099236762,-0.023457099236762
19,"(0.1580, 0.1664, 2.0940)","(0.15800, 0.16640)","W=0.0000, RGB=1.0000","R=0.0353, G=0.6237, B=0.6518","(0.15409, 0.16244)","W=0.0456, RGB=0.9544","R=0.0120, G=0.5999, B=0.6453","(0.15800, 0.16640)","W=0.0000, RGB=1.0000","R=0.0353, G=0.6237, B=0.6518",31.2780645922979,0.00556872556668586,0.0456438035146735,-0.045643803514674
20,"(0.1609, 0.2060, 2.2930)","(0.16090, 0.20600)","W=0.0000, RGB=1.0000","R=0.0430, G=0.7127, B=0.5334","(0.15519, 0.20147)","W=0.0541, RGB=0.9459","R=0.0128, G=0.6818, B=0.5249","(0.16090, 0.20600)","W=0.0000, RGB=1.0000","R=0.0430, G=0.7127, B=0.5334",37.4971530879328,0.00729085677158804,0.0541278692197876,-0.054127869219788
21,"(0.1667, 0.2407, 2.4490)","(0.16670, 0.24070)","W=0.0000, RGB=1.0000","R=0.0646, G=0.7745, B=0.4505","(0.16307, 0.23849)","W=0.0309, RGB=0.9691","R=0.0461, G=0.7557, B=0.4453","(0.16670, 0.24070)","W=0.0000, RGB=1.0000","R=0.0646, G=0.7745, B=0.4505",45.4163194716924,0.00424985546531783,0.0308514076321183,-0.030851407632118
22,"(0.1667, 0.2828, 2.5860)","(0.16670, 0.28280)","W=0.0000, RGB=1.0000","R=0.0550, G=0.8417, B=0.3692","(0.15652, 0.27925)","W=0.0708, RGB=0.9292","R=0.0103, G=0.7961, B=0.3567","(0.16670, 0.28280)","W=0.0000, RGB=1.0000","R=0.0550, G=0.8417, B=0.3692",44.1596231094779,0.0107803732973848,0.0708199192375747,-0.070819919237575
23,"(0.1766, 0.3402, 2.7720)","(0.17660, 0.34020)","W=0.0000, RGB=1.0000","R=0.0836, G=0.9127, B=0.2798","(0.15884, 0.34028)","W=0.1041, RGB=0.8959","R=0.0133, G=0.8407, B=0.2600","(0.17660, 0.34020)","W=0.0000, RGB=1.0000","R=0.0836, G=0.9127, B=0.2798",49.2828223608565,0.0177567292074337,0.104111650858771,-0.104111650858771
24,"(0.1800, 0.3800, 2.8720)","(0.18000, 0.38000)","W=0.0000, RGB=1.0000","R=0.0874, G=0.9558, B=0.2298","(0.15965, 0.38553)","W=0.1073, RGB=0.8927","R=0.0122, G=0.8789, B=0.2087","(0.18000, 0.38000)","W=0.0000, RGB=1.0000","R=0.0874, G=0.9558, B=0.2298",46.7380323446331,0.021091367810776,0.107344818517067,-0.107344818517066
25,"(0.1808, 0.4144, 2.9310)","(0.18080, 0.41440)","W=0.0000, RGB=1.0000","R=0.0825, G=0.9855, B=0.1921","(0.15724, 0.42630)","W=0.1124, RGB=0.8876","R=0.0022, G=0.9034, B=0.1695","(0.18080, 0.41440)","W=0.0000, RGB=1.0000","R=0.0825, G=0.9855, B=0.1921",43.2029873030783,0.0263989564992954,0.112355534660832,-0.112355534660832
26,"(0.1861, 0.5109, 3.1060)","(0.18610, 0.51090)","W=0.0000, RGB=1.0000","R=0.0816, G=1.0633, B=0.1084","(0.18350, 0.51401)","W=0.0119, RGB=0.9881","R=0.0726, G=1.0541, B=0.1059","(0.18610, 0.51090)","W=0.0000, RGB=1.0000","R=0.0816, G=1.0633, B=0.1084",35.3306427986179,0.00405385578967992,0.0118546541002908,-0.011854654100291
27,"(0.1934, 0.6418, 3.2690)","(0.19340, 0.64180)","W=0.0000, RGB=1.0000","R=0.0807, G=1.1364, B=0.0263","(0.19156, 0.64591)","W=0.0071, RGB=0.9929","R=0.0750, G=1.1307, B=0.0248","(0.19340, 0.64180)","W=0.0000, RGB=1.0000","R=0.0807, G=1.1364, B=0.0263",15.6641427002602,0.00450529485520974,0.00709618362399396,-0.007096183623994
28,"(0.2368, 0.6205, 3.2180)","(0.23680, 0.62050)","W=0.0000, RGB=1.0000","R=0.1901, G=1.0753, B=0.0206","(0.22793, 0.64752)","W=0.0480, RGB=0.9520","R=0.1524, G=1.0368, B=0.0100","(0.23680, 0.62050)","W=0.0000, RGB=1.0000","R=0.1901, G=1.0753, B=0.0206",31.7801878265271,0.0284423979528087,0.0480015014469296,-0.0480015014469301
29,"(0.3092, 0.5649, 3.1110)","(0.30529, 0.60927)","W=0.0988, RGB=0.9012","R=0.3189, G=0.8785, B=0.0000","(0.30695, 0.59045)","W=0.0612, RGB=0.9388","R=0.3474, G=0.9077, B=0.0080","(0.30920, 0.56490)","W=0.0000, RGB=1.0000","R=0.3938, G=0.9552, B=0.0211",52.9714340231462,0.0188914745657962,-0.0376555009039147,0.037655500903914
30,"(0.3696, 0.5362, 3.0010)","(0.37355, 0.55536)","W=0.0562, RGB=0.9438","R=0.5212, G=0.8079, B=0.0000","(0.37256, 0.55054)","W=0.0430, RGB=0.9570","R=0.5308, G=0.8177, B=0.0027","(0.36960, 0.53620)","W=0.0000, RGB=1.0000","R=0.5623, G=0.8499, B=0.0116",40.4230166160722,0.00492214942031158,-0.0131792454726266,0.0131792454726269
