序号,目标_x,目标_y,目标_Y,精确法_RGB点_x,精确法_RGB点_y,精确法_RayT,精确法_白色比例,精确法_RGB比例,精确法_R权重,精确法_G权重,精确法_B权重,网格法_RGB点_x,网格法_RGB点_y,网格法_RayT,网格法_白色比例,网格法_RGB比例,网格法_R权重,网格法_G权重,网格法_B权重,纯RGB点_x,纯RGB点_y,纯RGB_白色比例,纯RGB_RGB比例,纯RGB_R权重,纯RGB_G权重,纯RGB_B权重,纯RGB_Ra
1,0.3169,0.331,3.231,0.221478091799699,0.264222325835937,8.85685937465984,0.909871577828421,0.0901284221715788,0.0354917618453623,0.0829791583250189,0.0419827076361178,0.207499669309649,0.254440017349623,10.0078162340989,0.923189940664473,0.0768100593355273,0.0250034456881148,0.0722492490859706,0.0390356742168181,0.3169,0.331,0,1,0.752022831634668,0.81601516053256,0.243315407468637,24.5676734142887
2,0.3197,0.3497,3.198,0.253783692819428,0.421651884009642,8.05361069875187,0.850284150001922,0.149715849998078,0.0525835173494416,0.146601134335024,0.0240125903238742,0.262536391656822,0.412097750920932,7.11699678933995,0.834420013786958,0.165579986213042,0.0649490508799969,0.159251501704393,0.0274870889960787,0.3197,0.3497,0,1,0.715349962674776,0.824634071024627,0.210238370923993,30.3872718834851
3,0.4016,0.5034,2.918,0.411377044481063,0.525486218510068,1.13475364210218,0.0800874705696907,0.919912529430309,0.615088512986766,0.717109109972868,0,0.409006853112299,0.520131986504415,1.10208610949161,0.0624707579410131,0.937529242058987,0.627617851048393,0.729927055028206,0.00352052488080309,0.4016,0.5034,0,1,0.672048231545993,0.775380866969811,0.0160046847969924,30.5228985941649
4,0.4165,0.4966,2.888,0.426105097678533,0.513854227885214,1.10982908451665,0.0676539889778087,0.932346011022191,0.668140326709119,0.698840874093579,0,0.425133612537027,0.512109089357772,1.0987206786176,0.0614261053785223,0.938573894621478,0.672524176304363,0.703325703456975,0.00123178507099448,0.4165,0.4966,0,1,0.715762429381526,0.747559927923251,0.0133809780301031,24.6256181904508
5,0.431,0.49,2.851,0.439821223836237,0.503021441722876,1.08652079547391,0.0551728276721618,0.944827172327838,0.718190730128914,0.679182129749748,0,0.439789396355833,0.502974459615976,1.08620862349261,0.0549895601899746,0.945010439810025,0.718318080613093,0.679312413688209,3.57832589342626e-05,0.431,0.49,0,1,0.756529699125051,0.718404217592989,0.0107725798115877,19.0921776497549
6,0.4576,0.4619,2.792,0.473146154580376,0.47670192231373,1.12093002982621,0.0792951373138881,0.920704862686112,0.809787997935455,0.598307455464342,0,0.472085761720576,0.475692293041639,1.1126814729564,0.0744342056941027,0.925565794305897,0.813095901922388,0.60169155535408,0.000929463171320472,0.4576,0.4619,0,1,0.86374899170821,0.653511413559218,0.0151620955740398,9.09988981366668
7,0.4959,0.4449,2.683,0.505630231512904,0.451046496354167,1.05831550818864,0.042048001649608,0.957951998350392,0.944884782316722,0.544039409371371,0,0.505118943391645,0.450723520424038,1.05525124126113,0.0399542169677782,0.960045783032222,0.946253994203014,0.545440160364065,0.000384724595112311,0.4959,0.4449,0,1,0.972381699336471,0.572169704029935,0.0077261528132823,-0.0754423391892729
8,0.5289,0.4162,2.593,0.542932770037647,0.421585523299179,1.07021477158588,0.0535173169631415,0.946482683036858,1.06992467529044,0.452330818194705,0,0.542097216871533,0.421264853108495,1.06603397374275,0.0505281238860973,0.949471876113903,1.07181386014115,0.454263519467244,0.000530827904766299,0.5289,0.4162,0,1,1.10374788505024,0.4869331285613,0.00950373043829967,-4.46025973975091
9,0.5532,0.3927,2.513,0.573427965496475,0.397500885436715,1.09024099185396,0.071558184520179,0.928441815479821,1.16501395765076,0.370789197976503,0,0.561966139542008,0.394780546937396,1.03910749833634,0.0325370007519853,0.967462999248015,1.18891467294807,0.395240454216639,0.00671568302006754,0.5532,0.3927,0,1,1.20884378622718,0.415628624585801,0.0123154153288587,-4.21472168962119
10,0.5897,0.3655,2.375,0.611227491757042,0.367647399087115,1.08258999615467,0.0708622465815375,0.929137753418462,1.30064042330311,0.271065129921958,0,0.607009004077336,0.367226598712661,1.06640581245238,0.0578409039464816,0.942159096053519,1.30817809730339,0.2787764304476,0.00211795457436188,0.5897,0.3655,0,1,1.34166050307743,0.313030086580212,0.0115259250526807,2.81964373336255
11,0.6846,0.3072,1.942,0.688175281110919,0.306875214714417,1.01005549509995,0.0110021072327567,0.988997892767243,1.58822873360772,0.0531840061190857,0,0.686378236886817,0.30703846160422,1.00500129968727,0.00549963549408879,0.994500364505911,1.5908332375313,0.0558485034791716,0.000731820054659254,0.6846,0.3072,0,1,1.59343639896545,0.0585116274262621,0.00146326289326701,55.6185382931569
12,0.654,0.2906,1.907,0.689859872730693,0.285203799544134,1.11035336481049,0.116109463622322,0.883890536377678,1.50552337381487,0,0.0111354466272583,0.668009054295747,0.288491914850209,1.04311075755786,0.0482834708935114,0.951716529106489,1.53704907986626,0.0322518848170491,0.0199936187025031,0.654,0.2906,0,1,1.55949136857136,0.0552111203427443,0.0262995093552929,48.3415529568454
13,0.6282,0.2821,1.915,0.667285894072386,0.274600534356907,1.13065434276834,0.139068820167715,0.860931179832286,1.46549528526226,0,0.0271241435865614,0.647318389002279,0.278431727727442,1.06390798033828,0.0722914277479855,0.927708572252014,1.4966638069591,0.031886472900737,0.0358819531046595,0.6282,0.2821,0,1,1.53040601899542,0.0664059198020611,0.0453629245991554,38.9758759889477
14,0.5211,0.2316,1.835,0.545980322941708,0.217621870610663,1.12954793538697,0.168122615105962,0.831877384894038,1.31076167344766,0,0.130958202165264,0.537272636219286,0.222513976391323,1.08420837771606,0.11385257271248,0.88614742728752,1.33503415609176,0.0248315870605805,0.137778345308271,0.5211,0.2316,0,1,1.38595515178794,0.0769255222538317,0.152086254586631,9.8885671071531
15,0.2082,0.068,1.265,0.203114042401548,0.0565735170459461,1.04208660447475,0.201636905802917,0.798363094197083,0.448565273515217,0,1.04735856244361,0.204956910939114,0.0607138397921412,1.0268367566854,0.130484393584973,0.869515606415027,0.470503359475845,0.0224434187248744,1.05352278094276,0.2082,0.068,0,1,0.51073493744486,0.0636017108357525,1.06482715077757,-130.938885757346
16,0.1486,0.0288,0.584,NaN,NaN,NaN,NaN,NaN,NaN,NaN,NaN,NaN,NaN,NaN,NaN,NaN,NaN,NaN,NaN,0.1486,0.0288,0,1,NaN,NaN,NaN,NaN
17,0.1579,0.1053,1.729,0.1579,0.1053,1,0,1,0.0532144311469309,0.434588408120575,0.943552107374262,0.154605362625036,0.100791533432537,1.01925055663166,0.0608937647492952,0.939106235250705,0.0275527096009237,0.408335581739467,0.936341612394991,0.1579,0.1053,0,1,0.0532144311469309,0.434588408120575,0.943552107374262,21.0431109884352
18,0.1586,0.1409,1.957,0.1586,0.1409,1,0,1,0.0456933104719527,0.552939534215026,0.751628055089942,0.156924364744269,0.138947582072115,1.00983094145572,0.023457099236762,0.976542900763238,0.0345045210419179,0.541493016654041,0.748484200930946,0.1586,0.1409,0,1,0.0456933104719526,0.552939534215026,0.751628055089942,30.1965536923024
19,0.158,0.1664,2.094,0.158,0.1664,1,0,1,0.0352506577234565,0.623717356610741,0.651827494269171,0.154085890623903,0.162438882452008,1.02288350056134,0.0456438035146735,0.954356196485326,0.011954919668261,0.59988501295888,0.645281799274224,0.158,0.1664,0,1,0.0352506577234565,0.623717356610741,0.651827494269171,31.2780645922979
20,0.1609,0.206,2.293,0.1609,0.206,1,0,1,0.0430136112210566,0.712713000823783,0.533371148637144,0.155189993497375,0.201466522504325,1.03395881521976,0.0541278692197876,0.945872130780212,0.0127623869248264,0.681764954807421,0.524871083646815,0.1609,0.206,0,1,0.0430136112210566,0.712713000823783,0.533371148637144,37.4971530879328
21,0.1667,0.2407,2.449,0.1667,0.2407,1,0,1,0.064560309431086,0.774538916108966,0.450514650206311,0.163069586541594,0.238490617824568,1.02236232997082,0.0308514076321183,0.969148592367882,0.0461448847370452,0.755699301379289,0.445340237918364,0.1667,0.2407,0,1,0.064560309431086,0.774538916108966,0.450514650206311,45.4163194716924
22,0.1667,0.2828,2.586,0.1667,0.2828,1,0,1,0.0549533628232284,0.841748541602287,0.369238351193312,0.15652248220227,0.279245484574818,1.06269065875948,0.0708199192375747,0.929180080762425,0.0103156516784221,0.796082623256407,0.35669593499108,0.1667,0.2828,0,1,0.0549533628232284,0.841748541602287,0.369238351193312,44.1596231094779
23,0.1766,0.3402,2.772,0.1766,0.3402,1,0,1,0.0835921579177166,0.912651950238645,0.279791935839944,0.158843458371615,0.340281618291826,1.11647831298753,0.104111650858771,0.895888349141229,0.0132508355139141,0.840690350890222,0.260027254381662,0.1766,0.3402,0,1,0.0835921579177166,0.912651950238645,0.279791935839944,49.2828223608565
24,0.18,0.38,2.872,0.18,0.38,1,0,1,0.0873561447358813,0.95576743007527,0.229780962955079,0.159646692060571,0.385530700864467,1.13655809880998,0.107344818517067,0.892655181482934,0.012214016478913,0.878894440728065,0.208667339009106,0.18,0.38,0,1,0.0873561447358813,0.95576743007527,0.229780962955079,46.7380323446331
25,0.1808,0.4144,2.931,0.1808,0.4144,1,0,1,0.0825003408613666,0.985469897630069,0.192084073208606,0.157237737716327,0.426304818365985,1.15894131458836,0.112355534660832,0.887644465339168,0.00223496218127566,0.903355646365808,0.169530905489732,0.1808,0.4144,0,1,0.0825003408613666,0.985469897630068,0.192084073208606,43.2029873030783
26,0.1861,0.5109,3.106,0.1861,0.5109,1,0,1,0.0815548904236282,1.0632687959084,0.108406080375115,0.183503593862033,0.514013265476995,1.01816366662911,0.0118546541002908,0.988145345899709,0.0725804308066118,1.05408761413276,0.105884414169122,0.1861,0.5109,0,1,0.0815548904236282,1.0632687959084,0.108406080375115,35.3306427986179
27,0.1934,0.6418,3.269,0.1934,0.6418,1,0,1,0.0806906004951592,1.13644555187531,0.0263458406801941,0.191555600257545,0.645910458772742,1.01359725116917,0.00709618362399396,0.992903816376006,0.0750365753532684,1.13066128911109,0.0247571584935689,0.1934,0.6418,0,1,0.0806906004951592,1.13644555187531,0.0263458406801941,15.6641427002602
28,0.2368,0.6205,3.218,0.2368,0.6205,1,0,1,0.19005764336589,1.07533456740813,0.0205913329315851,0.227928882676489,0.647523568948946,1.09616903925481,0.0480015014469296,0.95199849855307,0.152408176434712,1.03681786396275,0.0100124911421592,0.2368,0.6205,0,1,0.19005764336589,1.07533456740813,0.0205913329315851,31.7801878265271
29,0.3092,0.5649,3.111,0.305293574657899,0.60926931664873,1.19684638678445,0.0988453677739882,0.901154632226012,0.318893201044141,0.878538136572097,0,0.306950434949918,0.590450639085127,1.11335651219873,0.0611898668700735,0.938810133129926,0.347445850270458,0.907748481697045,0.00802279510056102,0.3092,0.5649,0,1,0.39384366102869,0.955215042664733,0.0210597685133399,52.9714340231462
30,0.3696,0.5362,3.001,0.373550539694032,0.555361012086271,1.09741200954329,0.0562023980225661,0.943797601977434,0.521156019137153,0.807870239116014,0,0.372556616164026,0.550540257899178,1.07290394333235,0.0430231525499395,0.956976847450061,0.530795963165987,0.817732234401827,0.00270865568764515,0.3696,0.5362,0,1,0.56226519889627,0.849926348132354,0.0115509605902184,40.4230166160722
