颜色序号,层级,方法,目标xyY,RGB混色点,白色_RGB比例,RGB权重,Ra,RGB点距精确点_xy,白色比例差_相对精确,RGB比例差_相对精确,Ra差_相对精确,RGB点_x,RGB点_y,白色比例,RGB比例,R权重,G权重,B权重
1,1,精确法,"(0.3169, 0.3310, 3.2310)","(0.22148, 0.26422)","W=0.9099, RGB=0.0901","R=0.0355, G=0.0830, B=0.0420",96.8106602575696,0,0,0,0,0.221478091799699,0.264222325835937,0.909871577828421,0.0901284221715788,0.0354917618453623,0.0829791583250189,0.0419827076361178
1,2,网格法,"(0.3169, 0.3310, 3.2310)","(0.20750, 0.25444)","W=0.9232, RGB=0.0768","R=0.0250, G=0.0722, B=0.0390",96.591758016759,0.0170613555918557,0.013318362836052,-0.0133183628360515,-0.218902240810593,0.207499669309649,0.254440017349623,0.923189940664473,0.0768100593355273,0.0250034456881148,0.0722492490859706,0.0390356742168181
1,3,纯RGB,"(0.3169, 0.3310, 3.2310)","(0.31690, 0.33100)","W=0.0000, RGB=1.0000","R=0.7520, G=0.8160, B=0.2433",24.5676734142887,0.116467155590529,-0.909871577828421,0.909871577828421,-72.2429868432809,0.3169,0.331,0,1,0.752022831634668,0.81601516053256,0.243315407468637
2,1,精确法,"(0.3197, 0.3497, 3.1980)","(0.25378, 0.42165)","W=0.8503, RGB=0.1497","R=0.0526, G=0.1466, B=0.0240",96.0056965723212,0,0,0,0,0.253783692819428,0.421651884009642,0.850284150001922,0.149715849998078,0.0525835173494416,0.146601134335024,0.0240125903238742
2,2,网格法,"(0.3197, 0.3497, 3.1980)","(0.26254, 0.41210)","W=0.8344, RGB=0.1656","R=0.0649, G=0.1593, B=0.0275",95.8042267393803,0.0129572835121758,-0.0158641362149641,0.015864136214964,-0.201469832940901,0.262536391656822,0.412097750920932,0.834420013786958,0.165579986213042,0.0649490508799969,0.159251501704393,0.0274870889960787
2,3,纯RGB,"(0.3197, 0.3497, 3.1980)","(0.31970, 0.34970)","W=0.0000, RGB=1.0000","R=0.7153, G=0.8246, B=0.2102",30.3872718834851,0.0975809057390866,-0.850284150001922,0.850284150001922,-65.6184246888361,0.3197,0.3497,0,1,0.715349962674776,0.824634071024627,0.210238370923993
3,1,精确法,"(0.4016, 0.5034, 2.9180)","(0.41138, 0.52549)","W=0.0801, RGB=0.9199","R=0.6151, G=0.7171, B=0.0000",36.4846687402328,0,0,0,0,0.411377044481063,0.525486218510068,0.0800874705696907,0.919912529430309,0.615088512986766,0.717109109972868,0
3,2,网格法,"(0.4016, 0.5034, 2.9180)","(0.40901, 0.52013)","W=0.0625, RGB=0.9375","R=0.6276, G=0.7299, B=0.0035",35.1802915712005,0.00585539131868429,-0.0176167126286776,0.017616712628678,-1.3043771690323,0.409006853112299,0.520131986504415,0.0624707579410131,0.937529242058987,0.627617851048393,0.729927055028206,0.00352052488080309
3,3,纯RGB,"(0.4016, 0.5034, 2.9180)","(0.40160, 0.50340)","W=0.0000, RGB=1.0000","R=0.6720, G=0.7754, B=0.0160",30.5228985941649,0.0241535017514885,-0.0800874705696907,0.080087470569691,-5.9617701460679,0.4016,0.5034,0,1,0.672048231545993,0.775380866969811,0.0160046847969924
4,1,精确法,"(0.4165, 0.4966, 2.8880)","(0.42611, 0.51385)","W=0.0677, RGB=0.9323","R=0.6681, G=0.6988, B=0.0000",29.8084930186503,0,0,0,0,0.426105097678533,0.513854227885214,0.0676539889778087,0.932346011022191,0.668140326709119,0.698840874093579,0
4,2,网格法,"(0.4165, 0.4966, 2.8880)","(0.42513, 0.51211)","W=0.0614, RGB=0.9386","R=0.6725, G=0.7033, B=0.0012",29.3330584737658,0.00199732117100111,-0.00622788359928639,0.00622788359928705,-0.4754345448845,0.425133612537027,0.512109089357772,0.0614261053785223,0.938573894621478,0.672524176304363,0.703325703456975,0.00123178507099448
4,3,纯RGB,"(0.4165, 0.4966, 2.8880)","(0.41650, 0.49660)","W=0.0000, RGB=1.0000","R=0.7158, G=0.7476, B=0.0134",24.6256181904508,0.0197475639340415,-0.0676539889778087,0.0676539889778091,-5.1828748281995,0.4165,0.4966,0,1,0.715762429381526,0.747559927923251,0.0133809780301031
5,1,精确法,"(0.4310, 0.4900, 2.8510)","(0.43982, 0.50302)","W=0.0552, RGB=0.9448","R=0.7182, G=0.6792, B=0.0000",23.413488884748,0,0,0,0,0.439821223836237,0.503021441722876,0.0551728276721618,0.944827172327838,0.718190730128914,0.679182129749748,0
5,2,网格法,"(0.4310, 0.4900, 2.8510)","(0.43979, 0.50297)","W=0.0550, RGB=0.9450","R=0.7183, G=0.6793, B=0.0000",23.3991641380443,5.67477477758709e-05,-0.000183267482187201,0.000183267482187,-0.0143247467037,0.439789396355833,0.502974459615976,0.0549895601899746,0.945010439810025,0.718318080613093,0.679312413688209,3.57832589342626e-05
5,3,纯RGB,"(0.4310, 0.4900, 2.8510)","(0.43100, 0.49000)","W=0.0000, RGB=1.0000","R=0.7565, G=0.7184, B=0.0108",19.0921776497549,0.0157280620074837,-0.0551728276721618,0.055172827672162,-4.3213112349931,0.431,0.49,0,1,0.756529699125051,0.718404217592989,0.0107725798115877
6,1,精确法,"(0.4576, 0.4619, 2.7920)","(0.47315, 0.47670)","W=0.0793, RGB=0.9207","R=0.8098, G=0.5983, B=0.0000",15.65034048893,0,0,0,0,0.473146154580376,0.47670192231373,0.0792951373138881,0.920704862686112,0.809787997935455,0.598307455464342,0
6,2,网格法,"(0.4576, 0.4619, 2.7920)","(0.47209, 0.47569)","W=0.0744, RGB=0.9256","R=0.8131, G=0.6017, B=0.0009",15.2485777425934,0.00146416675422502,-0.0048609316197854,0.00486093161978507,-0.401762746336601,0.472085761720576,0.475692293041639,0.0744342056941027,0.925565794305897,0.813095901922388,0.60169155535408,0.000929463171320472
6,3,纯RGB,"(0.4576, 0.4619, 2.7920)","(0.45760, 0.46190)","W=0.0000, RGB=1.0000","R=0.8637, G=0.6535, B=0.0152",9.09988981366668,0.0214657826882377,-0.0792951373138881,0.079295137313888,-6.55045067526332,0.4576,0.4619,0,1,0.86374899170821,0.653511413559218,0.0151620955740398
7,1,精确法,"(0.4959, 0.4449, 2.6830)","(0.50563, 0.45105)","W=0.0420, RGB=0.9580","R=0.9449, G=0.5440, B=0.0000",3.45602367748543,0,0,0,0,0.505630231512904,0.451046496354167,0.042048001649608,0.957951998350392,0.944884782316722,0.544039409371371,0
7,2,网格法,"(0.4959, 0.4449, 2.6830)","(0.50512, 0.45072)","W=0.0400, RGB=0.9600","R=0.9463, G=0.5454, B=0.0004",3.28005988733545,0.00060475531778004,-0.0020937846818298,0.00209378468182997,-0.17596379014998,0.505118943391645,0.450723520424038,0.0399542169677782,0.960045783032222,0.946253994203014,0.545440160364065,0.000384724595112311
7,3,纯RGB,"(0.4959, 0.4449, 2.6830)","(0.49590, 0.44490)","W=0.0000, RGB=1.0000","R=0.9724, G=0.5722, B=0.0077",-0.0754423391892729,0.0115089887794931,-0.042048001649608,0.042048001649608,-3.5314660166747,0.4959,0.4449,0,1,0.972381699336471,0.572169704029935,0.0077261528132823
8,1,精确法,"(0.5289, 0.4162, 2.5930)","(0.54293, 0.42159)","W=0.0535, RGB=0.9465","R=1.0699, G=0.4523, B=0.0000",0.0881278706098962,0,0,0,0,0.542932770037647,0.421585523299179,0.0535173169631415,0.946482683036858,1.06992467529044,0.452330818194705,0
8,2,网格法,"(0.5289, 0.4162, 2.5930)","(0.54210, 0.42126)","W=0.0505, RGB=0.9495","R=1.0718, G=0.4543, B=0.0005",-0.166211582920629,0.0008949740021902,-0.0029891930770442,0.00298919307704504,-0.254339453530525,0.542097216871533,0.421264853108495,0.0505281238860973,0.949471876113903,1.07181386014115,0.454263519467244,0.000530827904766299
8,3,纯RGB,"(0.5289, 0.4162, 2.5930)","(0.52890, 0.41620)","W=0.0000, RGB=1.0000","R=1.1037, G=0.4869, B=0.0095",-4.46025973975091,0.0150307184171443,-0.0535173169631415,0.053517316963142,-4.54838761036081,0.5289,0.4162,0,1,1.10374788505024,0.4869331285613,0.00950373043829967
9,1,精确法,"(0.5532, 0.3927, 2.5130)","(0.57343, 0.39750)","W=0.0716, RGB=0.9284","R=1.1650, G=0.3708, B=0.0000",1.91038971279432,0,0,0,0,0.573427965496475,0.397500885436715,0.071558184520179,0.928441815479821,1.16501395765076,0.370789197976503,0
9,2,网格法,"(0.5532, 0.3927, 2.5130)","(0.56197, 0.39478)","W=0.0325, RGB=0.9675","R=1.1889, G=0.3952, B=0.0067",-1.43228603314042,0.0117802247755028,-0.0390211837681937,0.0390211837681941,-3.34267574593474,0.561966139542008,0.394780546937396,0.0325370007519853,0.967462999248015,1.18891467294807,0.395240454216639,0.00671568302006754
9,3,纯RGB,"(0.5532, 0.3927, 2.5130)","(0.55320, 0.39270)","W=0.0000, RGB=1.0000","R=1.2088, G=0.4156, B=0.0123",-4.21472168962119,0.0207898794874584,-0.071558184520179,0.071558184520179,-6.12511140241551,0.5532,0.3927,0,1,1.20884378622718,0.415628624585801,0.0123154153288587
10,1,精确法,"(0.5897, 0.3655, 2.3750)","(0.61123, 0.36765)","W=0.0709, RGB=0.9291","R=1.3006, G=0.2711, B=0.0000",8.97697380375128,0,0,0,0,0.611227491757042,0.367647399087115,0.0708622465815375,0.929137753418462,1.30064042330311,0.271065129921958,0
10,2,网格法,"(0.5897, 0.3655, 2.3750)","(0.60701, 0.36723)","W=0.0578, RGB=0.9422","R=1.3082, G=0.2788, B=0.0021",7.84406145047892,0.00423942345832214,-0.0130213426350559,0.0130213426350569,-1.13291235327236,0.607009004077336,0.367226598712661,0.0578409039464816,0.942159096053519,1.30817809730339,0.2787764304476,0.00211795457436188
10,3,纯RGB,"(0.5897, 0.3655, 2.3750)","(0.58970, 0.36550)","W=0.0000, RGB=1.0000","R=1.3417, G=0.3130, B=0.0115",2.81964373336255,0.0216343297605647,-0.0708622465815375,0.0708622465815379,-6.15733007038873,0.5897,0.3655,0,1,1.34166050307743,0.313030086580212,0.0115259250526807
11,1,精确法,"(0.6846, 0.3072, 1.9420)","(0.68818, 0.30688)","W=0.0110, RGB=0.9890","R=1.5882, G=0.0532, B=0.0000",57.1328571867902,0,0,0,0,0.688175281110919,0.306875214714417,0.0110021072327567,0.988997892767243,1.58822873360772,0.0531840061190857,0
11,2,网格法,"(0.6846, 0.3072, 1.9420)","(0.68638, 0.30704)","W=0.0055, RGB=0.9945","R=1.5908, G=0.0558, B=0.0007",56.3769272598231,0.00180444381747082,-0.00550247173866791,0.00550247173866791,-0.755929926967099,0.686378236886817,0.30703846160422,0.00549963549408879,0.994500364505911,1.5908332375313,0.0558485034791716,0.000731820054659254
11,3,纯RGB,"(0.6846, 0.3072, 1.9420)","(0.68460, 0.30720)","W=0.0000, RGB=1.0000","R=1.5934, G=0.0585, B=0.0015",55.6185382931569,0.00359000285568484,-0.0110021072327567,0.011002107232757,-1.51431889363329,0.6846,0.3072,0,1,1.59343639896545,0.0585116274262621,0.00146326289326701
12,1,精确法,"(0.6540, 0.2906, 1.9070)","(0.68986, 0.28520)","W=0.1161, RGB=0.8839","R=1.5055, G=0.0000, B=0.0111",63.2670500639526,0,0,0,0,0.689859872730693,0.285203799544134,0.116109463622322,0.883890536377678,1.50552337381487,0,0.0111354466272583
12,2,网格法,"(0.6540, 0.2906, 1.9070)","(0.66801, 0.28849)","W=0.0483, RGB=0.9517","R=1.5370, G=0.0323, B=0.0200",54.8666247768462,0.0220968316403738,-0.0678259927288106,0.067825992728811,-8.4004252871064,0.668009054295747,0.288491914850209,0.0482834708935114,0.951716529106489,1.53704907986626,0.0322518848170491,0.0199936187025031
12,3,纯RGB,"(0.6540, 0.2906, 1.9070)","(0.65400, 0.29060)","W=0.0000, RGB=1.0000","R=1.5595, G=0.0552, B=0.0263",48.3415529568454,0.0362636105706725,-0.116109463622322,0.116109463622322,-14.9254971071072,0.654,0.2906,0,1,1.55949136857136,0.0552111203427443,0.0262995093552929
13,1,精确法,"(0.6282, 0.2821, 1.9150)","(0.66729, 0.27460)","W=0.1391, RGB=0.8609","R=1.4655, G=0.0000, B=0.0271",56.2795511556281,0,0,0,0,0.667285894072386,0.274600534356907,0.139068820167715,0.860931179832286,1.46549528526226,0,0.0271241435865614
13,2,网格法,"(0.6282, 0.2821, 1.9150)","(0.64732, 0.27843)","W=0.0723, RGB=0.9277","R=1.4967, G=0.0319, B=0.0359",48.03892695718,0.0203317313912805,-0.0667773924197295,0.066777392419728,-8.2406241984481,0.647318389002279,0.278431727727442,0.0722914277479855,0.927708572252014,1.4966638069591,0.031886472900737,0.0358819531046595
13,3,纯RGB,"(0.6282, 0.2821, 1.9150)","(0.62820, 0.28210)","W=0.0000, RGB=1.0000","R=1.5304, G=0.0664, B=0.0454",38.9758759889477,0.0397988580284625,-0.139068820167715,0.139068820167714,-17.3036751666804,0.6282,0.2821,0,1,1.53040601899542,0.0664059198020611,0.0453629245991554
14,1,精确法,"(0.5211, 0.2316, 1.8350)","(0.54598, 0.21762)","W=0.1681, RGB=0.8319","R=1.3108, G=0.0000, B=0.1310",26.5455525587962,0,0,0,0,0.545980322941708,0.217621870610663,0.168122615105962,0.831877384894038,1.31076167344766,0,0.130958202165264
14,2,网格法,"(0.5211, 0.2316, 1.8350)","(0.53727, 0.22251)","W=0.1139, RGB=0.8861","R=1.3350, G=0.0248, B=0.1378",21.2076785278756,0.00998781793111041,-0.054270042393482,0.0542700423934821,-5.3378740309206,0.537272636219286,0.222513976391323,0.11385257271248,0.88614742728752,1.33503415609176,0.0248315870605805,0.137778345308271
14,3,纯RGB,"(0.5211, 0.2316, 1.8350)","(0.52110, 0.23160)","W=0.0000, RGB=1.0000","R=1.3860, G=0.0769, B=0.1521",9.8885671071531,0.0285380197439964,-0.168122615105962,0.168122615105962,-16.6569854516431,0.5211,0.2316,0,1,1.38595515178794,0.0769255222538317,0.152086254586631
15,1,精确法,"(0.2082, 0.0680, 1.2650)","(0.20311, 0.05657)","W=0.2016, RGB=0.7984","R=0.4486, G=0.0000, B=1.0474",-123.451604357103,0,0,0,0,0.203114042401548,0.0565735170459461,0.201636905802917,0.798363094197083,0.448565273515217,0,1.04735856244361
15,2,网格法,"(0.2082, 0.0680, 1.2650)","(0.20496, 0.06071)","W=0.1305, RGB=0.8695","R=0.4705, G=0.0224, B=1.0535",-125.959346255875,0.0045319352256416,-0.071152512217944,0.0711525122179441,-2.50774189877201,0.204956910939114,0.0607138397921412,0.130484393584973,0.869515606415027,0.470503359475845,0.0224434187248744,1.05352278094276
15,3,纯RGB,"(0.2082, 0.0680, 1.2650)","(0.20820, 0.06800)","W=0.0000, RGB=1.0000","R=0.5107, G=0.0636, B=1.0648",-130.938885757346,0.0125072569891458,-0.201636905802917,0.201636905802917,-7.48728140024299,0.2082,0.068,0,1,0.51073493744486,0.0636017108357525,1.06482715077757
16,1,精确法,"(0.1486, 0.0288, 0.5840)","(NaN, NaN)","W=NaN, RGB=NaN","R=NaN, G=NaN, B=NaN",NaN,0,0,0,0,NaN,NaN,NaN,NaN,NaN,NaN,NaN
16,2,网格法,"(0.1486, 0.0288, 0.5840)","(NaN, NaN)","W=NaN, RGB=NaN","R=NaN, G=NaN, B=NaN",NaN,NaN,NaN,NaN,NaN,NaN,NaN,NaN,NaN,NaN,NaN,NaN
16,3,纯RGB,"(0.1486, 0.0288, 0.5840)","(0.14860, 0.02880)","W=0.0000, RGB=1.0000","R=NaN, G=NaN, B=NaN",NaN,NaN,NaN,NaN,NaN,0.1486,0.0288,0,1,NaN,NaN,NaN
17,1,精确法,"(0.1579, 0.1053, 1.7290)","(0.15790, 0.10530)","W=0.0000, RGB=1.0000","R=0.0532, G=0.4346, B=0.9436",21.0431109884352,0,0,0,0,0.1579,0.1053,0,1,0.0532144311469309,0.434588408120575,0.943552107374262
17,2,网格法,"(0.1579, 0.1053, 1.7290)","(0.15461, 0.10079)","W=0.0609, RGB=0.9391","R=0.0276, G=0.4083, B=0.9363",18.189092248877,0.00558398658866956,0.0608937647492952,-0.060893764749295,-2.8540187395582,0.154605362625036,0.100791533432537,0.0608937647492952,0.939106235250705,0.0275527096009237,0.408335581739467,0.936341612394991
17,3,纯RGB,"(0.1579, 0.1053, 1.7290)","(0.15790, 0.10530)","W=0.0000, RGB=1.0000","R=0.0532, G=0.4346, B=0.9436",21.0431109884352,0,0,0,0,0.1579,0.1053,0,1,0.0532144311469309,0.434588408120575,0.943552107374262
18,1,精确法,"(0.1586, 0.1409, 1.9570)","(0.15860, 0.14090)","W=0.0000, RGB=1.0000","R=0.0457, G=0.5529, B=0.7516",30.1965536923023,0,0,0,0,0.1586,0.1409,0,1,0.0456933104719527,0.552939534215026,0.751628055089942
18,2,网格法,"(0.1586, 0.1409, 1.9570)","(0.15692, 0.13895)","W=0.0235, RGB=0.9765","R=0.0345, G=0.5415, B=0.7485",29.0256502603095,0.00257287568206773,0.023457099236762,-0.023457099236762,-1.1709034319928,0.156924364744269,0.138947582072115,0.023457099236762,0.976542900763238,0.0345045210419179,0.541493016654041,0.748484200930946
18,3,纯RGB,"(0.1586, 0.1409, 1.9570)","(0.15860, 0.14090)","W=0.0000, RGB=1.0000","R=0.0457, G=0.5529, B=0.7516",30.1965536923024,0,0,0,9.9475983006414e-14,0.1586,0.1409,0,1,0.0456933104719526,0.552939534215026,0.751628055089942
19,1,精确法,"(0.1580, 0.1664, 2.0940)","(0.15800, 0.16640)","W=0.0000, RGB=1.0000","R=0.0353, G=0.6237, B=0.6518",31.2780645922979,0,0,0,0,0.158,0.1664,0,1,0.0352506577234565,0.623717356610741,0.651827494269171
19,2,网格法,"(0.1580, 0.1664, 2.0940)","(0.15409, 0.16244)","W=0.0456, RGB=0.9544","R=0.0120, G=0.5999, B=0.6453",28.8909755096433,0.00556872556668586,0.0456438035146735,-0.045643803514674,-2.3870890826546,0.154085890623903,0.162438882452008,0.0456438035146735,0.954356196485326,0.011954919668261,0.59988501295888,0.645281799274224
19,3,纯RGB,"(0.1580, 0.1664, 2.0940)","(0.15800, 0.16640)","W=0.0000, RGB=1.0000","R=0.0353, G=0.6237, B=0.6518",31.2780645922979,0,0,0,0,0.158,0.1664,0,1,0.0352506577234565,0.623717356610741,0.651827494269171
20,1,精确法,"(0.1609, 0.2060, 2.2930)","(0.16090, 0.20600)","W=0.0000, RGB=1.0000","R=0.0430, G=0.7127, B=0.5334",37.4971530879328,0,0,0,0,0.1609,0.206,0,1,0.0430136112210566,0.712713000823783,0.533371148637144
20,2,网格法,"(0.1609, 0.2060, 2.2930)","(0.15519, 0.20147)","W=0.0541, RGB=0.9459","R=0.0128, G=0.6818, B=0.5249",34.5589595837514,0.00729085677158804,0.0541278692197876,-0.054127869219788,-2.9381935041814,0.155189993497375,0.201466522504325,0.0541278692197876,0.945872130780212,0.0127623869248264,0.681764954807421,0.524871083646815
20,3,纯RGB,"(0.1609, 0.2060, 2.2930)","(0.16090, 0.20600)","W=0.0000, RGB=1.0000","R=0.0430, G=0.7127, B=0.5334",37.4971530879328,0,0,0,0,0.1609,0.206,0,1,0.0430136112210566,0.712713000823783,0.533371148637144
21,1,精确法,"(0.1667, 0.2407, 2.4490)","(0.16670, 0.24070)","W=0.0000, RGB=1.0000","R=0.0646, G=0.7745, B=0.4505",45.4163194716924,0,0,0,0,0.1667,0.2407,0,1,0.064560309431086,0.774538916108966,0.450514650206311
21,2,网格法,"(0.1667, 0.2407, 2.4490)","(0.16307, 0.23849)","W=0.0309, RGB=0.9691","R=0.0461, G=0.7557, B=0.4453",43.7198374362776,0.00424985546531783,0.0308514076321183,-0.030851407632118,-1.6964820354148,0.163069586541594,0.238490617824568,0.0308514076321183,0.969148592367882,0.0461448847370452,0.755699301379289,0.445340237918364
21,3,纯RGB,"(0.1667, 0.2407, 2.4490)","(0.16670, 0.24070)","W=0.0000, RGB=1.0000","R=0.0646, G=0.7745, B=0.4505",45.4163194716924,0,0,0,0,0.1667,0.2407,0,1,0.064560309431086,0.774538916108966,0.450514650206311
22,1,精确法,"(0.1667, 0.2828, 2.5860)","(0.16670, 0.28280)","W=0.0000, RGB=1.0000","R=0.0550, G=0.8417, B=0.3692",44.1596231094779,0,0,0,0,0.1667,0.2828,0,1,0.0549533628232284,0.841748541602287,0.369238351193312
22,2,网格法,"(0.1667, 0.2828, 2.5860)","(0.15652, 0.27925)","W=0.0708, RGB=0.9292","R=0.0103, G=0.7961, B=0.3567",40.1626218723017,0.0107803732973848,0.0708199192375747,-0.070819919237575,-3.9970012371762,0.15652248220227,0.279245484574818,0.0708199192375747,0.929180080762425,0.0103156516784221,0.796082623256407,0.35669593499108
22,3,纯RGB,"(0.1667, 0.2828, 2.5860)","(0.16670, 0.28280)","W=0.0000, RGB=1.0000","R=0.0550, G=0.8417, B=0.3692",44.1596231094779,0,0,0,0,0.1667,0.2828,0,1,0.0549533628232284,0.841748541602287,0.369238351193312
23,1,精确法,"(0.1766, 0.3402, 2.7720)","(0.17660, 0.34020)","W=0.0000, RGB=1.0000","R=0.0836, G=0.9127, B=0.2798",49.2828223608565,0,0,0,0,0.1766,0.3402,0,1,0.0835921579177166,0.912651950238645,0.279791935839944
23,2,网格法,"(0.1766, 0.3402, 2.7720)","(0.15884, 0.34028)","W=0.1041, RGB=0.8959","R=0.0133, G=0.8407, B=0.2600",44.3304619381177,0.0177567292074337,0.104111650858771,-0.104111650858771,-4.9523604227388,0.158843458371615,0.340281618291826,0.104111650858771,0.895888349141229,0.0132508355139141,0.840690350890222,0.260027254381662
23,3,纯RGB,"(0.1766, 0.3402, 2.7720)","(0.17660, 0.34020)","W=0.0000, RGB=1.0000","R=0.0836, G=0.9127, B=0.2798",49.2828223608565,0,0,0,0,0.1766,0.3402,0,1,0.0835921579177166,0.912651950238645,0.279791935839944
24,1,精确法,"(0.1800, 0.3800, 2.8720)","(0.18000, 0.38000)","W=0.0000, RGB=1.0000","R=0.0874, G=0.9558, B=0.2298",46.7380323446331,0,0,0,0,0.18,0.38,0,1,0.0873561447358813,0.95576743007527,0.229780962955079
24,2,网格法,"(0.1800, 0.3800, 2.8720)","(0.15965, 0.38553)","W=0.1073, RGB=0.8927","R=0.0122, G=0.8789, B=0.2087",41.3342382571064,0.021091367810776,0.107344818517067,-0.107344818517066,-5.4037940875267,0.159646692060571,0.385530700864467,0.107344818517067,0.892655181482934,0.012214016478913,0.878894440728065,0.208667339009106
24,3,纯RGB,"(0.1800, 0.3800, 2.8720)","(0.18000, 0.38000)","W=0.0000, RGB=1.0000","R=0.0874, G=0.9558, B=0.2298",46.7380323446331,0,0,0,0,0.18,0.38,0,1,0.0873561447358813,0.95576743007527,0.229780962955079
25,1,精确法,"(0.1808, 0.4144, 2.9310)","(0.18080, 0.41440)","W=0.0000, RGB=1.0000","R=0.0825, G=0.9855, B=0.1921",43.2029885440329,0,0,0,0,0.1808,0.4144,0,1,0.0825003408613666,0.985469897630069,0.192084073208606
25,2,网格法,"(0.1808, 0.4144, 2.9310)","(0.15724, 0.42630)","W=0.1124, RGB=0.8876","R=0.0022, G=0.9034, B=0.1695",37.3026389362614,0.0263989564992954,0.112355534660832,-0.112355534660832,-5.9003496077715,0.157237737716327,0.426304818365985,0.112355534660832,0.887644465339168,0.00223496218127566,0.903355646365808,0.169530905489732
25,3,纯RGB,"(0.1808, 0.4144, 2.9310)","(0.18080, 0.41440)","W=0.0000, RGB=1.0000","R=0.0825, G=0.9855, B=0.1921",43.2029873030783,0,0,0,-1.24095459597129e-06,0.1808,0.4144,0,1,0.0825003408613666,0.985469897630068,0.192084073208606
26,1,精确法,"(0.1861, 0.5109, 3.1060)","(0.18610, 0.51090)","W=0.0000, RGB=1.0000","R=0.0816, G=1.0633, B=0.1084",35.3306427986179,0,0,0,0,0.1861,0.5109,0,1,0.0815548904236282,1.0632687959084,0.108406080375115
26,2,网格法,"(0.1861, 0.5109, 3.1060)","(0.18350, 0.51401)","W=0.0119, RGB=0.9881","R=0.0726, G=1.0541, B=0.1059",34.7578459317344,0.00405385578967992,0.0118546541002908,-0.011854654100291,-0.5727968668835,0.183503593862033,0.514013265476995,0.0118546541002908,0.988145345899709,0.0725804308066118,1.05408761413276,0.105884414169122
26,3,纯RGB,"(0.1861, 0.5109, 3.1060)","(0.18610, 0.51090)","W=0.0000, RGB=1.0000","R=0.0816, G=1.0633, B=0.1084",35.3306427986179,0,0,0,0,0.1861,0.5109,0,1,0.0815548904236282,1.0632687959084,0.108406080375115
27,1,精确法,"(0.1934, 0.6418, 3.2690)","(0.19340, 0.64180)","W=0.0000, RGB=1.0000","R=0.0807, G=1.1364, B=0.0263",15.6641427002602,0,0,0,0,0.1934,0.6418,0,1,0.0806906004951592,1.13644555187531,0.0263458406801941
27,2,网格法,"(0.1934, 0.6418, 3.2690)","(0.19156, 0.64591)","W=0.0071, RGB=0.9929","R=0.0750, G=1.1307, B=0.0248",15.3391660980037,0.00450529485520974,0.00709618362399396,-0.007096183623994,-0.3249766022565,0.191555600257545,0.645910458772742,0.00709618362399396,0.992903816376006,0.0750365753532684,1.13066128911109,0.0247571584935689
27,3,纯RGB,"(0.1934, 0.6418, 3.2690)","(0.19340, 0.64180)","W=0.0000, RGB=1.0000","R=0.0807, G=1.1364, B=0.0263",15.6641427002602,0,0,0,0,0.1934,0.6418,0,1,0.0806906004951592,1.13644555187531,0.0263458406801941
28,1,精确法,"(0.2368, 0.6205, 3.2180)","(0.23680, 0.62050)","W=0.0000, RGB=1.0000","R=0.1901, G=1.0753, B=0.0206",31.7801878265271,0,0,0,0,0.2368,0.6205,0,1,0.19005764336589,1.07533456740813,0.0205913329315851
28,2,网格法,"(0.2368, 0.6205, 3.2180)","(0.22793, 0.64752)","W=0.0480, RGB=0.9520","R=0.1524, G=1.0368, B=0.0100",30.058658215476,0.0284423979528087,0.0480015014469296,-0.0480015014469301,-1.7215296110511,0.227928882676489,0.647523568948946,0.0480015014469296,0.95199849855307,0.152408176434712,1.03681786396275,0.0100124911421592
28,3,纯RGB,"(0.2368, 0.6205, 3.2180)","(0.23680, 0.62050)","W=0.0000, RGB=1.0000","R=0.1901, G=1.0753, B=0.0206",31.7801878265271,0,0,0,0,0.2368,0.6205,0,1,0.19005764336589,1.07533456740813,0.0205913329315851
29,1,精确法,"(0.3092, 0.5649, 3.1110)","(0.30529, 0.60927)","W=0.0988, RGB=0.9012","R=0.3189, G=0.8785, B=0.0000",54.682282878146,0,0,0,0,0.305293574657899,0.60926931664873,0.0988453677739882,0.901154632226012,0.318893201044141,0.878538136572097,0
29,2,网格法,"(0.3092, 0.5649, 3.1110)","(0.30695, 0.59045)","W=0.0612, RGB=0.9388","R=0.3474, G=0.9077, B=0.0080",54.1591777919591,0.0188914745657962,-0.0376555009039147,0.037655500903914,-0.523105086186895,0.306950434949918,0.590450639085127,0.0611898668700735,0.938810133129926,0.347445850270458,0.907748481697045,0.00802279510056102
29,3,纯RGB,"(0.3092, 0.5649, 3.1110)","(0.30920, 0.56490)","W=0.0000, RGB=1.0000","R=0.3938, G=0.9552, B=0.0211",52.9714340231462,0.0445409521544912,-0.0988453677739882,0.098845367773988,-1.7108488549998,0.3092,0.5649,0,1,0.39384366102869,0.955215042664733,0.0210597685133399
30,1,精确法,"(0.3696, 0.5362, 3.0010)","(0.37355, 0.55536)","W=0.0562, RGB=0.9438","R=0.5212, G=0.8079, B=0.0000",43.9056553306559,0,0,0,0,0.373550539694032,0.555361012086271,0.0562023980225661,0.943797601977434,0.521156019137153,0.807870239116014,0
30,2,网格法,"(0.3696, 0.5362, 3.0010)","(0.37256, 0.55054)","W=0.0430, RGB=0.9570","R=0.5308, G=0.8177, B=0.0027",43.1005656923234,0.00492214942031158,-0.0131792454726266,0.0131792454726269,-0.805089638332497,0.372556616164026,0.550540257899178,0.0430231525499395,0.956976847450061,0.530795963165987,0.817732234401827,0.00270865568764515
30,3,纯RGB,"(0.3696, 0.5362, 3.0010)","(0.36960, 0.53620)","W=0.0000, RGB=1.0000","R=0.5623, G=0.8499, B=0.0116",40.4230166160722,0.0195640268872322,-0.0562023980225661,0.056202398022566,-3.48263871458369,0.3696,0.5362,0,1,0.56226519889627,0.849926348132354,0.0115509605902184
