颜色序号,目标xyY,层级,方法,RGB混色点,白色_RGB比例,RGB权重,Ra,RGB点距精确点_xy,白色比例差_相对精确,RGB比例差_相对精确,Ra差_相对精确
1,"(0.3169, 0.3310, 3.2310)",1,精确法,"(0.22148, 0.26422)","W=0.9099, RGB=0.0901","R=0.0355, G=0.0830, B=0.0420",96.8106602575696,0,0,0,0
,"",2,网格法,"(0.25379, 0.28684)","W=0.8601, RGB=0.1399","R=0.0747, G=0.1230, B=0.0530",94.5425704615917,0.0394419966346121,-0.049729785807039,0.0497297858070392,-2.2680897959779
,"",3,纯RGB,"(0.31690, 0.33100)","W=0.0000, RGB=1.0000","R=0.7520, G=0.8160, B=0.2433",24.5676734142887,0.116467155590529,-0.909871577828421,0.909871577828421,-72.2429868432809
2,"(0.3197, 0.3497, 3.1980)",1,精确法,"(0.25378, 0.42165)","W=0.8503, RGB=0.1497","R=0.0526, G=0.1466, B=0.0240",96.0056965723212,0,0,0,0
,"",2,网格法,"(0.24079, 0.43584)","W=0.8680, RGB=0.1320","R=0.0387, G=0.1324, B=0.0201",95.6730524007455,0.0192396786919857,0.017751095784768,-0.017751095784768,-0.332644171575694
,"",3,纯RGB,"(0.31970, 0.34970)","W=0.0000, RGB=1.0000","R=0.7153, G=0.8246, B=0.2102",30.3872718834851,0.0975809057390866,-0.850284150001922,0.850284150001922,-65.6184246888361
3,"(0.4016, 0.5034, 2.9180)",1,精确法,"(0.41138, 0.52549)","W=0.0801, RGB=0.9199","R=0.6151, G=0.7171, B=0.0000",36.4846687402328,0,0,0,0
,"",2,网格法,"(0.40997, 0.52230)","W=0.0697, RGB=0.9303","R=0.6225, G=0.7246, B=0.0021",35.7184543533043,0.00348325935219821,-0.0103554900775495,0.01035549007755,-0.766214386928496
,"",3,纯RGB,"(0.40160, 0.50340)","W=0.0000, RGB=1.0000","R=0.6720, G=0.7754, B=0.0160",30.5228985941649,0.0241535017514885,-0.0800874705696907,0.080087470569691,-5.9617701460679
4,"(0.4165, 0.4966, 2.8880)",1,精确法,"(0.42611, 0.51385)","W=0.0677, RGB=0.9323","R=0.6681, G=0.6988, B=0.0000",29.8084930186503,0,0,0,0
,"",2,网格法,"(0.42507, 0.51200)","W=0.0610, RGB=0.9390","R=0.6728, G=0.7036, B=0.0013",29.3034961683969,0.00212014312010447,-0.0066149695975463,0.00661496959754704,-0.504996850253399
,"",3,纯RGB,"(0.41650, 0.49660)","W=0.0000, RGB=1.0000","R=0.7158, G=0.7476, B=0.0134",24.6256181904508,0.0197475639340415,-0.0676539889778087,0.0676539889778091,-5.1828748281995
5,"(0.4310, 0.4900, 2.8510)",1,精确法,"(0.43982, 0.50302)","W=0.0552, RGB=0.9448","R=0.7182, G=0.6792, B=0.0000",23.413488884748,0,0,0,0
,"",2,网格法,"(0.43904, 0.50187)","W=0.0507, RGB=0.9493","R=0.7213, G=0.6824, B=0.0009",23.0601404765407,0.00139010116339451,-0.0045198684643962,0.004519868464397,-0.3533484082073
,"",3,纯RGB,"(0.43100, 0.49000)","W=0.0000, RGB=1.0000","R=0.7565, G=0.7184, B=0.0108",19.0921776497549,0.0157280620074837,-0.0551728276721618,0.055172827672162,-4.3213112349931
6,"(0.4576, 0.4619, 2.7920)",1,精确法,"(0.47315, 0.47670)","W=0.0793, RGB=0.9207","R=0.8098, G=0.5983, B=0.0000",15.65034048893,0,0,0,0
,"",2,网格法,"(0.47202, 0.47563)","W=0.0741, RGB=0.9259","R=0.8133, G=0.6019, B=0.0010",15.2231578794156,0.00155608407943644,-0.0051684960851293,0.00516849608512904,-0.4271826095144
,"",3,纯RGB,"(0.45760, 0.46190)","W=0.0000, RGB=1.0000","R=0.8637, G=0.6535, B=0.0152",9.09988981366668,0.0214657826882377,-0.0792951373138881,0.079295137313888,-6.55045067526332
7,"(0.4959, 0.4449, 2.6830)",1,精确法,"(0.50563, 0.45105)","W=0.0420, RGB=0.9580","R=0.9449, G=0.5440, B=0.0000",3.45602367748543,0,0,0,0
,"",2,网格法,"(0.50200, 0.44875)","W=0.0269, RGB=0.9731","R=0.9548, G=0.5542, B=0.0028",2.183221938132,0.00429772092746208,-0.0151481881986105,0.015148188198611,-1.27280173935343
,"",3,纯RGB,"(0.49590, 0.44490)","W=0.0000, RGB=1.0000","R=0.9724, G=0.5722, B=0.0077",-0.0754423391892729,0.0115089887794931,-0.042048001649608,0.042048001649608,-3.5314660166747
8,"(0.5289, 0.4162, 2.5930)",1,精确法,"(0.54293, 0.42159)","W=0.0535, RGB=0.9465","R=1.0699, G=0.4523, B=0.0000",0.0881278706098962,0,0,0,0
,"",2,网格法,"(0.53926, 0.42018)","W=0.0402, RGB=0.9598","R=1.0783, G=0.4609, B=0.0024",-1.04456649062293,0.00393359189676794,-0.0133154084512672,0.013315408451268,-1.13269436123283
,"",3,纯RGB,"(0.52890, 0.41620)","W=0.0000, RGB=1.0000","R=1.1037, G=0.4869, B=0.0095",-4.46025973975091,0.0150307184171443,-0.0535173169631415,0.053517316963142,-4.54838761036081
9,"(0.5532, 0.3927, 2.5130)",1,精确法,"(0.57343, 0.39750)","W=0.0716, RGB=0.9284","R=1.1650, G=0.3708, B=0.0000",1.91038971279432,0,0,0,0
,"",2,网格法,"(0.56188, 0.39476)","W=0.0322, RGB=0.9678","R=1.1891, G=0.3954, B=0.0068",-1.45904646713298,0.0118701616758368,-0.0393338708918365,0.039333870891837,-3.3694361799273
,"",3,纯RGB,"(0.55320, 0.39270)","W=0.0000, RGB=1.0000","R=1.2088, G=0.4156, B=0.0123",-4.21472168962119,0.0207898794874584,-0.071558184520179,0.071558184520179,-6.12511140241551
10,"(0.5897, 0.3655, 2.3750)",1,精确法,"(0.61123, 0.36765)","W=0.0709, RGB=0.9291","R=1.3006, G=0.2711, B=0.0000",8.97697380375128,0,0,0,0
,"",2,网格法,"(0.60228, 0.36675)","W=0.0428, RGB=0.9572","R=1.3169, G=0.2877, B=0.0046",6.53247939256833,0.00899475890149308,-0.0281057547561479,0.028105754756148,-2.44449441118295
,"",3,纯RGB,"(0.58970, 0.36550)","W=0.0000, RGB=1.0000","R=1.3417, G=0.3130, B=0.0115",2.81964373336255,0.0216343297605647,-0.0708622465815375,0.0708622465815379,-6.15733007038873
11,"(0.6846, 0.3072, 1.9420)",1,精确法,"(0.68818, 0.30688)","W=0.0110, RGB=0.9890","R=1.5882, G=0.0532, B=0.0000",57.1328571867902,0,0,0,0
,"",2,网格法,"(NaN, NaN)","W=NaN, RGB=NaN","R=NaN, G=NaN, B=NaN",NaN,NaN,NaN,NaN,NaN
,"",3,纯RGB,"(0.68460, 0.30720)","W=0.0000, RGB=1.0000","R=1.5934, G=0.0585, B=0.0015",55.6185382931569,0.00359000285568484,-0.0110021072327567,0.011002107232757,-1.51431889363329
12,"(0.6540, 0.2906, 1.9070)",1,精确法,"(0.68986, 0.28520)","W=0.1161, RGB=0.8839","R=1.5055, G=0.0000, B=0.0111",63.2670500639526,0,0,0,0
,"",2,网格法,"(0.67957, 0.28675)","W=0.0852, RGB=0.9148","R=1.5199, G=0.0147, B=0.0152",59.654534044481,0.0104055403155253,-0.0308862519009097,0.03088625190091,-3.61251601947161
,"",3,纯RGB,"(0.65400, 0.29060)","W=0.0000, RGB=1.0000","R=1.5595, G=0.0552, B=0.0263",48.3415529568454,0.0362636105706725,-0.116109463622322,0.116109463622322,-14.9254971071072
13,"(0.6282, 0.2821, 1.9150)",1,精确法,"(0.66729, 0.27460)","W=0.1391, RGB=0.8609","R=1.4655, G=0.0000, B=0.0271",56.2795511556281,0,0,0,0
,"",2,网格法,"(0.65326, 0.27729)","W=0.0930, RGB=0.9070","R=1.4870, G=0.0220, B=0.0332",50.6197198936334,0.0142802863115138,-0.046042332761709,0.046042332761708,-5.6598312619947
,"",3,纯RGB,"(0.62820, 0.28210)","W=0.0000, RGB=1.0000","R=1.5304, G=0.0664, B=0.0454",38.9758759889477,0.0397988580284625,-0.139068820167715,0.139068820167714,-17.3036751666804
14,"(0.5211, 0.2316, 1.8350)",1,精确法,"(0.54598, 0.21762)","W=0.1681, RGB=0.8319","R=1.3108, G=0.0000, B=0.1310",26.5455525587962,0,0,0,0
,"",2,网格法,"(0.53738, 0.22245)","W=0.1146, RGB=0.8854","R=1.3347, G=0.0245, B=0.1377",21.2768012604381,0.00986418555220269,-0.053570540445948,0.053570540445948,-5.2687512983581
,"",3,纯RGB,"(0.52110, 0.23160)","W=0.0000, RGB=1.0000","R=1.3860, G=0.0769, B=0.1521",9.8885671071531,0.0285380197439964,-0.168122615105962,0.168122615105962,-16.6569854516431
15,"(0.2082, 0.0680, 1.2650)",1,精确法,"(0.20311, 0.05657)","W=0.2016, RGB=0.7984","R=0.4486, G=0.0000, B=1.0474",-123.451604357103,0,0,0,0
,"",2,网格法,"(0.20454, 0.05977)","W=0.1468, RGB=0.8532","R=0.4655, G=0.0173, B=1.0521",-125.370897826894,0.00350341994921801,-0.054819797337946,0.0548197973379471,-1.919293469791
,"",3,纯RGB,"(0.20820, 0.06800)","W=0.0000, RGB=1.0000","R=0.5107, G=0.0636, B=1.0648",-130.938885757346,0.0125072569891458,-0.201636905802917,0.201636905802917,-7.48728140024299
16,"(0.1486, 0.0288, 0.5840)",1,精确法,"(NaN, NaN)","W=NaN, RGB=NaN","R=NaN, G=NaN, B=NaN",NaN,0,0,0,0
,"",2,网格法,"(NaN, NaN)","W=NaN, RGB=NaN","R=NaN, G=NaN, B=NaN",NaN,NaN,NaN,NaN,NaN
,"",3,纯RGB,"(0.14860, 0.02880)","W=0.0000, RGB=1.0000","R=NaN, G=NaN, B=NaN",NaN,NaN,NaN,NaN,NaN
17,"(0.1579, 0.1053, 1.7290)",1,精确法,"(0.15790, 0.10530)","W=0.0000, RGB=1.0000","R=0.0532, G=0.4346, B=0.9436",21.0431109884352,0,0,0,0
,"",2,网格法,"(0.15357, 0.09938)","W=0.0795, RGB=0.9205","R=0.0197, G=0.4003, B=0.9341",17.3042166626658,0.00733673586545793,0.079536096261347,-0.0795360962613469,-3.7388943257694
,"",3,纯RGB,"(0.15790, 0.10530)","W=0.0000, RGB=1.0000","R=0.0532, G=0.4346, B=0.9436",21.0431109884352,0,0,0,0
18,"(0.1586, 0.1409, 1.9570)",1,精确法,"(0.15860, 0.14090)","W=0.0000, RGB=1.0000","R=0.0457, G=0.5529, B=0.7516",30.1965536923023,0,0,0,0
,"",2,网格法,"(0.15661, 0.13858)","W=0.0278, RGB=0.9722","R=0.0324, G=0.5394, B=0.7479",28.8094609988113,0.00305144661813122,0.0277699798266409,-0.027769979826641,-1.387092693491
,"",3,纯RGB,"(0.15860, 0.14090)","W=0.0000, RGB=1.0000","R=0.0457, G=0.5529, B=0.7516",30.1965536923024,0,0,0,9.9475983006414e-14
19,"(0.1580, 0.1664, 2.0940)",1,精确法,"(0.15800, 0.16640)","W=0.0000, RGB=1.0000","R=0.0353, G=0.6237, B=0.6518",31.2780645922979,0,0,0,0
,"",2,网格法,"(0.15222, 0.16055)","W=0.0667, RGB=0.9333","R=0.0012, G=0.5889, B=0.6423",27.7815284940221,0.0082208132602453,0.0666711782248973,-0.066671178224897,-3.4965360982758
,"",3,纯RGB,"(0.15800, 0.16640)","W=0.0000, RGB=1.0000","R=0.0353, G=0.6237, B=0.6518",31.2780645922979,0,0,0,0
20,"(0.1609, 0.2060, 2.2930)",1,精确法,"(0.16090, 0.20600)","W=0.0000, RGB=1.0000","R=0.0430, G=0.7127, B=0.5334",37.4971530879328,0,0,0,0
,"",2,网格法,"(0.15498, 0.20130)","W=0.0560, RGB=0.9440","R=0.0117, G=0.6807, B=0.5246",34.4558666174473,0.00755366603844227,0.0560126721407224,-0.056012672140722,-3.0412864704855
,"",3,纯RGB,"(0.16090, 0.20600)","W=0.0000, RGB=1.0000","R=0.0430, G=0.7127, B=0.5334",37.4971530879328,0,0,0,0
21,"(0.1667, 0.2407, 2.4490)",1,精确法,"(0.16670, 0.24070)","W=0.0000, RGB=1.0000","R=0.0646, G=0.7745, B=0.4505",45.4163194716924,0,0,0,0
,"",2,网格法,"(0.16015, 0.23672)","W=0.0547, RGB=0.9453","R=0.0319, G=0.7412, B=0.4413",42.3988661659862,0.00766286212619498,0.0546674993014038,-0.054667499301404,-3.0174533057062
,"",3,纯RGB,"(0.16670, 0.24070)","W=0.0000, RGB=1.0000","R=0.0646, G=0.7745, B=0.4505",45.4163194716924,0,0,0,0
22,"(0.1667, 0.2828, 2.5860)",1,精确法,"(0.16670, 0.28280)","W=0.0000, RGB=1.0000","R=0.0550, G=0.8417, B=0.3692",44.1596231094779,0,0,0,0
,"",2,网格法,"(0.16261, 0.28137)","W=0.0295, RGB=0.9705","R=0.0364, G=0.8227, B=0.3640",42.5033031310948,0.00433351170147935,0.0295093510269154,-0.029509351026916,-1.6563199783831
,"",3,纯RGB,"(0.16670, 0.28280)","W=0.0000, RGB=1.0000","R=0.0550, G=0.8417, B=0.3692",44.1596231094779,0,0,0,0
23,"(0.1766, 0.3402, 2.7720)",1,精确法,"(0.17660, 0.34020)","W=0.0000, RGB=1.0000","R=0.0836, G=0.9127, B=0.2798",49.2828223608565,0,0,0,0
,"",2,网格法,"(0.15642, 0.34029)","W=0.1167, RGB=0.8833","R=0.0048, G=0.8320, B=0.2576",43.6239580392879,0.0201829800651716,0.11667410849661,-0.11667410849661,-5.6588643215686
,"",3,纯RGB,"(0.17660, 0.34020)","W=0.0000, RGB=1.0000","R=0.0836, G=0.9127, B=0.2798",49.2828223608565,0,0,0,0
24,"(0.1800, 0.3800, 2.8720)",1,精确法,"(0.18000, 0.38000)","W=0.0000, RGB=1.0000","R=0.0874, G=0.9558, B=0.2298",46.7380323446331,0,0,0,0
,"",2,网格法,"(0.16188, 0.38492)","W=0.0968, RGB=0.9032","R=0.0196, G=0.8864, B=0.2107",41.9235671875712,0.0187728787895851,0.0968236499929878,-0.096823649992988,-4.8144651570619
,"",3,纯RGB,"(0.18000, 0.38000)","W=0.0000, RGB=1.0000","R=0.0874, G=0.9558, B=0.2298",46.7380323446331,0,0,0,0
25,"(0.1808, 0.4144, 2.9310)",1,精确法,"(0.18080, 0.41440)","W=0.0000, RGB=1.0000","R=0.0825, G=0.9855, B=0.1921",43.2029885440329,0,0,0,0
,"",2,网格法,"(0.17275, 0.41847)","W=0.0422, RGB=0.9578","R=0.0523, G=0.9546, B=0.1836",41.1346948517243,0.00902304080866962,0.0422131155156843,-0.042213115515684,-2.0682936923086
,"",3,纯RGB,"(0.18080, 0.41440)","W=0.0000, RGB=1.0000","R=0.0825, G=0.9855, B=0.1921",43.2029873030783,0,0,0,-1.24095459597129e-06
26,"(0.1861, 0.5109, 3.1060)",1,精确法,"(0.18610, 0.51090)","W=0.0000, RGB=1.0000","R=0.0816, G=1.0633, B=0.1084",35.3306427986179,0,0,0,0
,"",2,网格法,"(0.18242, 0.51531)","W=0.0167, RGB=0.9833","R=0.0689, G=1.0503, B=0.1049",34.5211706758417,0.00574767490446824,0.0166835165558323,-0.016683516555832,-0.809472122776199
,"",3,纯RGB,"(0.18610, 0.51090)","W=0.0000, RGB=1.0000","R=0.0816, G=1.0633, B=0.1084",35.3306427986179,0,0,0,0
27,"(0.1934, 0.6418, 3.2690)",1,精确法,"(0.19340, 0.64180)","W=0.0000, RGB=1.0000","R=0.0807, G=1.1364, B=0.0263",15.6641427002602,0,0,0,0
,"",2,网格法,"(0.18209, 0.66700)","W=0.0407, RGB=0.9593","R=0.0483, G=1.1033, B=0.0172",13.7711258386572,0.0276197310457022,0.0407018824536639,-0.040701882453664,-1.893016861603
,"",3,纯RGB,"(0.19340, 0.64180)","W=0.0000, RGB=1.0000","R=0.0807, G=1.1364, B=0.0263",15.6641427002602,0,0,0,0
28,"(0.2368, 0.6205, 3.2180)",1,精确法,"(0.23680, 0.62050)","W=0.0000, RGB=1.0000","R=0.1901, G=1.0753, B=0.0206",31.7801878265271,0,0,0,0
,"",2,网格法,"(0.22897, 0.64437)","W=0.0428, RGB=0.9572","R=0.1565, G=1.0410, B=0.0112",30.2541858671319,0.0251197717874506,0.0428329775844538,-0.042832977584454,-1.5260019593952
,"",3,纯RGB,"(0.23680, 0.62050)","W=0.0000, RGB=1.0000","R=0.1901, G=1.0753, B=0.0206",31.7801878265271,0,0,0,0
29,"(0.3092, 0.5649, 3.1110)",1,精确法,"(0.30529, 0.60927)","W=0.0988, RGB=0.9012","R=0.3189, G=0.8785, B=0.0000",54.682282878146,0,0,0,0
,"",2,网格法,"(0.30680, 0.59218)","W=0.0649, RGB=0.9351","R=0.3447, G=0.9049, B=0.0072",54.2175273291862,0.0171592364008547,-0.0339691361326436,0.033969136132644,-0.464755548959801
,"",3,纯RGB,"(0.30920, 0.56490)","W=0.0000, RGB=1.0000","R=0.3938, G=0.9552, B=0.0211",52.9714340231462,0.0445409521544912,-0.0988453677739882,0.098845367773988,-1.7108488549998
30,"(0.3696, 0.5362, 3.0010)",1,精确法,"(0.37355, 0.55536)","W=0.0562, RGB=0.9438","R=0.5212, G=0.8079, B=0.0000",43.9056553306559,0,0,0,0
,"",2,网格法,"(0.37163, 0.54607)","W=0.0302, RGB=0.9698","R=0.5401, G=0.8273, B=0.0053",42.3130165385313,0.00948865974008897,-0.0259563274717776,0.025956327471778,-1.5926387921246
,"",3,纯RGB,"(0.36960, 0.53620)","W=0.0000, RGB=1.0000","R=0.5623, G=0.8499, B=0.0116",40.4230166160722,0.0195640268872322,-0.0562023980225661,0.056202398022566,-3.48263871458369
