Index,IntSig_u,IntSig_v,Target_u1976,Target_v1976,Target_x,Target_y,Target_Y_lm,ExactValid,S14Valid,ExactRa,S14Ra,RaDiff_ExactMinusS14,ExactWhiteRatio,S14UsedWhiteRatio,S14DistanceWeightedAverageWhiteRatio,S14LocalFitPredictedWhiteRatio,WhiteRatioDiff_ExactMinusS14,ExactRGBRatio,S14RGBRatio,S14OutputDeltaUv,S14LocalFitFallbackUsed,S14LocalFitConditionValue,ExactRGBPoint_x,ExactRGBPoint_y,ExactRGBPoint_Y_lm,S14RGBPoint_x,S14RGBPoint_y,S14RGBPoint_Y_lm,Exact_R_weight,Exact_G_weight,Exact_B_weight,S14_R_weight,S14_G_weight,S14_B_weight,S14NearestLutIndex0,S14CandidateCount,ErrorMessage
1,40,94,0.2,0.47,0.316901408450704,0.330985915492958,4,1,1,95.9621248461847,95.900520420107,0.0616044260776789,0.913461012206582,0.905907374918221,0.915305931945153,0.905907374918221,0.00755363728836078,0.0865389877934178,0.0940926250817786,0,0,3.94185395532291e-05,0.209381243131284,0.214592472241521,0.346155951173671,0.215703018954548,0.221435962979723,0.376370500327114,0.01828739409462,0.0539059042301133,0.0343722274915199,0.0213008384192127,0.0581500238487153,0.0352765776681044,308,9,
2,39,96,0.195,0.48,0.319672131147541,0.349726775956284,4,1,1,95.5935087915783,95.5395868710884,0.0539219204898842,0.857797826880362,0.848516512767355,0.848375784617925,0.848516512767355,0.00928131411300703,0.142202173119638,0.151483487232645,0,0,9.435194151244e-05,0.235098209511659,0.354705579702285,0.568808692478551,0.241218801840185,0.354345264992696,0.605933948930578,0.0267441886763465,0.0967464974208905,0.0218439059039842,0.0304468715390383,0.101961337081529,0.0229551001189841,309,9,
3,39,110,0.195,0.55,0.401601830663616,0.503432494279176,4,1,1,24.3593449943569,24.3593449943569,0,0.0376839655988781,0.0376839655988781,0.0374923019698686,0.0397828238172298,0,0.962316034401122,0.962316034401122,0,0,9.87498402612038e-05,0.405519694238655,0.512317059449866,3.84926413760449,0.405519694238655,0.512317059449866,3.84926413760449,0.366559939771347,0.571609072760883,0,0.366559939771347,0.571609072760883,0,340,9,
4,41,110,0.205,0.55,0.41647855530474,0.496613995485327,4,1,1,18.1761979579004,18.1761979579004,0,0.0252151905893185,0.0252151905893185,0.0132496712740041,0.026700498063629,0,0.974784809410681,0.974784809410681,0,0,3.88284410954838e-05,0.419568788404074,0.502112094644282,3.89913923764273,0.419568788404074,0.502112094644282,3.89913923764273,0.398644694455686,0.562868405843176,0,0.398644694455686,0.562868405843176,0,365,9,
5,43,110,0.215,0.55,0.430957683741648,0.489977728285078,4,1,1,12.3486534039685,12.3486534039685,0,0.0127464155797583,0.0127464155797583,0.0133155153859685,0.013467027583457,0,0.987253584420242,0.987253584420242,0,0,3.6604328528498e-05,0.432734602212185,0.492548726005232,3.94901433768097,0.432734602212185,0.492548726005232,3.94901433768097,0.430729449140025,0.554127738925469,0,0.430729449140025,0.554127738925469,0,389,9,
6,48,109,0.24,0.545,0.457627118644068,0.461864406779661,4,1,1,8.64829937515839,8.64829937515839,0,0.0441307277034154,0.0441307277034154,0.0397579473780788,0.0464831340802734,0,0.955869272296585,0.955869272296585,0,0,8.73848073323919e-05,0.465330323296351,0.46887188374338,3.82347708918634,0.465330323296351,0.46887188374338,3.82347708918634,0.486309243337648,0.495592735904427,0,0.486309243337648,0.495592735904427,0,434,9,
7,54,109,0.27,0.545,0.495918367346939,0.444897959183674,4,1,1,-1.71781238507569,-1.71781238507569,0,0.00638122538089473,0.00638122538089473,0.0151874305735691,0.00675537005657167,0,0.993618774619105,0.993618774619105,0,0,3.45404605737023e-05,0.497251046861022,0.445685345400712,3.97447509847642,0.497251046861022,0.445685345400712,3.97447509847642,0.583446574033355,0.469130166337058,0,0.583446574033355,0.469130166337058,0,475,9,
8,61,108,0.305,0.54,0.528901734104046,0.416184971098266,4,1,1,-1.6811948437022,-1.6811948437022,0,0.0252975177904155,0.0252975177904155,0.0131211468570887,0.0267243261640535,0,0.974702482209585,0.974702482209585,0,0,2.74441550338386e-05,0.534982534567312,0.418277990907156,3.89880992883834,0.534982534567312,0.418277990907156,3.89880992883834,0.673633960215869,0.400363626866412,0,0.673633960215869,0.400363626866412,0,512,9,
9,67,107,0.335,0.535,0.553211009174312,0.392660550458716,4,1,1,2.39164670545726,2.39164670545726,0,0.0509765691751213,0.0509765691751213,0.0413591319524548,0.0537475555868614,0,0.949023430824879,0.949023430824879,0,0,5.29155114640544e-05,0.566584659428753,0.395322875922841,3.79609372329951,0.566584659428753,0.395322875922841,3.79609372329951,0.749014928311713,0.334804597690463,0,0.749014928311713,0.334804597690463,0,545,9,
10,76,106,0.38,0.53,0.589655172413793,0.36551724137931,4,1,1,11.4932424400792,11.4932424400792,0,0.0577311887314507,0.0577311887314507,0.0498483579361564,0.0606178789393028,0,0.942268811268549,0.942268811268549,0,0,5.17443825222365e-05,0.606146549342872,0.366585955986059,3.7690752450742,0.606146549342872,0.366585955986059,3.7690752450742,0.875761429040649,0.254402850592122,0,0.875761429040649,0.254402850592122,0,587,9,
11,103,104,0.515,0.52,0.684638109305761,0.307237813884786,4,1,1,59.1752713822008,57.8819841395804,1.29328724262039,0.0122835440710861,0.00220610805240588,0.000821112435166861,0.00220610805240595,0.0100774360186803,0.987716455928914,0.997793891947594,0,0,6.62093593087145e-06,0.688478053761758,0.306782092826428,3.95086582371566,0.685321626528375,0.307156694692656,3.99117556779038,1.28927782062469,0.04735858132953,0,1.29329810796675,0.0530207335191764,0.00120650895655996,662,9,
12,101,101,0.505,0.505,0.653956834532374,0.290647482014389,4,1,1,59.9709273053158,59.5695801114567,0.401347193859102,0.0935251154962821,0.0840783262609361,0.0890558477109026,0.0840783262609361,0.00944678923534595,0.906474884503718,0.915921673739064,0,0,3.00031897905527e-05,0.681035011323103,0.285724523697151,3.62589953801487,0.678093909957491,0.286259231758982,3.66368669495626,1.25187310097112,0,0.0162565807522369,1.25564179839729,0.00530781423517753,0.0173875862780524,658,9,
13,98,99,0.49,0.495,0.628205128205128,0.282051282051282,4,1,1,58.8203280473286,58.4972861326329,0.323041914695672,0.117340761293518,0.114207075585666,0.120047921939232,0.114207075585666,0.0031336857078514,0.882659238706482,0.885792924414334,0,0,1.36859854380684e-05,0.65909246255538,0.275044335380046,3.53063695482593,0.658183690868578,0.275250494793919,3.54317169765734,1.21377215937123,0,0.0329844517173772,1.21502231039793,0.00176070633040821,0.0333596284852136,648,9,
14,88,88,0.44,0.44,0.521052631578947,0.231578947368421,4,1,1,31.3473918798001,31.1175080511539,0.229883828646265,0.153824172687363,0.151824745222153,0.142806330073187,0.151824745222153,0.00199942746520962,0.846175827312637,0.848175254777847,0,0,3.13148910288007e-05,0.542382161172895,0.218237443413847,3.38470330925055,0.542073849098134,0.218430290928208,3.39270101911139,1.12881664150425,0,0.146145496417642,1.12961429210852,0.00112340704313985,0.146384875475995,613,9,
15,49,36,0.245,0.18,0.208215297450425,0.0679886685552408,4,1,1,-99.1148558193073,-99.4628939092173,0.348038089909991,0.273899645736925,0.26571419991914,0.26949188042613,0.265714199919141,0.00818544581778502,0.726100354263075,0.734285800080859,0,0,1.85356979155155e-05,0.201153738471395,0.052149909455088,2.9044014170523,0.201376295182921,0.0526490941465201,2.93714320032344,0.508349012289818,0,1.64077886180095,0.511614509996714,0.00459911031679997,1.64175885449694,173,9,
16,39,17,NaN,NaN,NaN,NaN,NaN,NaN,NaN,NaN,NaN,NaN,NaN,NaN,NaN,NaN,NaN,NaN,NaN,NaN,NaN,NaN,NaN,NaN,NaN,NaN,NaN,NaN,NaN,NaN,NaN,NaN,NaN,NaN,NaN,NaN,The fixed-white to target ray does not hit the RGB gamut boundary after the target.
17,32,48,0.16,0.24,0.157894736842105,0.105263157894737,4,1,1,23.7500002948869,23.7500002948869,0,0,0,5.14364297286873e-17,5.81862643906465e-17,0,1,1,0,0,2.89988017753901e-05,0.157894736842105,0.105263157894737,4,0.157894736842105,0.105263157894737,4,0.0521913283190761,0.594463400532806,1.07961744790282,0.0521913283190761,0.594463400532806,1.07961744790282,46,9,
18,29,58,0.145,0.29,0.158566221142163,0.140947752126367,4,1,1,33.6959985977162,33.6959985977162,0,0,0,0,0,0,1,1,0,0,2.70758336766551e-05,0.158566221142163,0.140947752126367,4,0.158566221142163,0.140947752126367,4,0.0468039733610061,0.655603706586615,0.756592529823656,0.0468039733610061,0.655603706586615,0.756592529823656,50,9,
19,27,64,0.135,0.32,0.157997399219766,0.166449934980494,4,1,1,35.6818506146022,35.6818506146022,0,0,0,-2.54049355294708e-17,-3.48965955925899e-17,0,1,1,0,0,4.23498718034668e-05,0.157997399219766,0.166449934980494,4,0.157997399219766,0.166449934980494,4,0.0397200519857289,0.685823261498033,0.611487893261187,0.0397200519857289,0.685823261498033,0.611487893261187,52,9,
20,25,72,0.125,0.36,0.160944206008584,0.206008583690987,4,1,1,42.7798776700159,42.7798776700159,0,0,0,-1.7637179430771e-17,-3.28456217337046e-17,0,1,1,0,0,1.90522456025213e-05,0.160944206008584,0.206008583690987,4,0.160944206008584,0.206008583690987,4,0.0459176524171588,0.710262288070432,0.454874538218081,0.0459176524171588,0.710262288070432,0.454874538218081,55,9,
21,24,78,0.12,0.39,0.166666666666667,0.240740740740741,4,1,1,50.7509066516935,50.7509066516935,0,0,0,-7.87309715379626e-18,2.18527750999428e-18,0,1,1,0,0,3.04146063226491e-05,0.166666666666667,0.240740740740741,4,0.166666666666667,0.240740740740741,4,0.0592897381065424,0.719750064038669,0.357970778041496,0.0592897381065424,0.719750064038669,0.357970778041496,57,9,
22,22,84,0.11,0.42,0.166666666666667,0.282828282828283,4,1,1,49.9142354659983,49.9142354659983,0,0,0,0,0,0,1,1,0,0,6.43903751304904e-05,0.166666666666667,0.282828282828283,4,0.166666666666667,0.282828282828283,4,0.0530006243387928,0.738192604153174,0.275887846740245,0.0530006243387928,0.738192604153174,0.275887846740245,59,9,
23,21,91,0.105,0.455,0.176635514018692,0.34018691588785,4,1,1,53.9381518862827,53.8003819656634,0.137769920619235,0,0.00471162254814267,0.00439271275579512,0.00471162254814257,-0.00471162254814267,1,0.995288377451857,0,0,6.8990433269077e-05,0.176635514018692,0.34018691588785,4,0.175911758360567,0.340146636632156,3.98115350980743,0.0685587739575135,0.743945715697638,0.192601919052048,0.0666791215880251,0.74129842288642,0.192037825686065,96,9,
24,20,95,0.1,0.475,0.18,0.38,4,1,1,51.4289951213857,51.226776519795,0.202218601590666,0,0.00602890129417535,0.00675104000872097,0.00602890129417535,-0.00602890129417535,1,0.993971098705825,0,0,0.000129075731983263,0.18,0.38,4,0.178985695086812,0.380205454540331,3.9758843948233,0.0696930763537696,0.750759559274564,0.150891004476098,0.0672879094527249,0.747372134477155,0.150169201490085,98,9,
25,19,98,0.095,0.49,0.180761099365751,0.414376321353066,4,1,1,47.9872749455005,47.8758127087754,0.111462236725032,0,0.0029792090547041,0.00357232708235862,0.00297920905470411,-0.0029792090547041,1,0.997020790945296,0,0,0.000149079756616028,0.180761099365751,0.414376321353066,4,0.180218896548005,0.414608756216008,3.98808316378118,0.0666792723436966,0.7577142347756,0.122051782088789,0.0654907481566129,0.756040323371822,0.121695099853218,99,9,
26,17,105,0.085,0.525,0.186131386861314,0.510948905109489,4,1,1,39.1084013422535,39.1084013422535,0,0,0,0,0,0,1,1,0,0,0.000111954476528055,0.186131386861314,0.510948905109489,4,0.186131386861314,0.510948905109489,4,0.0650503709450553,0.769646951309833,0.0609083300539633,0.0650503709450553,0.769646951309833,0.0609083300539633,101,9,
27,15,112,0.075,0.56,0.193409742120344,0.641833810888253,4,1,1,11.1873454107508,11.1873454107508,-4.79616346638068e-14,0,1.2070829932605e-16,9.77306660968798e-17,1.0214506675734e-16,-1.2070829932605e-16,1,1,0,0,0.000243041674530829,0.193409742120344,0.641833810888253,4,0.193409742120344,0.641833810888253,4,0.0636250822212442,0.780088078277288,0.00740780952349112,0.0636250822212441,0.780088078277288,0.00740780952349108,104,9,
28,19,112,0.095,0.56,0.236842105263158,0.620498614958449,4,1,1,23.6994704416329,23.6864596740072,0.0130107676256692,0,0.00103684760984358,0.00108605720017696,0.00103684760984358,-0.00103684760984358,1,0.998963152390157,0,0,0.000189220002385236,0.236842105263158,0.620498614958449,4,0.236663616306361,0.621000311990559,3.99585260956063,0.116877786725765,0.74915759613781,0.00447550583031125,0.116464147253009,0.748575028413885,0.00435137049216122,137,9,
29,27,111,0.135,0.555,0.309160305343511,0.564885496183206,4,1,1,44.7612431587419,44.6424652674193,0.118777891322587,0.0498880269248498,0.0463632207814777,0.0387718241012853,0.0463632207814777,0.00352480614337204,0.95011197307515,0.953636779218522,0,0,0.000135596231083033,0.307024919490672,0.583861580256846,3.8004478923006,0.307188037605153,0.582412032836551,3.81454711687409,0.201274727053843,0.659248629146245,0,0.202680911473686,0.661229092111803,0.000422003193494161,230,9,
30,34,111,0.17,0.555,0.369565217391304,0.536231884057971,4,1,1,27.5560136389025,27.5560136389025,0,0.00664047396376273,0.00664047396376273,0.0193824915398954,0.00704822004133121,0,0.993359526036237,0.993359526036237,0,0,6.10885828557719e-05,0.369937449906778,0.538163249021594,3.97343810414495,0.369937449906778,0.538163249021594,3.97343810414495,0.312559686995021,0.628931901548795,0,0.312559686995021,0.628931901548795,0,314,9,
