Index,Target_x,Target_y,Target_Y_lm,Target_u1976,Target_v1976,Exact_Ra,S14_Ra,BoundaryMix_Ra,RaDiff_ExactMinusS14,RaDiff_ExactMinusBoundaryMix,RaDiff_S14MinusBoundaryMix,AbsRaDiff_S14MinusBoundaryMix,BetterApproxMethod,Exact_SingleWhiteRatio,S14_LocalFitPredictedWhiteRatio,S14_SingleWhiteRatio,BoundaryMix_SingleWhiteRatio,S14_LocalFitFallbackUsed,S14_LocalFitConditionValue
1,0.226057658082383,0.543449795489374,4,0.0997025574270471,0.539298263690928,48.7220257349937,48.6983443194325,37.5287892973256,0.0236814155611924,11.1932364376681,11.169555022107,11.169555022107,S14,0,0.00121807938521531,0.00121807938521535,0.291751082681506,0,4.17819463541144e-05
2,0.413423788078613,0.474963696344639,4,0.210053936719794,0.542973078616637,27.3620017618966,27.3620017618966,27.3620017618966,0,0,0,0,Tie,0.107640535586376,0.109271059580234,0.107640535586376,0.107640535586376,0,5.78295587823609e-05
3,0.187150871526784,0.612529568052495,4,0.0750400464578487,0.552599918205543,20.0599971398086,20.0599971398086,14.099641674291,0,5.96035546551753,5.96035546551753,5.96035546551753,S14,0,-1.69196994842076e-17,0,0.146173580080655,0,4.37240731176533e-05
4,0.254063898308476,0.429430857303905,4,0.132930012413443,0.50554038388536,73.7107360850959,73.7107267014577,64.7339888268811,9.38363822911015e-06,8.97674725821484,8.97673787457661,8.97673787457661,S14,0.251551778139282,0.251629587028269,0.251629587028269,0.478512517312528,0,3.40641064932232e-05
5,0.591909127182811,0.370192571261719,4,0.3783077906712,0.532353931511063,8.42747773670624,8.42747773670624,8.42747773670624,0,0,0,0,Tie,0.0294241360285916,0.0307444629386926,0.0294241360285916,0.0294241360285916,0,2.88158928943615e-05
6,0.409125077278367,0.49594924293809,4,0.201213818531348,0.548809287552335,22.9267984330757,22.9267984330757,22.9267984330757,0,0,0,0,Tie,0.0448349206336535,0.0465353803199294,0.0448349206336535,0.0448349206336535,0,8.27067213712067e-05
7,0.212261730123594,0.375317720760103,4,0.11993392243797,0.477146701698475,67.7447402054747,67.6460759421833,58.2134064146298,0.0986642632913544,9.53133379084493,9.43266952755358,9.43266952755358,S14,0.0756525338333964,0.0893719911516337,0.0893719911516337,0.335337717070204,0,7.1915793145732e-05
8,0.294518200703645,0.248549138402641,4,0.21842239172406,0.414743701976996,70.5884322161943,70.5426060126703,70.5884322161943,0.0458262035240438,0,-0.0458262035240438,0.0458262035240438,BoundaryMix,0.911979605473197,0.911333896746719,0.911333896746719,0.911979605473197,0,2.53130647792115e-05
9,0.168959273511691,0.312720691156618,4,0.105357064243899,0.438753670299047,50.8780224549876,50.8211079388356,44.2331353296457,0.056914516152041,6.64488712534185,6.58797260918981,6.58797260918981,S14,0,0.00159738385785932,0.00159738385785934,0.137794521560676,0,6.04209116040278e-05
10,0.529442673329839,0.269581015732952,4,0.409145124088668,0.468738105753161,40.9821774124244,40.8882036227648,40.9821774124244,0.0939737896595929,0,-0.0939737896595929,0.0939737896595929,BoundaryMix,0.321066865706923,0.320183692538953,0.320183692538953,0.321066865706923,0,1.97999058475141e-05
11,0.483622678852146,0.317599469084542,4,0.331024613086603,0.489120554983973,49.5247276692937,48.5840169359172,49.5247276692937,0.940710733376484,0,-0.940710733376484,0.940710733376484,BoundaryMix,0.604993168148574,0.594989439695703,0.594989439695703,0.604993168148574,0,3.58686607895536e-05
12,0.299254791929613,0.382597746531835,4,0.171182152437038,0.492427496414627,89.6464025724296,89.6460782857684,84.7626662179975,0.00032428666114015,4.88373635443202,4.88341206777088,4.88341206777088,S14,0.63699246469081,0.636511326966051,0.636511326966051,0.750337658888411,0,4.55761255105619e-05
13,0.2618305280844,0.365454037979487,4,0.152631093233949,0.479333758142126,83.7780456866799,83.7779405149028,78.2284272684105,0.000105171777192936,5.54961841826946,5.54951324649227,5.54951324649227,S14,0.448608175385081,0.448179361869392,0.448179361869392,0.594119032439536,0,2.33683634175314e-05
14,0.148118126199157,0.29052341827336,4,0.0957137673650566,0.422405792353792,30.0447600223209,30.0447600223209,29.3584164443504,0,0.686343577970558,0.686343577970558,0.686343577970558,S14,0,0,0,0.0123726052091176,0,1.01980892395538e-05
15,0.297980684260246,0.282674619221386,4,0.205640988331748,0.438925591733961,90.671141543629,88.7595835796365,90.671141543629,1.91155796399249,0,-1.91155796399249,1.91155796399249,BoundaryMix,0.974205743243036,0.938032778447877,0.938032778447877,0.974205743243036,0,3.98689498631895e-05
16,0.213571397547852,0.137453202809055,4,0.202327279591451,0.292987258866572,60.9066250096718,60.9013860363966,60.045650260472,0.00523897327521183,0.860974749199869,0.855735775924657,0.855735775924657,S14,0.758150200586071,0.751063244108937,0.751063244108937,0.859408799058112,0,5.88112690244984e-06
17,0.262900679795817,0.247807563960567,4,0.193029380818845,0.409382039289672,89.609800349786,89.4152421055304,89.609800349786,0.194558244255674,0,-0.194558244255674,0.194558244255674,BoundaryMix,0.863901924065754,0.859066042288964,0.859066042288964,0.863901924065754,0,3.13963898882966e-05
18,0.352048450045644,0.348047727791204,4,0.217566482506611,0.483961567527992,93.6374489511404,91.730892202851,93.6374489511404,1.90655674828938,0,-1.90655674828938,1.90655674828938,BoundaryMix,0.943791861809511,0.918970249249073,0.918970249249073,0.943791861809511,0,2.4115665909286e-05
19,0.272801774604697,0.559468256867174,4,0.119023260210196,0.549215290219834,50.9227172386391,50.9216357911134,50.8595479416488,0.0010814475257277,0.0631692969903241,0.0620878494645964,0.0620878494645964,S14,0.116681689549105,0.113217184770483,0.113217184770483,0.142375523497128,0,3.2728531905228e-05
20,0.429164509349102,0.428815150658911,4,0.235563520896964,0.529586464236874,29.6793693757796,29.6793693757796,29.6793693757796,0,0,0,0,Tie,0.250151645309479,0.251844744548965,0.250151645309479,0.250151645309479,0,5.06190516939755e-05
21,0.319951355553108,0.551786040918285,4,0.142493033322081,0.552920770732283,48.2518331462536,48.2518331462536,48.2518331462536,0,0,0,0,Tie,0.0664924764812535,0.0686398852806348,0.0664924764812535,0.0664924764812535,0,0.000127397493439771
22,0.312456285444613,0.541432456465178,4,0.140868590433154,0.549226783545346,55.3682539181714,55.3682539181714,55.3682539181714,0,0,0,0,Tie,0.114952671491667,0.116506714635757,0.114952671491667,0.114952671491667,0,7.29894069422838e-05
23,0.20547910923285,0.216026416579696,4,0.158629516262444,0.375237043328846,84.5466869177873,84.546149213507,75.6639536430414,0.000537704280290541,8.88273327474592,8.88219557046563,8.88219557046563,S14,0.308820970008478,0.308120899939067,0.308120899939067,0.493059845126504,0,3.03192280423037e-05
24,0.394137588621468,0.339029427528113,4,0.251039933940477,0.485864167697082,73.3586151928735,69.6964701204744,73.3586151928735,3.66214507239903,0,-3.66214507239903,3.66214507239903,BoundaryMix,0.854575548657107,0.814765839821644,0.814765839821644,0.854575548657107,0,4.04927769258947e-05
25,0.27671373760972,0.448569656130644,4,0.141371466926209,0.515636265190545,76.1862515220857,76.1862650685863,67.7632757085955,-1.35465006536606e-05,8.4229758134902,8.42298935999085,8.42298935999085,S14,0.338104510087233,0.338332495266362,0.338332495266362,0.553313522084291,0,2.86313519885698e-05
26,0.183588639728677,0.241320078591446,4,0.132826773989579,0.392840085680502,69.313489073593,68.2559362634179,56.5299959737507,1.05755281017505,12.7834930998423,11.7259402896672,11.7259402896672,S14,0,0.040456655990756,0.040456655990756,0.278067683348288,0,3.39774167542889e-05
27,0.409688662509835,0.505090938819895,4,0.198836632987589,0.551562269938149,18.407081461113,18.407081461113,18.407081461113,0,0,0,0,Tie,0.0134413774107422,0.0141225054447424,0.0134413774107422,0.0134413774107422,0,1.2118972117339e-05
28,0.204505455729323,0.259643270044382,4,0.143343899100243,0.409481139678054,79.0033423006177,79.0033310890078,70.9420239741028,1.12116099444393e-05,8.06131832651491,8.06130711490496,8.06130711490496,S14,0.215376870848237,0.21552382281655,0.21552382281655,0.410465468874036,0,2.94649639477232e-05
29,0.553130473511308,0.278590601792605,4,0.42249289513834,0.478785295656628,45.564285910132,45.4554971894475,45.564285910132,0.108788720684451,0,-0.108788720684451,0.108788720684451,BoundaryMix,0.297100611061279,0.296060561906295,0.296060561906296,0.297100611061279,0,1.911675371348e-05
30,0.517936852066005,0.303558520284384,4,0.369504327401787,0.487267742079018,45.0727083775578,44.9622886322614,45.0727083775578,0.110419745296397,0,-0.110419745296397,0.110419745296397,BoundaryMix,0.480904672404305,0.479785528175509,0.479785528175509,0.480904672404305,0,3.30463763573344e-05
31,0.357445539463451,0.183315383801255,4,0.318799576700234,0.367865690543964,-2.31336090744397,-2.42023956994366,-2.31336090744397,0.106878662499693,0,-0.106878662499693,0.106878662499693,BoundaryMix,0.451278996385319,0.450164404187741,0.450164404187741,0.451278996385319,0,1.59866969653572e-05
32,0.329960444595632,0.243390463964188,4,0.25088401764232,0.416387029186156,40.905372934414,40.8858657509812,40.905372934414,0.0195071834328431,0,-0.0195071834328431,0.0195071834328431,BoundaryMix,0.793054545504338,0.792843130406997,0.792843130406996,0.793054545504338,0,7.30964453631729e-06
33,0.208129305502233,0.55882538333187,4,0.0896177554017347,0.541401519062639,39.7427734770909,39.7427734770909,30.2823761776912,0,9.46039729939967,9.46039729939967,9.46039729939967,S14,0,-0.000206777525988248,0,0.22555657193733,0,4.55327922180325e-06
34,0.294438747904521,0.188819995548972,4,0.251820493325109,0.36335120878677,18.5843496131783,18.51069217487,18.5843496131783,0.0736574383083273,0,-0.0736574383083273,0.0736574383083273,BoundaryMix,0.725779949055865,0.724879070302481,0.72487907030248,0.725779949055865,0,1.73117085464608e-05
35,0.272090815594673,0.246898664924964,4,0.200856824785904,0.410085081290688,86.400577319489,85.6161029278786,86.400577319489,0.784474391610416,0,-0.784474391610416,0.784474391610416,BoundaryMix,0.935774085110648,0.918376935900889,0.918376935900889,0.935774085110648,0,9.80244515627443e-06
36,0.406364710738469,0.214793503049852,4,0.341139473268031,0.405713676039909,14.4964674143954,14.3971386392826,14.4964674143954,0.0993287751128431,0,-0.0993287751128431,0.0993287751128431,BoundaryMix,0.438745684367313,0.437745575020634,0.437745575020634,0.438745684367313,0,1.84667117951342e-05
37,0.228063203875034,0.175469308781453,4,0.196204274886117,0.339654151988804,80.6156193289462,80.6070439627777,80.1531903688824,0.00857536616844357,0.462428960063761,0.453853593895317,0.453853593895317,S14,0.78886737852711,0.782758727777211,0.782758727777211,0.835223650921634,0,2.06287607946925e-05
38,0.290643434255217,0.350941031111648,4,0.17535034264663,0.476390144428113,91.7989872610501,91.7977993280638,88.2488954275159,0.00118793298632625,3.55009183353417,3.54890390054784,3.54890390054784,S14,0.684804619166639,0.683812654229073,0.683812654229073,0.768784977725531,0,3.42756404020498e-05
39,0.289364387120142,0.179670368476666,4,0.252868195602343,0.353271096167541,16.3001061763843,16.2394424616718,16.3001061763843,0.0606637147124829,0,-0.0606637147124829,0.0606637147124829,BoundaryMix,0.706914415914298,0.706181597166789,0.706181597166789,0.706914415914298,0,1.33447308346062e-05
40,0.231844409071318,0.173385410362761,4,0.200864299386298,0.337987933418827,78.4085283925775,78.2703770448508,78.2091091099632,0.138151347726605,0.199419282614215,0.06126793488761,0.06126793488761,S14,0.855055170725451,0.830039285027607,0.830039285027607,0.885086943797475,0,1.75001735371463e-05
41,0.22980356878635,0.129546455620945,4,0.224475073223328,0.284720938391225,35.0090930857572,34.9395941124583,35.0090930857572,0.0694989732988915,0,-0.0694989732988915,0.0694989732988915,BoundaryMix,0.735471724656482,0.733952760877113,0.733952760877112,0.735471724656482,0,1.40663606708173e-05
42,0.520976175779343,0.316105140022152,4,0.362335702014105,0.494660623799015,47.6109158213694,45.9904290824084,47.6109158213694,1.62048673896098,0,-1.62048673896098,1.62048673896098,BoundaryMix,0.514389312029136,0.497633455288881,0.497633455288881,0.514389312029136,0,1.59728665678688e-05
43,0.165555677863717,0.551550448873701,4,0.0713026257957004,0.53447722533381,24.1361575799332,24.1361575799332,20.0912123643543,0,4.04494521557889,4.04494521557889,4.04494521557889,S14,0,-1.35092708135907e-17,0,0.0851944025604479,0,3.86586553234734e-05
44,0.159303847646166,0.677811693020219,4,0.0589188697834641,0.564052744518814,-8.04048000228447,-8.04048001586933,-9.17841390350901,1.35848612359268e-08,1.13793390122453,1.13793388763967,1.13793388763967,S14,0,7.62487299603343e-16,8.00108171518031e-16,0.0318566738332611,0,9.04739434946604e-05
45,0.182088387654375,0.433358031554958,4,0.0929482431975714,0.497723679756863,46.5917238031489,46.5917238031489,38.7430180732301,0,7.84870572991878,7.84870572991878,7.84870572991878,S14,0,0,0,0.167354914302685,0,3.27755752619284e-07
46,0.281823454516477,0.191312912293735,4,0.238222333238439,0.363858178350543,37.811162742986,37.783958021438,37.811162742986,0.0272047215479603,0,-0.0272047215479603,0.0272047215479603,BoundaryMix,0.784083084613158,0.78373100167354,0.78373100167354,0.784083084613158,0,9.23511907144639e-06
47,0.255126193216294,0.239989693800425,4,0.190051442042409,0.4022455331456,91.8368526942823,91.8149235028782,91.8368526942823,0.0219291914041548,0,-0.0219291914041548,0.0219291914041548,BoundaryMix,0.830733651118431,0.83007417996406,0.83007417996406,0.830733651118431,0,4.85082382886884e-06
48,0.56620825596921,0.249089712936922,4,0.466335507052655,0.461594469541436,41.5921899644467,41.5309167546579,41.5921899644467,0.0612732097887516,0,-0.0612732097887516,0.0612732097887516,BoundaryMix,0.116076064256386,0.115434666485539,0.115434666485538,0.116076064256386,0,1.05238680690524e-05
49,0.22584337131395,0.570261041256092,4,0.096191098694319,0.546491936022581,41.9439443618818,41.7624740600848,34.9411544092262,0.181470301796978,7.00278995265564,6.82131965085866,6.82131965085866,S14,0,0.00823702631904388,0.00823702631904382,0.205808052904047,0,0.000145722846651834
50,0.212972872330238,0.394508759822036,4,0.116567174553485,0.485837631212156,66.0148088203828,65.8616313619108,55.7388456695675,0.153177458471987,10.2759631508153,10.1227856923433,10.1227856923433,S14,0.0507166975615076,0.0681213337117464,0.0681213337117464,0.324435503740431,0,4.08407677157415e-05
51,0.262254046154382,0.222930511997669,4,0.203666439141456,0.389537528574843,85.116825620384,84.4161040549903,85.116825620384,0.700721565393764,0,-0.700721565393764,0.700721565393764,BoundaryMix,0.950001167925495,0.929426744195691,0.929426744195691,0.950001167925495,0,8.1166480346184e-06
52,0.157172013763287,0.376149456927203,4,0.0873244626454241,0.470222776508507,36.5217392801703,36.5217392801703,33.2469976928654,0,3.27474158730487,3.27474158730487,3.27474158730487,S14,0,-5.36936437545449e-17,0,0.063793267482047,0,7.88746031636067e-05
53,0.176381595683175,0.599872506195334,4,0.0716582761520648,0.548345854688416,19.9904356741909,19.9904356741909,14.986041788351,0,5.00439388583984,5.00439388583984,5.00439388583984,S14,0,-5.11500933371391e-18,0,0.115150814861189,0,0.000159383757534646
54,0.357188250660098,0.245583435584556,4,0.273047099216688,0.422398134039253,41.3061914434108,41.2491318837964,41.3061914434108,0.0570595596143946,0,-0.0570595596143946,0.0570595596143946,BoundaryMix,0.718349949014429,0.717737677049982,0.717737677049982,0.718349949014429,0,1.81807338797556e-05
55,0.161759368272036,0.528472350892448,4,0.0717483642228087,0.527408774012615,25.257520677322,25.257520677322,21.6636256475939,0,3.59389502972817,3.59389502972817,3.59389502972817,S14,0,-1.95023102952322e-17,0,0.0737637506887182,0,0.000158824816849996
56,0.437369046459475,0.321371866197235,4,0.29247021388372,0.483530609238381,56.9411492236346,56.6848999106811,56.9411492236346,0.256249312953528,0,-0.256249312953528,0.256249312953528,BoundaryMix,0.720708558288471,0.717966572886169,0.717966572886169,0.720708558288471,0,4.14909595822673e-05
57,0.366055859635038,0.315903370034313,4,0.241671727838021,0.469261863530518,73.5055357216593,73.4489115908406,73.5055357216593,0.0566241308187188,0,-0.0566241308187188,0.0566241308187188,BoundaryMix,0.87218044336254,0.871554697108592,0.871554697108592,0.87218044336254,0,3.90008531721668e-05
58,0.262862371528439,0.119247449972324,4,0.269240362273796,0.274816853774859,-46.271518715389,-46.4210425294069,-46.271518715389,0.149523814017883,0,-0.149523814017883,0.149523814017883,BoundaryMix,0.466687498171861,0.464915051694697,0.464915051694697,0.466687498171861,0,1.19226762261092e-05
59,0.431722845846685,0.406880972338577,4,0.246026555044097,0.521707227278064,33.6637539958068,33.6637539958068,33.6637539958068,0,0,0,0,Tie,0.343434668086161,0.345438266934416,0.343434668086161,0.343434668086161,0,6.37535607311208e-05
60,0.178542309868028,0.611562035023503,4,0.0715481446715953,0.551417141557005,17.9012165403668,17.9012165403668,12.8332881336867,0,5.06792840668013,5.06792840668013,5.06792840668013,S14,0,2.05160507569439e-17,0,0.120300687400965,0,0.000126129071688227
61,0.372256395216221,0.200338024607548,4,0.319564691114569,0.386956838065369,9.00977757533035,8.98881184889387,9.00977757533035,0.0209657264364829,0,-0.0209657264364829,0.0209657264364829,BoundaryMix,0.486489865050495,0.486268207058505,0.486268207058505,0.486489865050495,0,3.47422449635468e-06
62,0.331462647654582,0.478943507208159,4,0.164001177189049,0.533186541458662,70.3079276054333,70.3079276054333,70.3079276054333,0,0,0,0,Tie,0.294342022736526,0.295796635591759,0.294342022736526,0.294342022736526,0,5.57561705810919e-05
63,0.607034197923413,0.259418568452346,4,0.495643882501626,0.476584779780649,39.5272412671384,39.4324812327326,39.5272412671384,0.0947600344058159,0,-0.0947600344058159,0.0947600344058159,BoundaryMix,0.0562199313299608,0.0532783473638838,0.0532783473638838,0.0562199313299608,0,1.49139036919406e-05
64,0.22623120197278,0.482618538063381,4,0.108517705104684,0.520876322114549,59.6872009409858,59.594680440272,47.897106833906,0.0925205007138103,11.7900941070797,11.6975736063659,11.6975736063659,S14,0.00524023576659418,0.025682684023725,0.025682684023725,0.323810113619019,0,7.05309823043012e-05
65,0.514829118501861,0.340373772886677,4,0.340111527745858,0.505937483752785,37.3647593838871,37.3002353643092,37.3647593838871,0.0645240195778882,0,-0.0645240195778882,0.0645240195778882,BoundaryMix,0.439716658947288,0.439047259267986,0.439047259267986,0.439716658947288,0,1.18878829254842e-05
66,0.217463704252999,0.428945566376776,4,0.112786244270339,0.500557594597359,63.8073790095912,63.5444737652975,52.649576495272,0.262905244293705,11.1578025143191,10.8948972700254,10.8948972700254,S14,0.0301531806385676,0.0554067693879263,0.0554067693879263,0.321180586992995,0,9.69650982191276e-05
67,0.411551872435344,0.327287277570956,4,0.269678052448105,0.482539270054101,64.3922094200023,63.1467325122004,64.3922094200023,1.24547690780194,0,-1.24547690780194,1.24547690780194,BoundaryMix,0.792474774943825,0.779069506291912,0.779069506291912,0.792474774943825,0,2.802388038802e-05
68,0.161352663937184,0.240520891411683,4,0.116007080545675,0.389084276141819,44.0845322844231,44.0845322844231,38.1191682268536,0,5.96536405756949,5.96536405756949,5.96536405756949,S14,0,-1.12041706844973e-17,0,0.10784906294474,0,1.60985236474085e-05
69,0.357866292217773,0.509935689576861,4,0.170341631815387,0.54613239242655,48.5276884156935,48.5276884156935,48.5276884156935,0,0,0,0,Tie,0.117333296551401,0.11816337285767,0.117333296551401,0.117333296551401,0,3.51838752877801e-05
70,0.376077590132697,0.466896771190256,4,0.19161709890265,0.535254335919293,50.0568419780682,50.0568419780682,50.0568419780682,0,0,0,0,Tie,0.23140972329803,0.233368318619058,0.23140972329803,0.23140972329803,0,7.42059023650617e-05
71,0.15352499208385,0.564954083991717,4,0.0648304581338672,0.536779198509915,17.0332269455316,17.0332269455316,14.8885735998779,0,2.14465334565371,2.14465334565371,2.14465334565371,S14,0,-1.24218576002493e-16,0,0.0447970309438044,0,0.000147262697223808
72,0.250367860038171,0.327483483572921,4,0.155772460145055,0.4584416016569,85.6520671927796,85.6520678152354,81.5702120159565,-6.22455843313219e-07,4.08185517682308,4.08185579927893,4.08185579927893,S14,0.473282225416782,0.47332264644831,0.47332264644831,0.593313677286178,0,3.90228653384338e-05
73,0.16316861629246,0.135864751481353,4,0.15164229369242,0.284101175723175,41.8726336086081,41.8726336086081,32.7522671249631,0,9.12036648364504,9.12036648364504,9.12036648364504,S14,0,0,0,0.182770756459669,0,1.47606685331653e-05
74,0.41555595983928,0.35508878304937,4,0.258512576385688,0.497017444825773,58.028433701958,58.028433701958,58.028433701958,0,0,0,0,Tie,0.682903787057507,0.684956355081261,0.682903787057507,0.682903787057507,0,4.76099339789598e-05
75,0.201685539665797,0.104777741368883,4,0.209328010226964,0.244683190201077,32.91154695555,32.6733432441257,32.8914919468191,0.238203711424276,0.0200550087308073,-0.218148702693469,0.218148702693469,BoundaryMix,0.731766024163249,0.668805935542817,0.668805935542817,0.750504712181047,0,1.2795318590304e-05
76,0.442704499768568,0.169885127413442,4,0.42637307542742,0.368140598606198,-38.1545669403816,-38.1651710442673,-38.1545669403816,0.0106041038857043,0,-0.0106041038857043,0.0106041038857043,BoundaryMix,0.00145140076729915,0.001300827627567,0.00130082762756689,0.00145140076729915,0,6.0521786987597e-06
77,0.241407109947828,0.623393862696227,4,0.0965830092321293,0.56117164163215,21.7663111913385,21.7564578383125,21.5363165233549,0.00985335302599566,0.229994667983604,0.220141314957608,0.220141314957608,S14,0,0.00101616021995045,0.00101616021995046,0.0210946079250217,0,6.20349327926687e-05
78,0.356997701246224,0.303526799166486,4,0.240875882975965,0.460794684046877,71.0270789822991,71.0065854924255,71.0270789822991,0.0204934898735871,0,-0.0204934898735871,0.0204934898735871,BoundaryMix,0.868327524303208,0.868100376549917,0.868100376549917,0.868327524303208,0,8.64954029366368e-06
79,0.160751387857436,0.316727522377416,4,0.0992410826974168,0.439951785079037,43.3547402440797,43.3547402440797,38.7773734382953,0,4.57736680578437,4.57736680578437,4.57736680578437,S14,0,0,0,0.0886576511349912,0,3.13691983670441e-05
80,0.371498722011372,0.46158089747907,4,0.19061056598819,0.532868431399451,53.849704646431,53.849704646431,53.849704646431,0,0,0,0,Tie,0.264353969603529,0.265646380579941,0.264353969603529,0.264353969603529,0,4.56729600679344e-05
81,0.173934040418431,0.305903067676198,4,0.110033149180726,0.435416926145313,55.3106513905073,55.1837828180527,47.6565078075861,0.126868572454597,7.65414358292119,7.5272750104666,7.5272750104666,S14,0,0.00441198924451559,0.00441198924451559,0.169994713128344,0,5.900902659993e-05
82,0.286586342519069,0.188489796160094,4,0.24449083534434,0.361807410122828,28.7404695390423,28.6869271651275,28.7404695390423,0.0535423739148122,0,-0.0535423739148122,0.0535423739148122,BoundaryMix,0.754868626767023,0.754195424129665,0.754195424129665,0.754868626767023,0,1.32909703185922e-05
83,0.142108475724307,0.591116717656205,4,0.0579491548507261,0.542354047296418,8.6979169894249,8.6979169894249,8.2728542353486,0,0.425062754076302,0.425062754076302,0.425062754076302,S14,0,-4.5226064401886e-17,0,0.00897976794621553,0,0.000100681233924136
84,0.631931539461398,0.27851280311636,4,0.497751384789884,0.493594291068036,54.7562244243569,54.3340010328236,54.7562244243569,0.422223391533336,0,-0.422223391533336,0.422223391533336,BoundaryMix,0.0899753361344083,0.0816038134759145,0.0816038134759143,0.0899753361344083,0,1.92740795942997e-05
85,0.296138822104195,0.522109424532411,4,0.136579089895467,0.541792414868301,64.1345533727137,63.8144374938559,64.1345533727137,0.320115878857798,0,-0.320115878857798,0.320115878857798,BoundaryMix,0.215776279214947,0.195421128295245,0.195421128295245,0.215776279214947,0,0.000111031431970634
86,0.182788454648851,0.545742799126128,4,0.0796174466923956,0.534847557393454,32.4783441191913,32.4783441191913,25.848152587549,0,6.63019153164229,6.63019153164229,6.63019153164229,S14,0,-8.36284033985388e-18,0,0.144053418711721,0,0.000117445132920287
87,0.390180432725991,0.414009543798417,4,0.217136229857375,0.518393655427372,53.1434455250246,53.1434455250246,53.1434455250246,0,0,0,0,Tie,0.427551355828843,0.428640436281555,0.427551355828843,0.427551355828843,0,3.31783708378638e-05
88,0.410090388792121,0.193942863957285,4,0.363947844555395,0.387271808300908,1.91152779949106,1.78643661256153,1.91152779949106,0.125091186929533,0,-0.125091186929533,0.125091186929533,BoundaryMix,0.310441156173144,0.309286417809107,0.309286417809107,0.310441156173144,0,1.5364909863821e-05
89,0.281785065846918,0.599523928171345,4,0.117035965509427,0.560261022100177,30.3178853446405,30.2622357713822,30.3178853446405,0.0556495732582505,0,-0.0556495732582505,0.0556495732582505,BoundaryMix,0.00720623235734115,0.00292847478203712,0.00292847478203713,0.00720623235734115,0,7.08668671001275e-06
90,0.212066707238302,0.447631455067099,4,0.106734545598352,0.506915565824586,59.9237800118082,59.3317313528343,48.2140942551778,0.592048658973845,11.7096857566304,11.1176370976566,11.1176370976566,S14,0,0.0247393475070501,0.0247393475070501,0.287253802819798,0,6.18097685701376e-05
91,0.176846524753957,0.651414927457657,4,0.0676064950923058,0.560314828659248,5.03575285251488,5.03575288395434,2.59761874544789,-3.14394661415918e-08,2.43813410706699,2.43813413850646,2.43813413850646,S14,0,5.57063530826285e-16,5.94664510258051e-16,0.0670468863012438,0,0.00019250448034562
92,0.512265111721677,0.337729523237017,4,0.339911129389906,0.504222417945783,39.5574809904454,39.0470359010812,39.5574809904454,0.510445089364161,0,-0.510445089364161,0.510445089364161,BoundaryMix,0.464740486711301,0.45944489675191,0.45944489675191,0.464740486711301,0,1.46816505471248e-05
93,0.176327547326796,0.0786723673816059,4,0.19638791964499,0.197151161546623,21.3984335724802,21.3783907660497,14.4246487840035,0.020042806430542,6.97378478847679,6.95374198204624,6.95374198204624,S14,0.170794332377816,0.190891368148105,0.190891368148105,0.593992689902719,0,1.0963006065025e-05
94,0.387925453754043,0.423420987994311,4,0.21241055871995,0.521654218529212,52.4664762730672,52.4664762730672,52.4664762730672,0,0,0,0,Tie,0.38835694466671,0.390314764241358,0.38835694466671,0.38835694466671,0,5.94452770615815e-05
95,0.239119686002649,0.52128766196947,4,0.108972949692746,0.534519235969108,56.2777779559478,56.1490329663704,45.0495825406201,0.128744989577392,11.2281954153277,11.0994504257503,11.0994504257503,S14,0.0155001532647425,0.04559838740537,0.04559838740537,0.347162247821563,0,0.000130604440524564
96,0.295680159382513,0.375248182300106,4,0.171120663783051,0.488631418112472,89.8946812716414,89.8946036646223,85.2993915967669,7.76070191079725e-05,4.59528967487452,4.59521206785541,4.59521206785541,S14,0.638517094459339,0.638074375381326,0.638074375381326,0.746577684023516,0,3.11929611788626e-05
97,0.229611424120452,0.552131487415833,4,0.100197482686057,0.542111164834485,47.5782953774217,47.5289974706049,38.5494845204377,0.0492979068167898,9.02881085698402,8.97951295016723,8.97951295016723,S14,0,0.0029552577964817,0.00295525779648173,0.257652900286819,0,5.15955871847519e-05
98,0.24197928406238,0.396727392359567,4,0.13301466414387,0.490677383296163,74.576737176231,74.5767366600323,66.1530700062672,5.16198753075514e-07,8.42366716996378,8.42366665376503,8.42366665376503,S14,0.241901603285599,0.241912843780975,0.241912843780975,0.458097120832002,0,6.64996218542181e-05
99,0.272943401674823,0.562469721132412,4,0.118622694495647,0.550017935359259,49.8545998628844,49.8452425725795,49.8194520469259,0.00935729030496191,0.0351478159584815,0.0257905256535196,0.0257905256535196,S14,0.113162714794382,0.102950057864529,0.102950057864529,0.132689827764044,0,4.58339582153494e-05
100,0.5376801734526,0.332895675049632,4,0.36333499059418,0.506143743257709,38.8918824751811,38.8918824751811,38.8918824751811,0,0,0,0,Tie,0.405285430199647,0.405417448879507,0.405285430199647,0.405285430199647,0,2.69384857310494e-05
101,0.526202789224861,0.239116574272897,4,0.436955382789399,0.446761917382433,34.2004939051164,34.0375872092141,34.2004939051164,0.162906695902251,0,-0.162906695902251,0.162906695902251,BoundaryMix,0.180567530511161,0.179157466559551,0.179157466559551,0.180567530511161,0,2.28097103736669e-05
102,0.177554604937333,0.521835268793106,4,0.0797378776197932,0.527288958991832,33.6151502448962,33.6151502448962,27.4497615536492,0,6.16538869124705,6.16538869124705,6.16538869124705,S14,0,0,0,0.130146109611622,0,0.000128045464138921
103,0.682519565503949,0.289674825781555,4,0.534151216098135,0.510084807294086,26.3648692044027,26.2902098916395,25.3002852947449,0.0746593127631066,1.06458390965779,0.989924596894685,0.989924596894685,S14,0,0.0011922181708055,0.00119221817080533,0.0167314365937317,0,1.13511600102291e-05
104,0.452686674190564,0.324484096177785,4,0.302373901215224,0.487666055098206,55.245916086627,54.5711398132336,55.245916086627,0.674776273393405,0,-0.674776273393405,0.674776273393405,BoundaryMix,0.693696618512635,0.686508828160611,0.686508828160611,0.693696618512635,0,1.94085805792116e-05
105,0.34878600477299,0.511307616369166,4,0.165338264976499,0.545354756946834,52.7816140577466,52.7816140577466,52.7816140577466,0,0,0,0,Tie,0.13354146630113,0.134017160277664,0.13354146630113,0.13354146630113,0,2.42073543902719e-05
106,0.406450617797797,0.333316200804921,4,0.26278172670038,0.484871117513418,67.7200840549184,65.2715826029334,67.7200840549184,2.44850145198502,0,-2.44850145198502,2.44850145198502,BoundaryMix,0.816486482146593,0.790065107779862,0.790065107779862,0.816486482146593,0,4.44816881533164e-05
107,0.570625606515928,0.253049861617334,4,0.466259565897907,0.465227224088993,43.7936002988201,43.6462934287312,43.7936002988201,0.147306870088883,0,-0.147306870088883,0.147306870088883,BoundaryMix,0.125000353312013,0.12367301924986,0.12367301924986,0.125000353312013,0,2.25233160019835e-05
108,0.242495807191953,0.0939636349520177,4,0.266290749345689,0.232163623230504,-85.2547931382495,-85.3115164312383,-85.2547931382495,0.056723292988778,0,-0.056723292988778,0.056723292988778,BoundaryMix,0.346633566787697,0.345872045390363,0.345872045390363,0.346633566787697,0,3.95204635025667e-06
109,0.242073912069807,0.366038267554233,4,0.14016386843388,0.476866809220625,78.2908220690439,78.2907847820322,71.3746584065321,3.72870117075763e-05,6.91616366251185,6.91612637550014,6.91612637550014,S14,0.308533723769251,0.308361982700341,0.308361982700341,0.493404376354243,0,7.51813101325343e-05
110,0.159225818763391,0.284575009107257,4,0.104471197944804,0.420109362660748,41.9907687048574,41.9907687048574,37.4199376237615,0,4.57083108109594,4.57083108109594,4.57083108109594,S14,0,0,0,0.0839365151567689,0,9.89685672373199e-06
111,0.448394444357364,0.224133237443071,4,0.374222594297089,0.420880267227248,19.4843119306916,19.323509549409,19.4843119306916,0.160802381282544,0,-0.160802381282544,0.160802381282544,BoundaryMix,0.345980832193175,0.344482820287173,0.344482820287172,0.345980832193175,0,1.97658536025016e-05
112,0.264106026416485,0.333409476708065,4,0.163212234999738,0.46359085347056,88.4454135155286,88.4452758819973,84.8287302659785,0.000137633531366532,3.61668324955009,3.61654561601873,3.61654561601873,S14,0.559307315768018,0.558933121615657,0.558933121615657,0.659742644039701,0,5.71255177759755e-05
113,0.327612287941729,0.51659627424291,4,0.15337778306903,0.544171836506878,60.4710220917535,60.4710220917535,60.4710220917535,0,0,0,0,Tie,0.163767127886151,0.165009500953292,0.163767127886151,0.163767127886151,0,5.43475640805262e-05
114,0.246667623418262,0.505408396006941,4,0.115109718646972,0.530670338023802,60.6915706487637,60.6789369348063,49.8219089267103,0.012633713957392,10.8696617220533,10.8570280080959,10.8570280080959,S14,0.0762876479366139,0.0852314000183158,0.0852314000183158,0.385925745335418,0,6.7259002426501e-05
115,0.399452348119135,0.284165347708181,4,0.284759714995441,0.45579253336086,50.9749846962148,50.9598296384108,50.9749846962148,0.0151550578039519,0,-0.0151550578039519,0.0151550578039519,BoundaryMix,0.715988394132919,0.715822250478037,0.715822250478037,0.715988394132919,0,5.15277446635703e-06
116,0.433848168530969,0.448056165108542,4,0.231109047908131,0.53702456939259,23.29379178089,23.29379178089,23.29379178089,0,0,0,0,Tie,0.157678034545602,0.159015190055584,0.157678034545602,0.157678034545602,0,4.58866186391994e-05
117,0.295586573431403,0.136627906125528,4,0.292055496410862,0.303740435800743,-56.9066715162073,-57.0260165596642,-56.9066715162073,0.119345043456889,0,-0.119345043456889,0.119345043456889,BoundaryMix,0.423283155913573,0.422128061186669,0.422128061186669,0.423283155913573,0,1.00326563769186e-05
118,0.16393500858847,0.523742549815133,4,0.0732094522127994,0.526254504031508,26.8599669010143,26.8599669010143,22.8813086053613,0,3.97865829565308,3.97865829565308,3.97865829565308,S14,0,-1.72049329410391e-17,0,0.0817280419439908,0,0.000149273814248187
119,0.190633547049433,0.606023309210606,4,0.0770936422557189,0.551430879163608,22.8100205522251,22.8100205522251,16.3478191547041,0,6.46220139752096,6.46220139752096,6.46220139752096,S14,0,3.19439681847064e-17,0,0.157914315737713,0,0.000111447493981305
120,0.304872450562014,0.337944859117067,4,0.189197444673031,0.471873346548066,95.0424589658504,95.0405981351878,92.1956412472138,0.00186083066255094,2.84681771863657,2.84495688797402,2.84495688797402,S14,0.817874430982525,0.816436414822399,0.816436414822399,0.87458799985292,0,5.31807792483435e-05
121,0.446202637645434,0.272334279570449,4,0.332020338575412,0.455950171917575,38.1862922351994,38.0985590053797,38.1862922351994,0.0877332298196976,0,-0.0877332298196976,0.0877332298196976,BoundaryMix,0.556394956897338,0.555454966874751,0.555454966874751,0.556394956897338,0,2.29204816384133e-05
122,0.316399621844294,0.52915932130496,4,0.145185515400956,0.546331578326124,59.3444965563295,59.3444965563295,59.3444965563295,0,0,0,0,Tie,0.146375020951082,0.146765598289512,0.146375020951082,0.146375020951082,0,1.04858832368746e-05
123,0.294290617378183,0.376687210631767,4,0.169823905192198,0.489086641156084,89.469852902642,89.4687836239827,84.7715731481093,0.0010692786593296,4.69827975453273,4.6972104758734,4.6972104758734,S14,0.625556666526292,0.624575062467997,0.624575062467997,0.737065482854567,0,3.36711355292588e-05
124,0.630022000855271,0.307570960313186,4,0.464035595662371,0.509710320533501,58.055566774732,52.9543188558793,58.055566774732,5.10124791885279,0,-5.10124791885279,5.10124791885279,BoundaryMix,0.21912263439625,0.174703178929372,0.174703178929372,0.21912263439625,0,2.61851644292577e-05
125,0.371741318439953,0.243443466514311,4,0.287178740952737,0.423147806451317,37.2692196659668,37.2336575300985,37.2692196659668,0.0355621358682257,0,-0.0355621358682257,0.0355621358682257,BoundaryMix,0.667773577617391,0.667371717846382,0.667371717846382,0.667773577617391,0,1.0689008087478e-05
126,0.38289817254174,0.243687148492501,4,0.296909509131331,0.425163484355437,34.8915425150079,34.8388403632429,34.8915425150079,0.0527021517650255,0,-0.0527021517650255,0.0527021517650255,BoundaryMix,0.635145569035434,0.634549009418752,0.634549009418752,0.635145569035434,0,1.57167507355249e-05
127,0.218277986427137,0.471593425560219,4,0.106184862204647,0.516182086847781,58.967174548149,58.7560891015261,47.0255020287365,0.211085446622938,11.9416725194125,11.7305870727896,11.7305870727896,S14,0,0.0132796011250949,0.0132796011250948,0.299188587054979,0,5.32094853361267e-05
128,0.29632570618277,0.288270405469236,4,0.20204277561987,0.442238527331238,92.8865476205917,92.1304167356522,92.8865476205917,0.756130884939466,0,-0.756130884939466,0.756130884939466,BoundaryMix,0.963101718984414,0.94277229060993,0.94277229060993,0.963101718984414,0,1.5510152921304e-05
129,0.265462360451729,0.438300720873189,4,0.137390718973978,0.510398215763976,75.2248198599371,75.2248138156962,66.5646898441488,6.04424087669031e-06,8.66013001578831,8.66012397154743,8.66012397154743,S14,0.298844424877033,0.298602496740814,0.298602496740814,0.517795227400157,0,9.334668616901e-05
130,0.163241456359691,0.119053233940464,4,0.159176258099722,0.261199021442233,38.8844815973157,38.8844815973157,29.1097086701873,0,9.77477292712847,9.77477292712847,9.77477292712847,S14,0,1.81652446541958e-17,0,0.203684609682973,0,1.55154099228281e-05
131,0.220869993932211,0.554865431018645,4,0.095857001984639,0.541822841096485,44.6325733243642,44.5304005442779,34.143582330664,0.102172780086292,10.4889909937001,10.3868182136139,10.3868182136139,S14,0,0.00399153920722041,0.00399153920722045,0.266921980643311,0,8.38255881869343e-05
132,0.291676036158149,0.128348947635401,4,0.294857899401697,0.291935458855333,-71.1754045474675,-71.2661099090309,-71.1754045474675,0.0907053615633941,0,-0.0907053615633941,0.0907053615633941,BoundaryMix,0.375997414205177,0.375128204834907,0.375128204834907,0.375997414205177,0,7.71542976277974e-06
133,0.542039482752971,0.230448307825921,4,0.463152883525721,0.443046685261748,27.7063734855393,27.6090756538582,27.7063734855393,0.0972978316811464,0,-0.0972978316811464,0.0972978316811464,BoundaryMix,0.0806516459859147,0.0793357227588445,0.0793357227588444,0.0806516459859147,0,1.68934913303704e-05
134,0.148307844261271,0.278858255884361,4,0.0980599048871482,0.414852173981425,29.6705790533872,29.6705790533872,28.9799194847981,0,0.690659568589165,0.690659568589165,0.690659568589165,S14,0,-1.16612696227879e-17,0,0.0123631770578381,0,3.55007149237155e-05
135,0.446088322872181,0.401617717594407,4,0.257585175444309,0.521789567499876,29.1175205326321,29.1175205326321,29.1175205326321,0,0,0,0,Tie,0.327110186282023,0.329197994951608,0.327110186282023,0.327110186282023,0,5.18288922200291e-05
136,0.440781249501417,0.287887320477955,4,0.316364255759935,0.464910498063812,44.8044682944065,44.8024574301333,44.8044682944065,0.00201086427323105,0,-0.00201086427323105,0.00201086427323105,BoundaryMix,0.621221784068881,0.621199719964824,0.621199719964824,0.621221784068881,0,5.19007407340233e-07
137,0.322157327299717,0.392099975767267,4,0.18250251905148,0.499781508212278,92.0354752210015,92.0289571016429,91.8641476964237,0.00651811935864544,0.171327524577805,0.16480940521916,0.16480940521916,S14,0.732851455802548,0.729983447022288,0.729983447022288,0.745612648084018,0,1.00553686120207e-06
138,0.335598655816124,0.176943090720384,4,0.30151808363191,0.357692042497588,-4.47711596511028,-4.54467806225204,-4.47711596511028,0.0675620971417663,0,-0.0675620971417663,0.0675620971417663,BoundaryMix,0.5036936444777,0.502965829550773,0.502965829550773,0.5036936444777,0,1.09615597808304e-05
139,0.161620590127851,0.536961812983328,4,0.0708838875601234,0.529879062298511,24.1966846333316,24.1966846333316,20.6716552679132,0,3.52502936541844,3.52502936541844,3.52502936541844,S14,0,-1.75305115275139e-17,0,0.0727942683288442,0,8.43708552530362e-05
140,0.30252551153428,0.343740845689804,4,0.185603052912492,0.474500605275138,94.3070852860894,94.3031720270373,91.1718677986258,0.00391325905201256,3.13521748746352,3.13130422841151,3.13130422841151,S14,0.783527792021718,0.781515484917316,0.781515484917316,0.847931895671829,0,4.79619108634308e-05
141,0.290575950997163,0.465505281720286,4,0.145198832877637,0.523372125557795,76.1323005246187,76.0966197941367,74.5028896692367,0.0356807304819853,1.62941085538205,1.59373012490006,1.59373012490006,S14,0.372562934517251,0.359335812136231,0.359335812136231,0.452708948197999,0,6.97465241493803e-05
142,0.322088233225192,0.424115666158441,4,0.173044503591408,0.512684022657023,86.4533312286028,86.1833541084832,86.4533312286028,0.269977120119634,0,-0.269977120119634,0.269977120119634,BoundaryMix,0.567433975618124,0.560322971112796,0.560322971112796,0.567433975618124,0,5.25306557510997e-05
143,0.45386492907874,0.296502723851231,4,0.321303082606487,0.472279910628893,46.1665163706204,46.1039944467301,46.1665163706204,0.0625219238903583,0,-0.0625219238903583,0.0625219238903583,BoundaryMix,0.614551244686426,0.613871652293519,0.613871652293519,0.614551244686426,0,2.84284702053853e-05
144,0.149923201506781,0.533351508417165,4,0.0658976167049768,0.527468957868328,18.9341857994099,18.9341857994099,17.3275709449456,0,1.60661485446425,1.60661485446425,1.60661485446425,S14,0,-4.26927022925522e-17,0,0.032431380323683,0,0.000118222288278679
145,0.321457946307326,0.111414377957372,4,0.34808123143152,0.271443970289603,-129.825969742173,-129.825969742173,-129.825969742173,0,0,0,0,Tie,0.00954605552627412,0.0101622440171387,0.00954605552627412,0.00954605552627412,0,8.59572816039675e-06
146,0.450381239851168,0.23832274967305,4,0.363275824052781,0.432518037251899,24.9719276991141,24.8489179227043,24.9719276991141,0.12300977640983,0,-0.12300977640983,0.12300977640983,BoundaryMix,0.408691128486866,0.407496558700166,0.407496558700166,0.408691128486866,0,2.51222148176497e-05
147,0.185723550962387,0.326134996104916,4,0.113554658479872,0.448660564562374,61.5397538774678,61.1867316998159,53.1486911903758,0.353022177651923,8.391062687092,8.03804050944008,8.03804050944008,S14,0,0.0150882812597535,0.0150882812597534,0.228960812229715,0,6.27598926423224e-05
148,0.279752530002683,0.576720053545661,4,0.11953786056657,0.55447124295375,43.8810401562619,43.6323097387479,43.8810401562619,0.248730417513983,0,-0.248730417513983,0.248730417513983,BoundaryMix,0.0755795074608717,0.0487844625079053,0.0487844625079052,0.0755795074608717,0,0.000142404947775039
149,0.43352060720743,0.453806240442834,4,0.228812013369685,0.5389172166572,22.1588990626155,22.1588990626155,22.1588990626155,0,0,0,0,Tie,0.136035936486257,0.136703828250381,0.136035936486257,0.136035936486257,0,2.35594988553369e-05
150,0.445503905181378,0.444851145802502,4,0.239286470020842,0.537605693312738,18.6052364067882,18.6052364067882,18.6052364067882,0,0,0,0,Tie,0.139685774017824,0.140087971252369,0.139685774017824,0.139685774017824,0,1.08397163318118e-05
151,0.322110323394509,0.147468208098928,4,0.312319281752109,0.321717788446094,-67.7001752060842,-67.8556589782214,-67.7001752060842,0.155483772137188,0,-0.155483772137188,0.155483772137188,BoundaryMix,0.371093220013774,0.36977001107758,0.36977001107758,0.371093220013774,0,1.29805593162854e-05
152,0.322925824817426,0.190192652943202,4,0.278596870789103,0.369189814629337,-14.5458277571439,-14.5608467396781,-14.5458277571439,0.0150189825342526,0,-0.0150189825342526,0.0150189825342526,BoundaryMix,0.62190925565234,0.621743894214895,0.621743894214895,0.62190925565234,0,2.88442773091873e-06
153,0.183247792908594,0.372073318303783,4,0.103261692730187,0.471749591798032,54.3239386981207,54.2121186357553,45.976376577659,0.111820062365382,8.3475621204617,8.23574205809632,8.23574205809632,S14,0,0.00362078345944486,0.00362078345944483,0.193653928424925,0,6.87411340333179e-05
154,0.181830504304628,0.344145660415529,4,0.107495222306124,0.45776990186792,56.80386097264,56.6253889987382,48.7335671514059,0.178471973901843,8.07029382123418,7.89182184733234,7.89182184733234,S14,0,0.00644013384825345,0.00644013384825343,0.198288067534726,0,6.66942158994954e-05
155,0.145684694838955,0.378581091586804,4,0.0803599869368688,0.469858801009989,27.8329147271025,27.8329147271025,27.4372733738811,0,0.395641353221421,0.395641353221421,0.395641353221421,S14,0,-1.48911355394335e-16,0,0.00753291322158367,0,5.25648980022836e-05
156,0.172877256272361,0.203777106119076,4,0.135601417749432,0.359636926530989,59.7176131869201,59.5389833718559,47.9773351188559,0.178629815064255,11.7402780680642,11.5616482529999,11.5616482529999,S14,0,0.00384551024959234,0.00384551024959237,0.22420783984471,0,1.85876844041372e-05
157,0.337245474282274,0.388255476610276,4,0.19313729774598,0.500288049620648,90.3424417858646,90.3424417858646,90.3424417858646,0,0,0,0,Tie,0.723357304405096,0.724703774460153,0.723357304405096,0.723357304405096,0,1.65862940135014e-05
158,0.204105410056973,0.115810750262785,4,0.205052847354985,0.261783747919338,45.0843749194433,45.0036978027383,44.4871751789099,0.0806771167049689,0.597199740533384,0.516522623828415,0.516522623828415,S14,0.706746445558076,0.673086558486499,0.673086558486499,0.806786211197888,0,1.65222352868819e-05
159,0.383560419691577,0.412263136317924,4,0.213681589978583,0.516761728673195,57.3448777030176,57.3448777030176,57.3448777030176,0,0,0,0,Tie,0.45507746605855,0.456662274071426,0.45507746605855,0.45507746605855,0,4.47884485187535e-05
160,0.461028169085636,0.255950219082073,4,0.358125589578705,0.44734842864388,31.4558884057249,31.3762204841733,31.4558884057249,0.0796679215516356,0,-0.0796679215516356,0.0796679215516356,BoundaryMix,0.453556621766859,0.452759663222173,0.452759663222173,0.453556621766859,0,1.52945266597528e-05
161,0.342072285067885,0.376106151573397,4,0.200360703456154,0.495664270050627,91.3854698224554,90.5937625692964,91.3854698224554,0.791707253159061,0,-0.791707253159061,0.791707253159061,BoundaryMix,0.783890216800153,0.773160544836934,0.773160544836934,0.783890216800153,0,4.79261687746388e-05
162,0.413102022723344,0.300083867256742,4,0.286141063782788,0.467679175178974,54.3846534902411,54.3337397246072,54.3846534902411,0.0509137656339078,0,-0.0509137656339078,0.0509137656339078,BoundaryMix,0.724417063312206,0.723865340427026,0.723865340427026,0.724417063312206,0,1.97501048695556e-05
163,0.376743801495098,0.46436341389605,4,0.192735594486626,0.534510604102354,50.2657646380182,50.2657646380182,50.2657646380182,0,0,0,0,Tie,0.239809928136306,0.241547223277946,0.239809928136306,0.239809928136306,0,6.19467683716955e-05
164,0.473307265939129,0.250473491682931,4,0.374224916555395,0.445588338922702,30.2294767689593,30.1333321100446,30.2294767689593,0.0961446589147066,0,-0.0961446589147066,0.0961446589147066,BoundaryMix,0.394811250722948,0.393890031943054,0.393890031943054,0.394811250722948,0,1.79935939325958e-05
165,0.516398399579796,0.292782188401921,4,0.376892597551402,0.480794942596833,42.9330797533715,42.9224241723411,42.9330797533715,0.0106555810304627,0,-0.0106555810304627,0.0106555810304627,BoundaryMix,0.447177482638798,0.447071861723431,0.447071861723431,0.447177482638798,0,2.43997615954467e-06
166,0.486977177521699,0.310688610343337,4,0.338513055269496,0.485931066287308,47.3995978954761,47.2109030842834,47.3995978954761,0.18869481119264,0,-0.18869481119264,0.18869481119264,BoundaryMix,0.577158601213165,0.5751536024807,0.5751536024807,0.577158601213165,0,2.15500587379568e-05
167,0.408549172219586,0.215571549663855,4,0.342616107037065,0.406759217374403,14.8016932747661,14.7451042239778,14.8016932747661,0.0565890507882365,0,-0.0565890507882365,0.0565890507882365,BoundaryMix,0.435175532399471,0.434607734834032,0.434607734834032,0.435175532399471,0,1.10839229882146e-05
168,0.311935317868698,0.546219491962713,4,0.139712724887852,0.550454119121117,53.4029851396263,53.4029851396263,53.4029851396263,0,0,0,0,Tie,0.10089196109165,0.101487866027071,0.10089196109165,0.10089196109165,0,0.000100209383034428
169,0.378546583737319,0.312738517062526,4,0.252542472122523,0.469438805274867,67.8292032494183,67.787623907968,67.8292032494183,0.0415793414503014,0,-0.0415793414503014,0.0415793414503014,BoundaryMix,0.836620223594607,0.836168527231659,0.836168527231659,0.836620223594607,0,3.12552015380406e-05
170,0.183573766382376,0.341138186614452,4,0.109164334609335,0.456439276386435,58.2744574137984,58.0546718726492,49.9895517530223,0.219785541149243,8.2849056607761,8.06512011962685,8.06512011962685,S14,0,0.00824327794658544,0.00824327794658528,0.209111975581072,0,5.23016919411882e-05
171,0.212039651363955,0.203868818332164,4,0.168876958716674,0.365331097463023,87.7676583284032,87.7638417724783,81.7288163911495,0.00381655592492791,6.03884193725371,6.03502538132878,6.03502538132878,S14,0.429236321141622,0.43113358997607,0.43113358997607,0.579440788778667,0,2.37067897480236e-05
172,0.258827204263438,0.614111595800339,4,0.105089519636877,0.561021237226347,25.3482306671854,25.3482306280967,25.3412156396364,3.90886967238657e-08,0.00701502754902705,0.00701498846033033,0.00701498846033033,S14,0.00177610357379987,0.00179827789478627,0.00179827789478623,0.0125350017223145,0,1.7798182323363e-05
173,0.216460621123293,0.49142008527576,4,0.102295632255866,0.522532866013698,55.3368839577564,54.9740019110222,43.6175740102452,0.362882046734278,11.7193099475112,11.356427900777,11.356427900777,S14,0,0.0140513434121574,0.0140513434121573,0.281999159971394,0,9.81064563340194e-05
174,0.432022990632336,0.215382664907133,4,0.366078831431846,0.410639783012631,14.6175367748229,14.4703041732103,14.6175367748229,0.147232601612647,0,-0.147232601612647,0.147232601612647,BoundaryMix,0.354585310348115,0.353201507779134,0.353201507779134,0.354585310348115,0,2.16785603910496e-05
175,0.254839822083367,0.618015479298849,4,0.102897961933322,0.561463270034618,23.4628103026907,23.4623266091523,23.4363519233243,0.00048369353837785,0.0264583793664208,0.025974685828043,0.025974685828043,S14,0,0.000228305796011706,0.000228305796011615,0.00981921930931187,0,4.39210975672257e-05
176,0.220661518173776,0.565324537343856,4,0.094475710571749,0.54459533803296,41.9896688881677,41.8744497389705,33.240195715665,0.115219149197223,8.74947317250268,8.63425402330545,8.63425402330545,S14,0,0.00445967109929687,0.00445967109929695,0.232495513391875,0,0.000109391478404567
177,0.266801683571764,0.197920510891153,4,0.220431550347289,0.367924332686757,63.9375647324222,63.8978361263637,63.9375647324222,0.0397286060584818,0,-0.0397286060584818,0.0397286060584818,BoundaryMix,0.863508349080414,0.862923027143892,0.862923027143892,0.863508349080414,0,1.98820185353691e-05
178,0.408614505112751,0.217897841747284,4,0.340686328014948,0.408767513099557,16.1158676986233,16.0511284999886,16.1158676986233,0.0647391986347046,0,-0.0647391986347046,0.0647391986347046,BoundaryMix,0.446341393022457,0.445686696369829,0.445686696369829,0.446341393022457,0,1.44832455955516e-05
179,0.430325605430434,0.426370747553861,4,0.23723131193952,0.528864896049447,29.6690459177745,29.6690459177745,29.6690459177745,0,0,0,0,Tie,0.257658594652314,0.259049765329392,0.257658594652314,0.257658594652314,0,3.83386791015669e-05
180,0.248334219082919,0.605139921810915,4,0.101724095817626,0.557732040060991,31.412777950907,31.3764194098977,30.8712802698658,0.0363585410093066,0.541497681041154,0.505139140031847,0.505139140031847,S14,0,0.00617381951639173,0.00617381951639179,0.0570682275694242,0,0.000167766796025065
181,0.174286723327719,0.104946811657106,4,0.178262498769811,0.241516859030458,48.7537286138604,47.91214593132,34.626552989745,0.841582682540384,14.1271756241153,13.285592941575,13.285592941575,S14,0,0.063848999053711,0.0638489990537109,0.419997137272356,0,1.84350383834604e-05
182,0.272259914397708,0.388501352908511,4,0.153008810324997,0.491255910319342,83.384899982518,83.3849001186096,77.1587922875543,-1.36091543367911e-07,6.22610769496373,6.22610783105527,6.22610783105527,S14,0.456226043119596,0.456164844081534,0.456164844081534,0.611060439495285,0,1.98570472245387e-05
183,0.229975707658864,0.539851356720769,4,0.102004414859425,0.538757985381961,50.5340177963863,50.4168500314971,39.5307643106473,0.117167764889146,11.0032534857389,10.8860857208498,10.8860857208498,S14,0,0.00787748735916133,0.0078774873591614,0.299509675476414,0,4.26910649511531e-05
184,0.385958363327516,0.513280144373116,4,0.184064807845342,0.550766210228655,29.6586804362589,29.6586804362589,29.6586804362589,0,0,0,0,Tie,0.0417358992541767,0.043362443458004,0.0417358992541767,0.0417358992541767,0,7.63941502756615e-05
185,0.232802848205009,0.0717611209193277,4,0.27424643829004,0.19020609900621,-178.561212050684,-178.834540825277,-178.561212050684,0.273328774592585,0,-0.273328774592585,0.273328774592585,BoundaryMix,0.088019889475605,0.0840659448813623,0.0840659448813622,0.088019889475605,0,1.18336032510168e-05
186,0.21865857302207,0.220121932990308,4,0.168064901275252,0.380676748488611,90.8455650017912,90.8435728668921,85.1528653671851,0.00199213489906924,5.69269963460609,5.69070749970702,5.69070749970702,S14,0.475371408829771,0.476170800354675,0.476170800354675,0.595426488283836,0,2.47035321416009e-05
187,0.5460609470518,0.400268227805296,4,0.325467481758231,0.536784692036105,0.561114808554613,0.561114808554613,0.561114808554613,0,0,0,0,Tie,0.0402538662414518,0.0417860218908785,0.0402538662414518,0.0402538662414518,0,4.37509718029858e-05
188,0.416748974984733,0.162536481197843,4,0.404911407754179,0.355319337462536,-40.6196156820309,-40.6534066657631,-40.6196156820309,0.0337909837321178,0,-0.0337909837321178,0.0337909837321178,BoundaryMix,0.050340144748141,0.0498137728352135,0.0498137728352138,0.050340144748141,0,9.76376717101332e-06
189,0.320239362312755,0.125667160755493,4,0.331208387566174,0.292436067547476,-74.2102212994171,-74.3841276015314,-74.2102212994171,0.173906302114347,0,-0.173906302114347,0.173906302114347,BoundaryMix,0.185855068565102,0.18378524291143,0.18378524291143,0.185855068565102,0,1.31382368915021e-05
190,0.208864925710025,0.593921705423217,4,0.0860470959413846,0.550531809194908,31.0345196656317,31.0215627917024,24.8050221430739,0.012956873929248,6.22949752255776,6.21654064862852,6.21654064862852,S14,0,0.00041979326296859,0.000419793262968685,0.166762716546061,0,8.23674691348811e-05
191,0.22556469840621,0.122310849556846,4,0.224632429018927,0.274061999538376,29.5077006355968,29.3860677121386,29.5077006355968,0.121632923458268,0,-0.121632923458268,0.121632923458268,BoundaryMix,0.715480121948706,0.712590006668376,0.712590006668376,0.715480121948706,0,1.72458017363272e-05
192,0.254532605147928,0.543318651554916,4,0.112990533299467,0.542669943400306,53.9439199290541,53.9367460499217,50.3784288401852,0.0071738791323952,3.56549108886885,3.55831720973646,3.55831720973646,S14,0.0567838178349346,0.064843950171382,0.064843950171382,0.234180762816967,0,8.87378767539699e-05
193,0.142134163137866,0.660756658307254,4,0.0534097432002983,0.558658073349017,-4.99298641607007,-4.99298606190753,-5.51528221612426,-3.54162537519187e-07,0.522295800054192,0.522296154216729,0.522296154216729,S14,0,4.14397495614858e-17,1.1725143710357e-16,0.0126035264848738,0,9.33854185043723e-05
194,0.390018289884121,0.373725196847316,4,0.23268470199243,0.501669565760527,63.311816016643,63.311816016643,63.311816016643,0,0,0,0,Tie,0.648475830027664,0.651004885747707,0.648475830027664,0.648475830027664,0,5.84537139385724e-05
195,0.235766550687177,0.3444149999036,4,0.14157077542824,0.465324582908588,79.0558178899923,79.0557989217003,72.876682187195,1.8968292010868e-05,6.1791357027973,6.17911673450529,6.17911673450529,S14,0.313724276567648,0.313788673148712,0.313788673148712,0.487828481592177,0,5.98746383778114e-05
196,0.249856148343452,0.504574017747129,4,0.116821045312712,0.530809208853708,61.4765067620205,61.4741764314875,51.3557686919965,0.00233033053302734,10.120738070024,10.118407739491,10.118407739491,S14,0.0935963598849168,0.0972087320751234,0.0972087320751234,0.387236080847327,0,6.7353388653353e-05
197,0.156130574515791,0.46720773614713,4,0.0752959793988676,0.506963126321089,28.2556977258949,28.2556977258949,25.4257522624238,0,2.82994546347111,2.82994546347111,2.82994546347111,S14,0,-6.8562540346762e-17,0,0.0555553411567103,0,7.71177258569856e-05
198,0.508117736299526,0.385864044861408,4,0.3072921159882,0.525053906420806,15.1486931195398,15.1486931195398,15.1486931195398,0,0,0,0,Tie,0.217646330471088,0.219564428355497,0.217646330471088,0.217646330471088,0,5.58537968021698e-05
199,0.143837565045275,0.634095080229992,4,0.0557430765657346,0.552911361098214,2.00465324377182,2.00465324377182,1.28683352714104,0,0.717819716630788,0.717819716630788,0.717819716630788,S14,0,-7.60146338998197e-17,0,0.0163077619514435,0,0.000175548058153613
200,0.174158798320073,0.544337512724211,4,0.0758553441129269,0.533447330333061,28.9577738405748,28.9577738405748,23.5565695402075,0,5.40120430036729,5.40120430036729,5.40120430036729,S14,0,-8.33540759470262e-18,0,0.114991353941044,0,8.81880872091801e-05
201,0.582049176409532,0.339405749576938,4,0.394023875126929,0.516969083962386,29.8889311468685,29.8889311468685,29.8889311468685,0,0,0,0,Tie,0.212920493268981,0.2151023697765,0.212920493268981,0.212920493268981,0,3.4933945392672e-05
202,0.524046188650412,0.400716064574068,4,0.31006355022914,0.533458230762521,5.34007265979526,5.34007265979526,5.34007265979526,0,0,0,0,Tie,0.10294079101938,0.10442338087499,0.10294079101938,0.10294079101938,0,4.23200313719699e-05
203,0.337906277780533,0.348790490357144,4,0.207633323957737,0.482223032508037,96.3543536472926,95.2077870128978,94.2008197238198,1.14656663439486,2.15353392347279,1.00696728907793,1.00696728907793,S14,0.945808640361641,0.911760167479309,0.911760167479309,0.985969990903804,0,5.64342268767779e-05
204,0.669536248925089,0.286505126444473,4,0.525230586978522,0.505697527126946,36.8866471206735,36.5494196592466,35.9821593736777,0.337227461426863,0.904487746995727,0.567260285568864,0.567260285568864,S14,0,0.0132650770569973,0.0132650770569973,0.0334243139710439,0,1.84496179606131e-05
205,0.256827409673459,0.343846666747404,4,0.155358613789677,0.46799509652219,85.2483588586835,85.2481369286508,80.6629380757808,0.000221930032694218,4.58542078290267,4.58519885286998,4.58519885286998,S14,0.473435610883944,0.473032900710273,0.473032900710273,0.601857986186309,0,2.91807758737989e-05
206,0.468046900423674,0.307222594857983,4,0.325565154911105,0.48082187082605,48.0279243516856,47.9312532984637,48.0279243516856,0.0966710532218329,0,-0.0966710532218329,0.0966710532218329,BoundaryMix,0.611763851262661,0.610723996939909,0.610723996939909,0.611763851262661,0,3.51138882982652e-05
207,0.300344996051691,0.298826617920053,4,0.20072413257923,0.44934611043876,94.3096992044183,93.2537657335287,94.3096992044183,1.05593347088964,0,-1.05593347088964,1.05593347088964,BoundaryMix,0.955465863763649,0.921075214736424,0.921075214736424,0.955465863763649,0,4.7281793904462e-05
208,0.569998330392324,0.387036083659236,4,0.350528962279533,0.535530608522945,2.07559170639874,2.07559170639874,2.07559170639874,0,0,0,0,Tie,0.0242659732300197,0.0255370283091914,0.0242659732300197,0.0242659732300197,0,1.71665260526084e-05
209,0.188190433068895,0.267636886444998,4,0.129002221629638,0.412789018290902,69.403566847033,69.0341339873318,58.8627444878634,0.369432859701249,10.5408223591697,10.1713894994684,10.1713894994684,S14,0.0181228134630568,0.0491349288718681,0.049134928871868,0.286725549177272,0,3.85092105808167e-05
210,0.232150942981804,0.221405642851862,4,0.178833317215472,0.38375070274939,95.4123995586842,95.3959924111539,93.1108372387415,0.0164071475303018,2.30156231994266,2.28515517241236,2.28515517241236,S14,0.650724806497342,0.647474438304353,0.647474438304353,0.704939902403377,0,3.06319421618474e-05
211,0.237211198550301,0.556844103322912,4,0.103048979556273,0.54428285082067,47.939486492155,47.7604329417838,41.4418787265018,0.179053550371265,6.4976077656532,6.31855421528194,6.31855421528194,S14,0,0.0168340874923432,0.0168340874923431,0.225752228656321,0,0.0001090452594191
212,0.28669543690496,0.177263818459809,4,0.2518310107084,0.350341065260885,17.4624412301082,17.4537666586931,17.4624412301082,0.00867457141503891,0,-0.00867457141503891,0.00867457141503891,BoundaryMix,0.707130222363154,0.707025265978891,0.707025265978891,0.707130222363154,0,1.8512718808721e-06
213,0.285198495553016,0.58779806507148,4,0.120296567976587,0.55784902352693,37.1687928890805,37.0141574965558,37.1687928890805,0.154635392524668,0,-0.154635392524668,0.154635392524668,BoundaryMix,0.0327907317218566,0.0220479370237215,0.0220479370237216,0.0327907317218566,0,8.52976018104666e-05
214,0.248719213840199,0.210112176265095,4,0.198028490419123,0.376402136347091,88.5162356420151,88.3846801498754,88.5162356420151,0.131555492139711,0,-0.131555492139711,0.131555492139711,BoundaryMix,0.886390908005225,0.878394741482313,0.878394741482313,0.886390908005225,0,9.18652294117754e-06
215,0.170538836967656,0.274824931182099,4,0.114516667629206,0.415225532699802,54.1928624620827,54.0638079297228,45.7509002382951,0.129054532359902,8.44196222378762,8.31290769142772,8.31290769142772,S14,0,0.00297356728678619,0.00297356728678617,0.161540896893523,0,4.84093831485136e-05
216,0.410674027103365,0.269855195457753,4,0.303253110549656,0.448354289641725,42.3590421011281,42.2743139690929,42.3590421011281,0.0847281320352522,0,-0.0847281320352522,0.0847281320352522,BoundaryMix,0.643936734462785,0.642987813622732,0.642987813622732,0.643936734462785,0,3.31019655167544e-05
217,0.373064819999467,0.293897359639559,4,0.258147821325888,0.457575085584607,61.384064355477,61.3213168905125,61.384064355477,0.0627474649645379,0,-0.0627474649645379,0.0627474649645379,BoundaryMix,0.807623218703103,0.806946490910438,0.806946490910438,0.807623218703103,0,2.58160388775776e-05
218,0.302443383401711,0.564105589328334,4,0.132008220231626,0.553987300277074,46.9447933527602,46.8240378459359,46.9447933527602,0.120755506824338,0,-0.120755506824338,0.120755506824338,BoundaryMix,0.0661810315311879,0.0616618954401686,0.0616618954401686,0.0661810315311879,0,0.000134998695382325
219,0.223858512064049,0.571227257589462,4,0.0951879547150257,0.546512152290543,41.214812623193,41.1041338845127,33.988781427691,0.110678738680342,7.226031195502,7.11535245682165,7.11535245682165,S14,0,0.00474093895580033,0.00474093895580029,0.206806307504378,0,0.000143296160774452
220,0.198080290162764,0.623796399552927,4,0.078530086818012,0.556442375413296,18.9471729606402,18.9471729606402,15.3624402386696,5.6843418860808e-14,3.58473272197064,3.58473272197058,3.58473272197058,S14,0,3.19284895318013e-16,3.7259593587493e-16,0.101631975269135,0,0.000103064478368647
221,0.509521680277602,0.430928480768171,4,0.284963461722201,0.542268311383405,-1.45206846182639,-1.45206846182639,-1.45206846182639,0,0,0,0,Tie,0.0219315707116194,0.0230308453270081,0.0219315707116194,0.0219315707116194,0,3.31251721439582e-05
222,0.153674555266383,0.455288620127039,4,0.0753665527627287,0.502395799624001,27.7789900716668,27.7789900716668,25.4176233207622,0,2.36136675090456,2.36136675090456,2.36136675090456,S14,0,-1.51547006203542e-16,0,0.045914487398468,0,9.53991326289862e-05
223,0.658127324571972,0.293120701096129,4,0.506135594582903,0.507207850651474,61.0972758608774,60.5636356100401,61.0972758608774,0.533640250837273,0,-0.533640250837273,0.533640250837273,BoundaryMix,0.0950068962847568,0.0827038191650868,0.0827038191650867,0.0950068962847568,0,2.00401356024713e-05
224,0.149025814124517,0.514909524867271,4,0.0671222243421366,0.521817068445095,20.2200901495117,20.2200901495117,18.7701149293134,0,1.44997522019836,1.44997522019836,1.44997522019836,S14,0,-5.63996463073134e-18,0,0.0288406834625437,0,8.44018497225412e-05
225,0.241393471740459,0.074239925643376,4,0.283318009146995,0.196050839763444,-196.029792057887,-196.169807488292,-196.029792057887,0.140015430405612,0,-0.140015430405612,0.140015430405612,BoundaryMix,0.050645242392324,0.0488206307757708,0.0488206307757708,0.050645242392324,0,1.07508605822766e-05
226,0.356095323404956,0.217069648524435,4,0.291127039500509,0.399298698888149,24.2473219071982,24.1954714539523,24.2473219071982,0.0518504532458977,0,-0.0518504532458977,0.0518504532458977,BoundaryMix,0.619146540982475,0.618562578555527,0.618562578555527,0.619146540982475,0,1.3057329623537e-05
227,0.41319980934556,0.352191946224127,4,0.258253765300487,0.495277373968603,60.2686293323985,60.2486191394091,60.2686293323985,0.0200101929894174,0,-0.0200101929894174,0.0200101929894174,BoundaryMix,0.709682220702043,0.709465972134692,0.709465972134692,0.709682220702043,0,3.95064272101786e-05
228,0.381918908258886,0.243131998342463,4,0.296420425947185,0.424582025506114,34.7964121254825,34.7645794784308,34.7964121254825,0.0318326470516794,0,-0.0318326470516794,0.0318326470516794,BoundaryMix,0.636110945976622,0.635750477156907,0.635750477156907,0.636110945976622,0,9.18657663274035e-06
229,0.190136007063538,0.596094433900932,4,0.0778220434383628,0.548953863084076,25.2557124970721,25.2557124970721,18.6128121543786,0,6.64290034269342,6.64290034269342,6.64290034269342,S14,0,0,0,0.158289856407325,0,0.000160077176862903
230,0.247374088971049,0.213921745625489,4,0.195077945867541,0.379569596374669,90.2688623803052,90.2213766299034,90.2688623803052,0.0474857504017763,0,-0.0474857504017763,0.0474857504017763,BoundaryMix,0.859735305576203,0.85592265451428,0.85592265451428,0.859735305576203,0,1.1903378988137e-05
231,0.290644636256803,0.545564901816504,4,0.129672622854153,0.547664919953024,56.4245701477389,56.1955340490639,56.4245701477389,0.229036098674982,0,-0.229036098674982,0.229036098674982,BoundaryMix,0.148798349294805,0.131908144828583,0.131908144828583,0.148798349294805,0,5.07583956739022e-05
232,0.277028642172186,0.429377685229667,4,0.145833812399253,0.50857562845036,79.0322951814481,79.0320003423882,71.2380324917044,0.000294839059904461,7.79426268974363,7.79396785068373,7.79396785068373,S14,0.384136355203908,0.382971963606276,0.382971963606276,0.577493926884614,0,8.17452394993882e-05
233,0.549796057424057,0.376076490258634,4,0.342908548413631,0.527758690986999,10.7793441828243,10.7793441828243,10.7793441828243,0,0,0,0,Tie,0.135209824450144,0.135449309600529,0.135209824450144,0.135209824450144,0,5.36328287514775e-06
234,0.263238869475559,0.602191850664262,4,0.10855407551603,0.558744817835442,31.9669676760481,31.9405024598296,31.9628271705485,0.0264652162185151,0.00414050549958489,-0.0223247107189302,0.0223247107189302,BoundaryMix,0.0282368268219154,0.00820186638063045,0.00820186638063044,0.0361891114284615,0,0.000126885023621853
235,0.507958506751604,0.229157333424776,4,0.42920288956799,0.435662999673588,28.2458244560121,28.1024322813456,28.2458244560121,0.143392174666559,0,-0.143392174666559,0.143392174666559,BoundaryMix,0.181343955697817,0.180095909721994,0.180095909721994,0.181343955697817,0,1.93280949741077e-05
236,0.519097087536105,0.22570291454235,4,0.444599848126712,0.434951069573643,28.2819114499811,28.1495016955962,28.2819114499811,0.132409754384899,0,-0.132409754384899,0.132409754384899,BoundaryMix,0.12506865003282,0.123624693516388,0.123624693516387,0.12506865003282,0,2.07776967703495e-05
237,0.163472748933444,0.0539719167556313,4,0.196912563355214,0.14627780000331,-4.0383964949991,-4.15285299335879,-17.5779402076367,0.114456498359688,13.5395437126376,13.4250872142779,13.4250872142779,S14,0,0.00534065349629884,0.00534065349629918,0.405756032455749,0,1.40129257980994e-05
238,0.269945987889696,0.479711881071964,4,0.131414125354432,0.525446090062511,69.8246412279943,69.8246405889283,63.1471399906639,6.39065930840843e-07,6.67750123733041,6.67750059826448,6.67750059826448,S14,0.237940354708262,0.237921886501317,0.237921886501317,0.441926867102767,0,4.67900802613613e-05
239,0.19975180961122,0.188774215013436,4,0.164209252246161,0.349166116141084,81.5087344765113,81.508151898256,72.735212396547,0.000582578255304611,8.77352207996425,8.77293950170895,8.77293950170895,S14,0.283531020048759,0.284454179218308,0.284454179218308,0.501960468917675,0,9.01398363958677e-06
240,0.417796207415412,0.170274059409389,4,0.397173348852076,0.364205595204936,-23.2680303575137,-23.377321384394,-23.2680303575137,0.109291026880257,0,-0.109291026880257,0.109291026880257,BoundaryMix,0.11179217222919,0.110133797074385,0.110133797074385,0.11179217222919,0,1.76006476120775e-05
241,0.569519981134314,0.288897626469887,4,0.427589096947104,0.488027336063558,49.032918234676,48.9407989246437,49.032918234676,0.092119310032281,0,-0.092119310032281,0.092119310032281,BoundaryMix,0.298609771820097,0.297718612415604,0.297718612415604,0.298609771820097,0,1.36510931181706e-05
242,0.433944345190212,0.272424053969744,4,0.321368842941805,0.453939218160899,39.6487601730121,39.6250608092023,39.6487601730121,0.0236993638097758,0,-0.0236993638097758,0.0236993638097758,BoundaryMix,0.589593462243365,0.589334433401516,0.589334433401516,0.589593462243365,0,6.79344034027851e-06
243,0.39690327978873,0.148641959972346,4,0.397908300649156,0.33529127522148,-67.0537677624146,-67.0537677624146,-67.0537677624146,0,0,0,0,Tie,0.0122644150833685,0.0123084903032893,0.0122644150833685,0.0122644150833685,0,7.46374762866387e-06
244,0.400378492193101,0.409146576717963,4,0.225279720435954,0.5179797703663,48.5288012531119,48.5288012531119,48.5288012531119,0,0,0,0,Tie,0.422574420947046,0.423661459355683,0.422574420947046,0.422574420947046,0,3.45825390934132e-05
245,0.229031017673913,0.18592228149284,4,0.191938622512224,0.350575876903564,85.2377149858716,85.2329775907247,84.6745847753062,0.00473739514694671,0.563130210565475,0.558392815418529,0.558392815418529,S14,0.754347194686334,0.750631213779518,0.750631213779518,0.800293489051161,0,2.37078257991601e-05
246,0.185496922854096,0.623938366676747,4,0.0733460004662221,0.55509068191182,16.2681412975358,16.2681412975358,11.3504369011497,3.90798504668055e-14,4.91770439638617,4.91770439638613,4.91770439638613,S14,0,1.07771702340076e-16,1.24170385890722e-16,0.12493291907381,0,4.69873704296967e-05
247,0.410706332652689,0.435155077730013,4,0.221989975639107,0.529210604281013,37.5799439279278,37.5799439279278,37.5799439279278,0,0,0,0,Tie,0.272774584525414,0.273815541399241,0.272774584525414,0.272774584525414,0,3.749350300849e-05
248,0.507586619734656,0.376456409322528,4,0.312250331764174,0.521062665572441,19.3444909301651,19.3444909301651,19.3444909301651,0,0,0,0,Tie,0.265158390814431,0.266270390916239,0.265158390814431,0.265158390814431,0,1.775968486591e-05
249,0.384826627240781,0.510454833130636,4,0.184220019051643,0.549808622799266,31.6626645660233,31.6626645660233,31.6626645660233,0,0,0,0,Tie,0.0535229173859903,0.0553446011393911,0.0535229173859903,0.0535229173859903,0,9.18271579082314e-05
250,0.265531756157512,0.556853548004332,4,0.11606450023898,0.54765423090655,51.2752223146957,51.2741056380914,50.6457293374174,0.00111667660434733,0.629492977278304,0.628376300673956,0.628376300673956,S14,0.0877598786148493,0.0843203149343502,0.0843203149343501,0.165975037895525,0,0.00010161737410466
251,0.58577858393085,0.364632523886895,4,0.377675987678121,0.528961185756345,12.3910729319395,12.3910729319395,12.3910729319395,0,0,0,0,Tie,0.0742847117653862,0.0761777981219114,0.0742847117653862,0.0742847117653862,0,4.4835783152416e-05
252,0.386289346094055,0.226155415873942,4,0.312703472556947,0.411916780366697,23.9338618222003,23.8847562370851,23.9338618222003,0.0491055851152318,0,-0.0491055851152318,0.0491055851152318,BoundaryMix,0.557019681770092,0.556481639990925,0.556481639990925,0.557019681770092,0,1.19866513752107e-05
253,0.567506606545525,0.364924257200316,4,0.363548705227431,0.525989326436824,14.1895156671127,14.1895156671127,14.1895156671127,0,0,0,0,Tie,0.131753139005038,0.132125020855184,0.131753139005038,0.131753139005038,0,4.09440504573061e-06
254,0.329274903410726,0.373980295614025,4,0.192862555439279,0.492856540796555,94.6861914722817,93.8273901776474,94.4440745838993,0.85880129463429,0.24211688838237,-0.61668440625192,0.61668440625192,BoundaryMix,0.825480429614325,0.78574616584003,0.78574616584003,0.837738858611542,0,6.03937887017427e-05
255,0.312656911865552,0.301361626682853,4,0.208750172478901,0.452719580513047,91.8447655263889,91.8038927066944,91.8447655263889,0.0408728196944992,0,-0.0408728196944992,0.0408728196944992,BoundaryMix,0.971314268368287,0.970541086338253,0.970541086338253,0.971314268368287,0,5.96535677336977e-06
256,0.518467773072936,0.226241664493756,4,0.443327674741701,0.435269445050152,28.7791985437364,28.6381778350328,28.7791985437364,0.141020708703596,0,-0.141020708703596,0.141020708703596,BoundaryMix,0.130379529151505,0.128946879210187,0.128946879210187,0.130379529151505,0,2.11075109799843e-05
257,0.343295413869578,0.458433451372881,4,0.175719780261057,0.527972701327347,70.0180937454469,70.0180937454469,70.0180937454469,0,0,0,0,Tie,0.34954479850946,0.351596882910293,0.34954479850946,0.34954479850946,0,8.06264820404469e-05
258,0.290297607608594,0.266087764714768,4,0.206895167576987,0.426691816476894,86.4139125570711,85.1384245194324,86.4139125570711,1.27548803763872,0,-1.27548803763872,1.27548803763872,BoundaryMix,0.962434667183746,0.940060739474005,0.940060739474005,0.962434667183746,0,3.87142453152707e-05
259,0.574019515894462,0.353200190664452,4,0.377001825177879,0.521939592478681,20.843013476782,20.843013476782,20.843013476782,0,0,0,0,Tie,0.168147983046848,0.169483821107649,0.168147983046848,0.168147983046848,0,1.52422164201271e-05
260,0.164852906094994,0.545659475776574,4,0.0715336030320335,0.532742951427546,24.6071052085312,24.6071052085312,20.6273493843424,0,3.97975582418877,3.97975582418877,3.97975582418877,S14,0,2.36605429848231e-18,0,0.0832711370079579,0,3.63572354145719e-06
261,0.202940360714793,0.452682702515079,4,0.101137542661604,0.507598567121874,55.0912768400825,55.0730087815854,44.3464502869859,0.0182680584970285,10.7448265530965,10.7265584945995,10.7265584945995,S14,0,0.000564697866934444,0.000564697866934347,0.247234282162414,0,1.85507405862344e-06
262,0.289406606536619,0.245833416455152,4,0.215525219488905,0.411920200319011,73.0194347534846,72.7690171076306,73.0194347534846,0.250417645854014,0,-0.250417645854014,0.250417645854014,BoundaryMix,0.920663216516884,0.916937828021028,0.916937828021028,0.920663216516884,0,3.01778799485334e-05
263,0.256943069929163,0.399025994333108,4,0.141285691693673,0.493679370937951,78.3104276808354,78.3104546581868,70.7116927214751,-2.69773513252858e-05,7.59873495936033,7.59876193671165,7.59876193671165,S14,0.333393321892635,0.333586920756507,0.333586920756507,0.525068226328508,0,1.73066613363742e-05
264,0.221219479242479,0.133050168307775,4,0.213009914134792,0.288253373092598,51.5724237602875,51.2297207328435,51.5724237602875,0.34270302744401,0,-0.34270302744401,0.34270302744401,BoundaryMix,0.802800271252501,0.787744888480855,0.787744888480855,0.802800271252501,0,6.65603771484448e-06
265,0.180598602045704,0.414173436292906,4,0.094940914488832,0.489895878454965,47.9157158648459,47.865826422508,40.1553278459571,0.0498894423378999,7.76038801888883,7.71049857655093,7.71049857655093,S14,0,0.0013344406022469,0.00133444060224685,0.166476577356782,0,7.28107330903026e-05
266,0.232551880787872,0.438834943771792,4,0.119243377980108,0.506288583910793,66.9439086851165,66.9330558524136,56.4252478340795,0.0108528327029518,10.518660851037,10.5078080183341,10.5078080183341,S14,0.10691776511097,0.112509464485997,0.112509464485997,0.378500493640685,0,5.38679945388883e-05
267,0.31148815457802,0.359461624544835,4,0.186225372033602,0.483539954898253,94.0082617739895,93.9955621171234,90.0408189002512,0.0126996568661184,3.96744287373836,3.95474321687225,3.95474321687225,S14,0.781233395767622,0.777704624523464,0.777704624523464,0.858833658599315,0,6.25944025078716e-05
268,0.30593983625114,0.462036063586828,4,0.154270552120731,0.524210115560482,79.1494374712212,79.1062934807815,79.1494374712212,0.0431439904397308,0,-0.0431439904397308,0.0431439904397308,BoundaryMix,0.429187887009405,0.425419776761083,0.425419776761083,0.429187887009405,0,2.38422093904955e-05
269,0.473199763668605,0.214626547487487,4,0.408889690952304,0.417280028801962,17.8791525288418,17.6959929843543,17.8791525288418,0.183159544487506,0,-0.183159544487506,0.183159544487506,BoundaryMix,0.210324825676506,0.208686248921175,0.208686248921176,0.210324825676506,0,1.8072081571711e-05
270,0.544715635213038,0.248526058117702,4,0.445312761685739,0.457140553360391,39.5123140300621,39.3482097273535,39.5123140300621,0.164104302708637,0,-0.164104302708637,0.164104302708637,BoundaryMix,0.17613964857743,0.1747368601584,0.1747368601584,0.17613964857743,0,2.36387917493773e-05
271,0.1617737650108,0.267985144235561,4,0.109820934666411,0.409326894154126,44.7733593102144,44.7733593102144,39.0695045746967,0,5.70385473551763,5.70385473551763,5.70385473551763,S14,0,1.71222359745232e-18,0,0.104076800774841,0,3.41500972226867e-07
272,0.558492232402145,0.372146159620992,4,0.351874319421175,0.527553483021387,11.3968572008258,11.3968572008258,11.3968572008258,0,0,0,0,Tie,0.126267024341358,0.126877372083662,0.126267024341358,0.126267024341358,0,8.61667430569509e-06
273,0.350853290545756,0.530721930568919,4,0.161926871134076,0.551115876475216,43.8538808818066,43.8538808818066,43.8538808818066,0,0,0,0,Tie,0.0649189199330946,0.0668051166802619,0.0649189199330946,0.0649189199330946,0,0.000106386064402695
274,0.577500225386796,0.385491853679221,4,0.356982840306966,0.536158142079042,1.69995904261549,1.69995904261549,1.69995904261549,0,0,0,0,Tie,0.00798035342701986,0.00835171082820563,0.00798035342701986,0.00798035342701986,0,1.38876777319069e-05
275,0.458951800967892,0.42575325824941,4,0.255287527904716,0.53284760463946,17.5411852157458,17.5411852157458,17.5411852157458,0,0,0,0,Tie,0.181391342028716,0.183097895095212,0.181391342028716,0.181391342028716,0,5.49548432314942e-05
276,0.31994821366747,0.276584310385082,4,0.225350743500748,0.438318058915852,72.109768521723,72.0719220805216,72.109768521723,0.0378464412014097,0,-0.0378464412014097,0.0378464412014097,BoundaryMix,0.904544249761279,0.904084900173297,0.904084900173297,0.904544249761279,0,2.64582597553681e-05
277,0.51092836108626,0.311885435918579,4,0.357244562716228,0.490662909873846,46.7602572304933,46.523811876726,46.7602572304933,0.23644535376723,0,-0.23644535376723,0.23644535376723,BoundaryMix,0.524578939161638,0.522122422518526,0.522122422518526,0.524578939161638,0,2.42590141921738e-05
278,0.433566812026507,0.42518433519785,4,0.239702620017005,0.528903600777648,28.4353558121148,28.4353558121148,28.4353558121148,0,0,0,0,Tie,0.25393508214946,0.255256325225769,0.25393508214946,0.25393508214946,0,2.9321445163742e-05
279,0.158198641772481,0.413589710830684,4,0.0827541664423695,0.486787437725634,34.0324074465931,34.0324074465931,30.6170258790229,0,3.41538156757013,3.41538156757013,3.41538156757013,S14,0,-5.07513401532088e-18,0,0.0664733466436239,0,2.50529435045065e-05
280,0.238957202742206,0.283145672869233,4,0.161462105934294,0.430470043303877,88.6218197841572,88.6209106871015,85.8742551631963,0.000909097055739494,2.74756462096093,2.74665552390519,2.74665552390519,S14,0.522396601924665,0.521208202025576,0.521208202025576,0.604996376684284,0,4.26715851677704e-05
281,0.177562551596093,0.398204794714352,4,0.0956780816107111,0.482780905286408,47.8958485157443,47.8958485157443,40.5347814921317,0,7.36106702361261,7.36106702361261,7.36106702361261,S14,0,0,0,0.157338467069695,0,7.41761134797664e-05
282,0.255002819764047,0.0920846539935934,4,0.283729730912661,0.230531163446219,-128.02430549003,-128.303639534015,-128.02430549003,0.279334043985358,0,-0.279334043985358,0.279334043985358,BoundaryMix,0.223799622351067,0.220607831965605,0.220607831965605,0.223799622351067,0,1.29197724264128e-05
283,0.251694799096931,0.476171166487172,4,0.122618480963657,0.521948077498586,66.591713834458,66.591473317706,56.3005327306555,0.000240516751972564,10.2911811038025,10.2909405870505,10.2909405870505,S14,0.150130803110361,0.151570720367589,0.151570720367589,0.426529143151207,0,0.000108520188391213
284,0.403517819004672,0.355889796405103,4,0.249715453962739,0.495542328590948,62.840814070113,62.840814070113,62.840814070113,0,0,0,0,Tie,0.717463356590417,0.719031093301062,0.717463356590417,0.717463356590417,0,2.83535778345585e-05
285,0.28349595852478,0.242866760887947,4,0.212062288259863,0.408758851376107,76.0778429237697,76.0420824627603,76.0778429237697,0.0357604610093603,0,-0.0357604610093603,0.0357604610093603,BoundaryMix,0.931354416565665,0.93077588911281,0.93077588911281,0.931354416565665,0,7.72497002166011e-06
286,0.325224333976404,0.452747469596939,4,0.167156290537037,0.523574204751932,79.1277320768934,79.1277320768934,79.1277320768934,0,0,0,0,Tie,0.421135290084387,0.421747494898308,0.421135290084387,0.421135290084387,0,3.99839257463485e-05
287,0.187450260282676,0.21354126808719,4,0.144537321244341,0.370474473283049,74.2497614119107,74.1232650854645,60.954771440443,0.126496326446187,13.2949899714677,13.1684936450215,13.1684936450215,S14,0.0640322482090854,0.0712020848927237,0.0712020848927237,0.342137307912196,0,1.37664223560618e-05
288,0.194916940246318,0.568127199074,4,0.0826997444274914,0.542353793053045,33.170402077843,33.170402077843,25.3713137987799,0,7.79908827906308,7.79908827906308,7.79908827906308,S14,0,0,0,0.17954642259548,0,7.23900299549163e-05
289,0.247860111650225,0.537891125843624,4,0.110664516441758,0.540354343919391,54.3009833507244,54.2663785555182,48.314088114295,0.0346047952062065,5.98689523642932,5.95229044122311,5.95229044122311,S14,0.0336518039327199,0.0507275159264902,0.0507275159264902,0.26743541511294,0,4.95413899664656e-05
290,0.205904066569625,0.648494705638318,4,0.0794219936060781,0.562813898003191,8.7814783574303,8.78147799606775,8.21910683256248,3.61362548773059e-07,0.562371524867821,0.562371163505272,0.562371163505272,S14,0,1.22832747703842e-15,1.31415312719664e-15,0.0219934549869907,0,6.23371211090669e-05
291,0.392709012487917,0.250483776335998,4,0.300904121164135,0.431836540343715,36.4747466438599,36.4174451172738,36.4747466438599,0.0573015265861017,0,-0.0573015265861017,0.0573015265861017,BoundaryMix,0.63002898840539,0.629382954763831,0.629382954763831,0.63002898840539,0,1.75289139366966e-05
292,0.353107890957052,0.354950632558467,4,0.215533377480911,0.487480877446997,91.239834458553,90.7841825754359,91.239834458553,0.455651883117142,0,-0.455651883117142,0.455651883117142,BoundaryMix,0.890479104858997,0.884995669956089,0.884995669956089,0.890479104858997,0,4.09655611087086e-05
293,0.198002809179952,0.533062330885834,4,0.0879939904645813,0.533018365619865,40.9258105380365,40.9258105380365,32.0284473276447,0,8.8973632103918,8.8973632103918,8.8973632103918,S14,0,0,0,0.19925712602758,0,9.61083074876958e-05
294,0.213124403122323,0.224626268013584,4,0.161786773749878,0.383665629112417,87.9406513385608,87.9406410669951,80.6047665920897,1.02715656709051e-05,7.33588474647104,7.33587447490537,7.33587447490537,S14,0.390325679429016,0.390505433913206,0.390505433913206,0.538771714148184,0,8.6609414098366e-06
295,0.269994358829669,0.0968275476312827,4,0.298176359223161,0.240602407169881,-144.155881891244,-144.369423742858,-144.155881891244,0.213541851614139,0,-0.213541851614139,0.213541851614139,BoundaryMix,0.173230412480351,0.17110336772234,0.17110336772234,0.173230412480351,0,6.71707045433972e-06
296,0.402364929892465,0.299176521427868,4,0.278193892791574,0.465411914969165,56.3979260186344,56.3365085285284,56.3979260186344,0.0614174901059599,0,-0.0614174901059599,0.0614174901059599,BoundaryMix,0.748290139641124,0.747626061384527,0.747626061384527,0.748290139641124,0,3.42898804249056e-05
297,0.206728391186174,0.572224854193842,4,0.0874740762253788,0.544789182123722,36.2157944946756,36.2157944946756,27.2669318665518,0,8.9488626281238,8.9488626281238,8.9488626281238,S14,0,0,0,0.216745917426796,0,0.000123275360658154
298,0.210278411132928,0.0603020751104664,4,0.25464617270957,0.164307444776824,-162.163754764188,-162.163754764188,-162.163754764188,0,0,0,0,Tie,0.0924043540020248,0.0926815924317665,0.0924043540020248,0.0924043540020248,0,1.71275934556387e-06
299,0.46688523761938,0.447728351273926,4,0.251048332731272,0.541681886373575,8.70258904519241,8.70258904519241,8.70258904519241,0,0,0,0,Tie,0.0722945035961218,0.0741889388312094,0.0722945035961218,0.0722945035961218,0,7.98309201885397e-05
300,0.182219633599911,0.4880088169789,4,0.0858345686636009,0.517222306588134,40.2160870744539,40.2084625777199,32.9228372591985,0.00762449673404575,7.29324981525546,7.28562531852142,7.28562531852142,S14,0,0.000182346069258221,0.000182346069258236,0.15389040595306,0,7.67590395799763e-05
