WL(nm),Spectrum,Spectrum(W/nm)
380,0.006,6.25E-07
380.2,0.0132,1.37E-06
380.4,0.02,2.08E-06
380.6,0.0192,2.00E-06
380.8,0.0126,1.31E-06
381,0.0056,5.77E-07
381.2,0.0006,6.39E-08
381.4,0.0035,3.61E-07
381.6,0.0087,9.03E-07
381.8,0.0055,5.71E-07
382,0.0011,1.19E-07
382.2,0.0076,7.88E-07
382.4,0.0152,1.58E-06
382.6,0.0118,1.22E-06
382.8,0.0077,7.95E-07
383,0.0111,1.16E-06
383.2,0.0126,1.31E-06
383.4,0.0048,4.99E-07
383.6,0.0008,8.59E-08
383.8,0.0079,8.25E-07
384,0.0155,1.61E-06
384.2,0.0187,1.94E-06
384.4,0.0151,1.56E-06
384.6,0.0046,4.76E-07
384.8,0.0023,2.35E-07
385,0.0101,1.05E-06
385.2,0.0114,1.18E-06
385.4,0.0055,5.70E-07
385.6,0.0066,6.80E-07
385.8,0.0131,1.35E-06
386,0.0133,1.38E-06
386.2,0.0086,8.92E-07
386.4,0.0048,5.00E-07
386.6,0.0027,2.83E-07
386.8,0.0035,3.67E-07
387,0.0053,5.48E-07
387.2,0.0051,5.24E-07
387.4,0.0037,3.84E-07
387.6,0.0013,1.32E-07
387.8,0,1.27E-09
388,0.0034,3.49E-07
388.2,0.0066,6.83E-07
388.4,0.0062,6.45E-07
388.6,0.0052,5.35E-07
388.8,0.0046,4.76E-07
389,0.0062,6.42E-07
389.2,0.0111,1.15E-06
389.4,0.0128,1.33E-06
389.6,0.0088,9.15E-07
389.8,0.005,5.19E-07
390,0.0034,3.52E-07
390.2,0.0024,2.52E-07
390.4,0.0021,2.15E-07
390.6,0.0036,3.78E-07
390.8,0.0062,6.38E-07
391,0.0056,5.86E-07
391.2,0.0028,2.87E-07
391.4,0.0006,6.48E-08
391.6,0,0.00E+00
391.8,0.0017,1.81E-07
392,0.0043,4.43E-07
392.2,0.0037,3.82E-07
392.4,0.0025,2.61E-07
392.6,0.0054,5.57E-07
392.8,0.0079,8.22E-07
393,0.0038,3.95E-07
393.2,0.0001,6.10E-09
393.4,0.0037,3.85E-07
393.6,0.0076,7.90E-07
393.8,0.0071,7.35E-07
394,0.0057,5.94E-07
394.2,0.005,5.17E-07
394.4,0.0039,4.09E-07
394.6,0.0024,2.48E-07
394.8,0.0008,8.16E-08
395,0,0.00E+00
395.2,0.0021,2.22E-07
395.4,0.0079,8.20E-07
395.6,0.0083,8.63E-07
395.8,0.0028,2.93E-07
396,0,4.04E-09
396.2,0.0008,8.42E-08
396.4,0.0012,1.22E-07
396.6,0.0011,1.19E-07
396.8,0.0025,2.60E-07
397,0.0046,4.75E-07
397.2,0.0061,6.30E-07
397.4,0.0064,6.63E-07
397.6,0.0038,3.95E-07
397.8,0.0008,8.81E-08
398,0.0014,1.48E-07
398.2,0.0032,3.37E-07
398.4,0.0039,4.10E-07
398.6,0.0049,5.04E-07
398.8,0.0074,7.65E-07
399,0.0086,8.93E-07
399.2,0.0061,6.37E-07
399.4,0.003,3.12E-07
399.6,0.0009,9.09E-08
399.8,0.0002,1.92E-08
400,0.0014,1.49E-07
400.2,0.002,2.10E-07
400.4,0.001,1.00E-07
400.6,0,4.89E-10
400.8,0,0.00E+00
401,0.0007,7.26E-08
401.2,0.0027,2.76E-07
401.4,0.0049,5.04E-07
401.6,0.0064,6.69E-07
401.8,0.0054,5.63E-07
402,0.0028,2.89E-07
402.2,0.0013,1.38E-07
402.4,0.0015,1.52E-07
402.6,0.004,4.20E-07
402.8,0.0069,7.15E-07
403,0.0058,5.97E-07
403.2,0.0033,3.45E-07
403.4,0.0035,3.62E-07
403.6,0.0044,4.58E-07
403.8,0.0044,4.53E-07
404,0.0039,4.06E-07
404.2,0.0032,3.31E-07
404.4,0.0024,2.51E-07
404.6,0.0018,1.84E-07
404.8,0.0017,1.74E-07
405,0.0025,2.63E-07
405.2,0.0035,3.64E-07
405.4,0.0042,4.35E-07
405.6,0.0055,5.74E-07
405.8,0.0077,8.01E-07
406,0.009,9.38E-07
406.2,0.0088,9.16E-07
406.4,0.0075,7.78E-07
406.6,0.0054,5.60E-07
406.8,0.0033,3.40E-07
407,0.0017,1.75E-07
407.2,0.0014,1.50E-07
407.4,0.002,2.08E-07
407.6,0.0012,1.22E-07
407.8,0.0001,7.13E-09
408,0.0018,1.85E-07
408.2,0.005,5.14E-07
408.4,0.0073,7.56E-07
408.6,0.0083,8.61E-07
408.8,0.0065,6.76E-07
409,0.0045,4.64E-07
409.2,0.0058,6.02E-07
409.4,0.0077,7.99E-07
409.6,0.0077,8.00E-07
409.8,0.0071,7.37E-07
410,0.0061,6.34E-07
410.2,0.0062,6.48E-07
410.4,0.0089,9.24E-07
410.6,0.0109,1.13E-06
410.8,0.0106,1.10E-06
411,0.0098,1.02E-06
411.2,0.0093,9.62E-07
411.4,0.0095,9.88E-07
411.6,0.0106,1.10E-06
411.8,0.0105,1.09E-06
412,0.0092,9.56E-07
412.2,0.0096,9.92E-07
412.4,0.0114,1.18E-06
412.6,0.0113,1.17E-06
412.8,0.0095,9.90E-07
413,0.0087,9.05E-07
413.2,0.0089,9.26E-07
413.4,0.0095,9.89E-07
413.6,0.0102,1.06E-06
413.8,0.0104,1.07E-06
414,0.0104,1.08E-06
414.2,0.0114,1.18E-06
414.4,0.0128,1.32E-06
414.6,0.0142,1.47E-06
414.8,0.0153,1.59E-06
415,0.0156,1.62E-06
415.2,0.0154,1.60E-06
415.4,0.015,1.56E-06
415.6,0.0149,1.54E-06
415.8,0.0156,1.62E-06
416,0.0158,1.64E-06
416.2,0.0147,1.52E-06
416.4,0.0137,1.42E-06
416.6,0.0136,1.42E-06
416.8,0.0148,1.53E-06
417,0.0169,1.75E-06
417.2,0.0171,1.78E-06
417.4,0.0151,1.57E-06
417.6,0.0154,1.60E-06
417.8,0.0184,1.91E-06
418,0.0203,2.11E-06
418.2,0.0206,2.14E-06
418.4,0.0199,2.07E-06
418.6,0.0194,2.01E-06
418.8,0.0215,2.23E-06
419,0.0245,2.55E-06
419.2,0.0242,2.52E-06
419.4,0.0224,2.32E-06
419.6,0.0226,2.35E-06
419.8,0.024,2.49E-06
420,0.025,2.60E-06
420.2,0.0257,2.67E-06
420.4,0.0257,2.67E-06
420.6,0.026,2.70E-06
420.8,0.0281,2.92E-06
421,0.03,3.11E-06
421.2,0.0301,3.13E-06
421.4,0.0302,3.13E-06
421.6,0.031,3.22E-06
421.8,0.032,3.32E-06
422,0.0327,3.40E-06
422.2,0.033,3.42E-06
422.4,0.0325,3.38E-06
422.6,0.0331,3.43E-06
422.8,0.0349,3.63E-06
423,0.036,3.73E-06
423.2,0.0357,3.71E-06
423.4,0.0364,3.78E-06
423.6,0.0381,3.95E-06
423.8,0.0389,4.04E-06
424,0.0391,4.05E-06
424.2,0.0401,4.16E-06
424.4,0.0418,4.34E-06
424.6,0.0433,4.50E-06
424.8,0.0446,4.63E-06
425,0.0459,4.77E-06
425.2,0.0474,4.92E-06
425.4,0.0492,5.10E-06
425.6,0.0509,5.29E-06
425.8,0.0519,5.39E-06
426,0.0527,5.47E-06
426.2,0.0541,5.62E-06
426.4,0.0556,5.77E-06
426.6,0.0565,5.87E-06
426.8,0.0577,5.99E-06
427,0.0596,6.19E-06
427.2,0.0618,6.41E-06
427.4,0.0638,6.62E-06
427.6,0.0659,6.84E-06
427.8,0.0683,7.09E-06
428,0.0704,7.31E-06
428.2,0.0721,7.48E-06
428.4,0.0725,7.52E-06
428.6,0.0717,7.45E-06
428.8,0.0742,7.70E-06
429,0.0799,8.30E-06
429.2,0.0827,8.58E-06
429.4,0.082,8.51E-06
429.6,0.0831,8.62E-06
429.8,0.0863,8.96E-06
430,0.0894,9.28E-06
430.2,0.0923,9.58E-06
430.4,0.0965,1.00E-05
430.6,0.1008,1.05E-05
430.8,0.1019,1.06E-05
431,0.1016,1.06E-05
431.2,0.1031,1.07E-05
431.4,0.1056,1.10E-05
431.6,0.109,1.13E-05
431.8,0.1123,1.17E-05
432,0.1131,1.17E-05
432.2,0.1141,1.18E-05
432.4,0.1187,1.23E-05
432.6,0.1235,1.28E-05
432.8,0.1256,1.30E-05
433,0.1278,1.33E-05
433.2,0.1313,1.36E-05
433.4,0.1347,1.40E-05
433.6,0.1375,1.43E-05
433.8,0.1409,1.46E-05
434,0.1457,1.51E-05
434.2,0.15,1.56E-05
434.4,0.1533,1.59E-05
434.6,0.1565,1.62E-05
434.8,0.16,1.66E-05
435,0.164,1.70E-05
435.2,0.1686,1.75E-05
435.4,0.1734,1.80E-05
435.6,0.1778,1.85E-05
435.8,0.1816,1.88E-05
436,0.1852,1.92E-05
436.2,0.1896,1.97E-05
436.4,0.1945,2.02E-05
436.6,0.1992,2.07E-05
436.8,0.2034,2.11E-05
437,0.2079,2.16E-05
437.2,0.2128,2.21E-05
437.4,0.2192,2.28E-05
437.6,0.2259,2.34E-05
437.8,0.2322,2.41E-05
438,0.2388,2.48E-05
438.2,0.247,2.56E-05
438.4,0.2549,2.65E-05
438.6,0.2599,2.70E-05
438.8,0.2658,2.76E-05
439,0.2752,2.86E-05
439.2,0.2841,2.95E-05
439.4,0.2906,3.02E-05
439.6,0.2977,3.09E-05
439.8,0.3064,3.18E-05
440,0.3163,3.28E-05
440.2,0.3265,3.39E-05
440.4,0.3354,3.48E-05
440.6,0.3431,3.56E-05
440.8,0.3522,3.66E-05
441,0.3641,3.78E-05
441.2,0.376,3.90E-05
441.4,0.3877,4.02E-05
441.6,0.3991,4.14E-05
441.8,0.4106,4.26E-05
442,0.4225,4.39E-05
442.2,0.4353,4.52E-05
442.4,0.4497,4.67E-05
442.6,0.4643,4.82E-05
442.8,0.4778,4.96E-05
443,0.4908,5.10E-05
443.2,0.5055,5.25E-05
443.4,0.5204,5.40E-05
443.6,0.5341,5.54E-05
443.8,0.5483,5.69E-05
444,0.5643,5.86E-05
444.2,0.5811,6.03E-05
444.4,0.5976,6.20E-05
444.6,0.6142,6.38E-05
444.8,0.6319,6.56E-05
445,0.6499,6.75E-05
445.2,0.6687,6.94E-05
445.4,0.6863,7.13E-05
445.6,0.7016,7.28E-05
445.8,0.7178,7.45E-05
446,0.7352,7.63E-05
446.2,0.7522,7.81E-05
446.4,0.7678,7.97E-05
446.6,0.7844,8.14E-05
446.8,0.8017,8.32E-05
447,0.8176,8.49E-05
447.2,0.8335,8.65E-05
447.4,0.8494,8.82E-05
447.6,0.8655,8.98E-05
447.8,0.8801,9.14E-05
448,0.8934,9.27E-05
448.2,0.9061,9.41E-05
448.4,0.9193,9.54E-05
448.6,0.93,9.65E-05
448.8,0.941,9.77E-05
449,0.9512,9.87E-05
449.2,0.9611,9.98E-05
449.4,0.9677,1.00E-04
449.6,0.9736,1.01E-04
449.8,0.9826,1.02E-04
450,0.9913,1.03E-04
450.2,0.9966,1.03E-04
450.4,0.9994,1.04E-04
450.6,1,1.04E-04
450.8,0.9998,1.04E-04
451,0.9983,1.04E-04
451.2,0.9959,1.03E-04
451.4,0.9915,1.03E-04
451.6,0.9877,1.03E-04
451.8,0.9843,1.02E-04
452,0.9801,1.02E-04
452.2,0.976,1.01E-04
452.4,0.9688,1.01E-04
452.6,0.9584,9.95E-05
452.8,0.9493,9.86E-05
453,0.9412,9.77E-05
453.2,0.9307,9.66E-05
453.4,0.9167,9.52E-05
453.6,0.9036,9.38E-05
453.8,0.8923,9.26E-05
454,0.8763,9.10E-05
454.2,0.8589,8.92E-05
454.4,0.8446,8.77E-05
454.6,0.8331,8.65E-05
454.8,0.8191,8.50E-05
455,0.8027,8.33E-05
455.2,0.7875,8.17E-05
455.4,0.7719,8.01E-05
455.6,0.7577,7.87E-05
455.8,0.7431,7.71E-05
456,0.7261,7.54E-05
456.2,0.7086,7.36E-05
456.4,0.6946,7.21E-05
456.6,0.6822,7.08E-05
456.8,0.6692,6.95E-05
457,0.6558,6.81E-05
457.2,0.6423,6.67E-05
457.4,0.6273,6.51E-05
457.6,0.6123,6.36E-05
457.8,0.5976,6.20E-05
458,0.585,6.07E-05
458.2,0.574,5.96E-05
458.4,0.5647,5.86E-05
458.6,0.5562,5.77E-05
458.8,0.5473,5.68E-05
459,0.5375,5.58E-05
459.2,0.5264,5.46E-05
459.4,0.5166,5.36E-05
459.6,0.5087,5.28E-05
459.8,0.5018,5.21E-05
460,0.4947,5.14E-05
460.2,0.4863,5.05E-05
460.4,0.4782,4.96E-05
460.6,0.4734,4.91E-05
460.8,0.4709,4.89E-05
461,0.4651,4.83E-05
461.2,0.4576,4.75E-05
461.4,0.4516,4.69E-05
461.6,0.4464,4.63E-05
461.8,0.4414,4.58E-05
462,0.4373,4.54E-05
462.2,0.4339,4.50E-05
462.4,0.4305,4.47E-05
462.6,0.4239,4.40E-05
462.8,0.4183,4.34E-05
463,0.4172,4.33E-05
463.2,0.4165,4.32E-05
463.4,0.4126,4.28E-05
463.6,0.4078,4.23E-05
463.8,0.4036,4.19E-05
464,0.4001,4.15E-05
464.2,0.3973,4.12E-05
464.4,0.3949,4.10E-05
464.6,0.3919,4.07E-05
464.8,0.389,4.04E-05
465,0.3862,4.01E-05
465.2,0.3828,3.97E-05
465.4,0.3787,3.93E-05
465.6,0.3744,3.89E-05
465.8,0.3698,3.84E-05
466,0.3656,3.80E-05
466.2,0.3619,3.76E-05
466.4,0.3578,3.71E-05
466.6,0.3533,3.67E-05
466.8,0.3499,3.63E-05
467,0.347,3.60E-05
467.2,0.3432,3.56E-05
467.4,0.3392,3.52E-05
467.6,0.336,3.49E-05
467.8,0.3328,3.45E-05
468,0.3282,3.41E-05
468.2,0.3228,3.35E-05
468.4,0.3174,3.30E-05
468.6,0.3122,3.24E-05
468.8,0.3074,3.19E-05
469,0.303,3.15E-05
469.2,0.299,3.10E-05
469.4,0.295,3.06E-05
469.6,0.2907,3.02E-05
469.8,0.2868,2.98E-05
470,0.284,2.95E-05
470.2,0.2803,2.91E-05
470.4,0.2749,2.85E-05
470.6,0.2696,2.80E-05
470.8,0.2653,2.75E-05
471,0.2614,2.71E-05
471.2,0.2578,2.68E-05
471.4,0.2542,2.64E-05
471.6,0.2505,2.60E-05
471.8,0.2465,2.56E-05
472,0.2423,2.52E-05
472.2,0.2383,2.47E-05
472.4,0.2347,2.44E-05
472.6,0.2315,2.40E-05
472.8,0.2286,2.37E-05
473,0.2258,2.34E-05
473.2,0.223,2.32E-05
473.4,0.2199,2.28E-05
473.6,0.2166,2.25E-05
473.8,0.2138,2.22E-05
474,0.2113,2.19E-05
474.2,0.2088,2.17E-05
474.4,0.2064,2.14E-05
474.6,0.2045,2.12E-05
474.8,0.2026,2.10E-05
475,0.2002,2.08E-05
475.2,0.1979,2.05E-05
475.4,0.1973,2.05E-05
475.6,0.1964,2.04E-05
475.8,0.1934,2.01E-05
476,0.1906,1.98E-05
476.2,0.1897,1.97E-05
476.4,0.1892,1.96E-05
476.6,0.1882,1.95E-05
476.8,0.1872,1.94E-05
477,0.1863,1.93E-05
477.2,0.1858,1.93E-05
477.4,0.1859,1.93E-05
477.6,0.1859,1.93E-05
477.8,0.1855,1.93E-05
478,0.1842,1.91E-05
478.2,0.1823,1.89E-05
478.4,0.1814,1.88E-05
478.6,0.1819,1.89E-05
478.8,0.1819,1.89E-05
479,0.1812,1.88E-05
479.2,0.1808,1.88E-05
479.4,0.1807,1.88E-05
479.6,0.1802,1.87E-05
479.8,0.1795,1.86E-05
480,0.18,1.87E-05
480.2,0.1808,1.88E-05
480.4,0.18,1.87E-05
480.6,0.1787,1.86E-05
480.8,0.1783,1.85E-05
481,0.1787,1.85E-05
481.2,0.1797,1.87E-05
481.4,0.1805,1.87E-05
481.6,0.18,1.87E-05
481.8,0.1794,1.86E-05
482,0.1805,1.87E-05
482.2,0.1815,1.88E-05
482.4,0.1809,1.88E-05
482.6,0.1805,1.87E-05
482.8,0.1813,1.88E-05
483,0.1821,1.89E-05
483.2,0.1822,1.89E-05
483.4,0.1821,1.89E-05
483.6,0.1823,1.89E-05
483.8,0.1826,1.90E-05
484,0.1833,1.90E-05
484.2,0.1838,1.91E-05
484.4,0.1838,1.91E-05
484.6,0.1837,1.91E-05
484.8,0.1838,1.91E-05
485,0.1845,1.92E-05
485.2,0.1856,1.93E-05
485.4,0.1861,1.93E-05
485.6,0.186,1.93E-05
485.8,0.1868,1.94E-05
486,0.188,1.95E-05
486.2,0.1883,1.95E-05
486.4,0.1879,1.95E-05
486.6,0.1882,1.95E-05
486.8,0.1891,1.96E-05
487,0.1895,1.97E-05
487.2,0.1895,1.97E-05
487.4,0.1893,1.97E-05
487.6,0.1892,1.96E-05
487.8,0.1901,1.97E-05
488,0.1914,1.99E-05
488.2,0.1926,2.00E-05
488.4,0.1936,2.01E-05
488.6,0.1935,2.01E-05
488.8,0.1935,2.01E-05
489,0.1951,2.03E-05
489.2,0.1964,2.04E-05
489.4,0.196,2.03E-05
489.6,0.1961,2.04E-05
489.8,0.1979,2.05E-05
490,0.1993,2.07E-05
490.2,0.1993,2.07E-05
490.4,0.1995,2.07E-05
490.6,0.2008,2.08E-05
490.8,0.202,2.10E-05
491,0.203,2.11E-05
491.2,0.2034,2.11E-05
491.4,0.2034,2.11E-05
491.6,0.2039,2.12E-05
491.8,0.2052,2.13E-05
492,0.2071,2.15E-05
492.2,0.2091,2.17E-05
492.4,0.2099,2.18E-05
492.6,0.2095,2.18E-05
492.8,0.2099,2.18E-05
493,0.2111,2.19E-05
493.2,0.2123,2.20E-05
493.4,0.2137,2.22E-05
493.6,0.2153,2.24E-05
493.8,0.2168,2.25E-05
494,0.2173,2.26E-05
494.2,0.2176,2.26E-05
494.4,0.2193,2.28E-05
494.6,0.2212,2.30E-05
494.8,0.2216,2.30E-05
495,0.2219,2.30E-05
495.2,0.2239,2.32E-05
495.4,0.2261,2.35E-05
495.6,0.2267,2.35E-05
495.8,0.2274,2.36E-05
496,0.2292,2.38E-05
496.2,0.231,2.40E-05
496.4,0.2321,2.41E-05
496.6,0.2331,2.42E-05
496.8,0.2342,2.43E-05
497,0.2353,2.44E-05
497.2,0.2364,2.45E-05
497.4,0.238,2.47E-05
497.6,0.2405,2.50E-05
497.8,0.2418,2.51E-05
498,0.2414,2.51E-05
498.2,0.2416,2.51E-05
498.4,0.2428,2.52E-05
498.6,0.2442,2.54E-05
498.8,0.2453,2.55E-05
499,0.2456,2.55E-05
499.2,0.2455,2.55E-05
499.4,0.247,2.56E-05
499.6,0.2494,2.59E-05
499.8,0.2508,2.60E-05
500,0.2514,2.61E-05
500.2,0.253,2.63E-05
500.4,0.2551,2.65E-05
500.6,0.2566,2.66E-05
500.8,0.2576,2.67E-05
501,0.2582,2.68E-05
501.2,0.2587,2.69E-05
501.4,0.2601,2.70E-05
501.6,0.2618,2.72E-05
501.8,0.2631,2.73E-05
502,0.2641,2.74E-05
502.2,0.265,2.75E-05
502.4,0.2656,2.76E-05
502.6,0.2658,2.76E-05
502.8,0.2661,2.76E-05
503,0.2671,2.77E-05
503.2,0.268,2.78E-05
503.4,0.2681,2.78E-05
503.6,0.2691,2.79E-05
503.8,0.2722,2.83E-05
504,0.2747,2.85E-05
504.2,0.2754,2.86E-05
504.4,0.2754,2.86E-05
504.6,0.2753,2.86E-05
504.8,0.2758,2.86E-05
505,0.2769,2.87E-05
505.2,0.2779,2.89E-05
505.4,0.2785,2.89E-05
505.6,0.2788,2.89E-05
505.8,0.279,2.90E-05
506,0.2795,2.90E-05
506.2,0.2803,2.91E-05
506.4,0.2814,2.92E-05
506.6,0.2828,2.94E-05
506.8,0.2844,2.95E-05
507,0.2858,2.97E-05
507.2,0.2862,2.97E-05
507.4,0.2861,2.97E-05
507.6,0.2876,2.99E-05
507.8,0.2896,3.01E-05
508,0.2905,3.02E-05
508.2,0.2908,3.02E-05
508.4,0.2909,3.02E-05
508.6,0.291,3.02E-05
508.8,0.2912,3.02E-05
509,0.2917,3.03E-05
509.2,0.2927,3.04E-05
509.4,0.2936,3.05E-05
509.6,0.2939,3.05E-05
509.8,0.2942,3.05E-05
510,0.295,3.06E-05
510.2,0.2961,3.07E-05
510.4,0.2975,3.09E-05
510.6,0.2987,3.10E-05
510.8,0.2993,3.11E-05
511,0.2994,3.11E-05
511.2,0.2991,3.11E-05
511.4,0.2993,3.11E-05
511.6,0.3004,3.12E-05
511.8,0.3014,3.13E-05
512,0.302,3.14E-05
512.2,0.302,3.14E-05
512.4,0.3017,3.13E-05
512.6,0.3026,3.14E-05
512.8,0.3046,3.16E-05
513,0.3058,3.17E-05
513.2,0.3061,3.18E-05
513.4,0.306,3.18E-05
513.6,0.3057,3.17E-05
513.8,0.3062,3.18E-05
514,0.3071,3.19E-05
514.2,0.3066,3.18E-05
514.4,0.3058,3.17E-05
514.6,0.3068,3.18E-05
514.8,0.3083,3.20E-05
515,0.3088,3.21E-05
515.2,0.3088,3.21E-05
515.4,0.3098,3.22E-05
515.6,0.311,3.23E-05
515.8,0.3116,3.24E-05
516,0.312,3.24E-05
516.2,0.3124,3.24E-05
516.4,0.3126,3.24E-05
516.6,0.312,3.24E-05
516.8,0.3119,3.24E-05
517,0.3135,3.25E-05
517.2,0.3148,3.27E-05
517.4,0.3145,3.26E-05
517.6,0.3142,3.26E-05
517.8,0.3147,3.27E-05
518,0.3149,3.27E-05
518.2,0.3142,3.26E-05
518.4,0.3144,3.26E-05
518.6,0.3158,3.28E-05
518.8,0.3139,3.26E-05
519,0.3082,3.20E-05
519.2,0.3073,3.19E-05
519.4,0.3129,3.25E-05
519.6,0.3167,3.29E-05
519.8,0.3171,3.29E-05
520,0.318,3.30E-05
520.2,0.3197,3.32E-05
520.4,0.3206,3.33E-05
520.6,0.3207,3.33E-05
520.8,0.3206,3.33E-05
521,0.3207,3.33E-05
521.2,0.3218,3.34E-05
521.4,0.3233,3.36E-05
521.6,0.3234,3.36E-05
521.8,0.3226,3.35E-05
522,0.3224,3.35E-05
522.2,0.3224,3.35E-05
522.4,0.3226,3.35E-05
522.6,0.3228,3.35E-05
522.8,0.3236,3.36E-05
523,0.3242,3.37E-05
523.2,0.3233,3.36E-05
523.4,0.3223,3.35E-05
523.6,0.3228,3.35E-05
523.8,0.3237,3.36E-05
524,0.324,3.36E-05
524.2,0.3245,3.37E-05
524.4,0.3255,3.38E-05
524.6,0.3262,3.39E-05
524.8,0.3262,3.39E-05
525,0.3261,3.39E-05
525.2,0.326,3.38E-05
525.4,0.3261,3.39E-05
525.6,0.3261,3.39E-05
525.8,0.3266,3.39E-05
526,0.3276,3.40E-05
526.2,0.3278,3.40E-05
526.4,0.3271,3.40E-05
526.6,0.3275,3.40E-05
526.8,0.3293,3.42E-05
527,0.3304,3.43E-05
527.2,0.3307,3.43E-05
527.4,0.331,3.44E-05
527.6,0.3311,3.44E-05
527.8,0.3301,3.43E-05
528,0.3286,3.41E-05
528.2,0.3284,3.41E-05
528.4,0.3293,3.42E-05
528.6,0.3303,3.43E-05
528.8,0.3311,3.44E-05
529,0.3311,3.44E-05
529.2,0.331,3.44E-05
529.4,0.3312,3.44E-05
529.6,0.3317,3.44E-05
529.8,0.3321,3.45E-05
530,0.3325,3.45E-05
530.2,0.3332,3.46E-05
530.4,0.3336,3.46E-05
530.6,0.3325,3.45E-05
530.8,0.3315,3.44E-05
531,0.3321,3.45E-05
531.2,0.333,3.46E-05
531.4,0.3335,3.46E-05
531.6,0.334,3.47E-05
531.8,0.3342,3.47E-05
532,0.3345,3.47E-05
532.2,0.3347,3.47E-05
532.4,0.3349,3.48E-05
532.6,0.3354,3.48E-05
532.8,0.336,3.49E-05
533,0.3365,3.49E-05
533.2,0.3366,3.49E-05
533.4,0.3358,3.49E-05
533.6,0.3356,3.48E-05
533.8,0.3361,3.49E-05
534,0.3365,3.49E-05
534.2,0.3365,3.49E-05
534.4,0.3365,3.49E-05
534.6,0.3366,3.49E-05
534.8,0.3372,3.50E-05
535,0.3382,3.51E-05
535.2,0.3382,3.51E-05
535.4,0.3378,3.51E-05
535.6,0.3383,3.51E-05
535.8,0.3392,3.52E-05
536,0.3389,3.52E-05
536.2,0.3379,3.51E-05
536.4,0.3378,3.51E-05
536.6,0.3384,3.51E-05
536.8,0.3396,3.53E-05
537,0.3407,3.54E-05
537.2,0.3403,3.53E-05
537.4,0.3394,3.52E-05
537.6,0.3392,3.52E-05
537.8,0.3396,3.53E-05
538,0.3409,3.54E-05
538.2,0.342,3.55E-05
538.4,0.3419,3.55E-05
538.6,0.3416,3.55E-05
538.8,0.3418,3.55E-05
539,0.3421,3.55E-05
539.2,0.3427,3.56E-05
539.4,0.343,3.56E-05
539.6,0.3427,3.56E-05
539.8,0.3427,3.56E-05
540,0.3437,3.57E-05
540.2,0.3439,3.57E-05
540.4,0.3425,3.56E-05
540.6,0.3419,3.55E-05
540.8,0.343,3.56E-05
541,0.3438,3.57E-05
541.2,0.3437,3.57E-05
541.4,0.3436,3.57E-05
541.6,0.3435,3.57E-05
541.8,0.3439,3.57E-05
542,0.3446,3.58E-05
542.2,0.3457,3.59E-05
542.4,0.3466,3.60E-05
542.6,0.3465,3.60E-05
542.8,0.3458,3.59E-05
543,0.3466,3.60E-05
543.2,0.3483,3.62E-05
543.4,0.3483,3.62E-05
543.6,0.3473,3.61E-05
543.8,0.3466,3.60E-05
544,0.3466,3.60E-05
544.2,0.3476,3.61E-05
544.4,0.349,3.62E-05
544.6,0.3488,3.62E-05
544.8,0.3481,3.61E-05
545,0.3478,3.61E-05
545.2,0.3478,3.61E-05
545.4,0.3476,3.61E-05
545.6,0.3477,3.61E-05
545.8,0.3481,3.61E-05
546,0.3486,3.62E-05
546.2,0.3491,3.62E-05
546.4,0.3495,3.63E-05
546.6,0.3501,3.63E-05
546.8,0.3507,3.64E-05
547,0.3515,3.65E-05
547.2,0.3515,3.65E-05
547.4,0.3503,3.64E-05
547.6,0.3496,3.63E-05
547.8,0.3502,3.64E-05
548,0.351,3.64E-05
548.2,0.3514,3.65E-05
548.4,0.3516,3.65E-05
548.6,0.3514,3.65E-05
548.8,0.3509,3.64E-05
549,0.3503,3.64E-05
549.2,0.3505,3.64E-05
549.4,0.3516,3.65E-05
549.6,0.3519,3.65E-05
549.8,0.3515,3.65E-05
550,0.3517,3.65E-05
550.2,0.3524,3.66E-05
550.4,0.3524,3.66E-05
550.6,0.352,3.65E-05
550.8,0.3521,3.65E-05
551,0.3525,3.66E-05
551.2,0.3525,3.66E-05
551.4,0.3523,3.66E-05
551.6,0.3532,3.67E-05
551.8,0.3544,3.68E-05
552,0.354,3.67E-05
552.2,0.353,3.66E-05
552.4,0.3527,3.66E-05
552.6,0.3527,3.66E-05
552.8,0.3524,3.66E-05
553,0.3524,3.66E-05
553.2,0.354,3.68E-05
553.4,0.3555,3.69E-05
553.6,0.355,3.69E-05
553.8,0.3543,3.68E-05
554,0.3548,3.68E-05
554.2,0.3551,3.69E-05
554.4,0.3544,3.68E-05
554.6,0.3542,3.68E-05
554.8,0.355,3.68E-05
555,0.3559,3.69E-05
555.2,0.3563,3.70E-05
555.4,0.3564,3.70E-05
555.6,0.3564,3.70E-05
555.8,0.3562,3.70E-05
556,0.356,3.70E-05
556.2,0.3559,3.70E-05
556.4,0.356,3.70E-05
556.6,0.3557,3.69E-05
556.8,0.3551,3.69E-05
557,0.3552,3.69E-05
557.2,0.3559,3.69E-05
557.4,0.3563,3.70E-05
557.6,0.3563,3.70E-05
557.8,0.3561,3.70E-05
558,0.3558,3.69E-05
558.2,0.3558,3.69E-05
558.4,0.3559,3.69E-05
558.6,0.3557,3.69E-05
558.8,0.3553,3.69E-05
559,0.3557,3.69E-05
559.2,0.3565,3.70E-05
559.4,0.3569,3.71E-05
559.6,0.3569,3.71E-05
559.8,0.3566,3.70E-05
560,0.3562,3.70E-05
560.2,0.3566,3.70E-05
560.4,0.3571,3.71E-05
560.6,0.3564,3.70E-05
560.8,0.3556,3.69E-05
561,0.3558,3.69E-05
561.2,0.3563,3.70E-05
561.4,0.3565,3.70E-05
561.6,0.3563,3.70E-05
561.8,0.3552,3.69E-05
562,0.3542,3.68E-05
562.2,0.3545,3.68E-05
562.4,0.3551,3.69E-05
562.6,0.3556,3.69E-05
562.8,0.3558,3.69E-05
563,0.3555,3.69E-05
563.2,0.3552,3.69E-05
563.4,0.3552,3.69E-05
563.6,0.3552,3.69E-05
563.8,0.3553,3.69E-05
564,0.3556,3.69E-05
564.2,0.3562,3.70E-05
564.4,0.3562,3.70E-05
564.6,0.3554,3.69E-05
564.8,0.3548,3.68E-05
565,0.3548,3.68E-05
565.2,0.3548,3.68E-05
565.4,0.3549,3.68E-05
565.6,0.355,3.69E-05
565.8,0.3552,3.69E-05
566,0.3551,3.69E-05
566.2,0.3551,3.69E-05
566.4,0.3552,3.69E-05
566.6,0.3551,3.69E-05
566.8,0.354,3.67E-05
567,0.3527,3.66E-05
567.2,0.3536,3.67E-05
567.4,0.3554,3.69E-05
567.6,0.3552,3.69E-05
567.8,0.3543,3.68E-05
568,0.3542,3.68E-05
568.2,0.3542,3.68E-05
568.4,0.3539,3.67E-05
568.6,0.3534,3.67E-05
568.8,0.3529,3.66E-05
569,0.3527,3.66E-05
569.2,0.3537,3.67E-05
569.4,0.3546,3.68E-05
569.6,0.3546,3.68E-05
569.8,0.3544,3.68E-05
570,0.3542,3.68E-05
570.2,0.3539,3.67E-05
570.4,0.3537,3.67E-05
570.6,0.3534,3.67E-05
570.8,0.3529,3.66E-05
571,0.3523,3.66E-05
571.2,0.352,3.65E-05
571.4,0.3521,3.66E-05
571.6,0.3526,3.66E-05
571.8,0.3524,3.66E-05
572,0.3511,3.65E-05
572.2,0.3507,3.64E-05
572.4,0.3514,3.65E-05
572.6,0.3517,3.65E-05
572.8,0.3514,3.65E-05
573,0.3513,3.65E-05
573.2,0.3517,3.65E-05
573.4,0.3519,3.65E-05
573.6,0.3518,3.65E-05
573.8,0.3517,3.65E-05
574,0.3516,3.65E-05
574.2,0.3511,3.64E-05
574.4,0.3503,3.64E-05
574.6,0.3495,3.63E-05
574.8,0.3489,3.62E-05
575,0.349,3.62E-05
575.2,0.3495,3.63E-05
575.4,0.3501,3.63E-05
575.6,0.3505,3.64E-05
575.8,0.3504,3.64E-05
576,0.3501,3.63E-05
576.2,0.3493,3.63E-05
576.4,0.3485,3.62E-05
576.6,0.3479,3.61E-05
576.8,0.3477,3.61E-05
577,0.3483,3.62E-05
577.2,0.3484,3.62E-05
577.4,0.3465,3.60E-05
577.6,0.345,3.58E-05
577.8,0.3453,3.58E-05
578,0.3463,3.59E-05
578.2,0.3473,3.61E-05
578.4,0.3479,3.61E-05
578.6,0.3477,3.61E-05
578.8,0.3468,3.60E-05
579,0.3457,3.59E-05
579.2,0.3452,3.58E-05
579.4,0.3455,3.59E-05
579.6,0.346,3.59E-05
579.8,0.346,3.59E-05
580,0.3455,3.59E-05
580.2,0.3446,3.58E-05
580.4,0.344,3.57E-05
580.6,0.3437,3.57E-05
580.8,0.3435,3.57E-05
581,0.3433,3.56E-05
581.2,0.3431,3.56E-05
581.4,0.343,3.56E-05
581.6,0.3435,3.57E-05
581.8,0.3443,3.57E-05
582,0.3441,3.57E-05
582.2,0.3432,3.56E-05
582.4,0.3424,3.55E-05
582.6,0.3417,3.55E-05
582.8,0.3412,3.54E-05
583,0.3409,3.54E-05
583.2,0.3415,3.55E-05
583.4,0.3424,3.55E-05
583.6,0.3426,3.56E-05
583.8,0.3421,3.55E-05
584,0.3407,3.54E-05
584.2,0.3393,3.52E-05
584.4,0.3397,3.53E-05
584.6,0.3401,3.53E-05
584.8,0.3391,3.52E-05
585,0.3379,3.51E-05
585.2,0.3376,3.50E-05
585.4,0.3376,3.50E-05
585.6,0.3378,3.51E-05
585.8,0.3381,3.51E-05
586,0.3385,3.51E-05
586.2,0.3385,3.51E-05
586.4,0.3372,3.50E-05
586.6,0.3362,3.49E-05
586.8,0.3364,3.49E-05
587,0.3364,3.49E-05
587.2,0.336,3.49E-05
587.4,0.3354,3.48E-05
587.6,0.3347,3.47E-05
587.8,0.3346,3.47E-05
588,0.3353,3.48E-05
588.2,0.3351,3.48E-05
588.4,0.3338,3.47E-05
588.6,0.3333,3.46E-05
588.8,0.3338,3.47E-05
589,0.3337,3.46E-05
589.2,0.3327,3.45E-05
589.4,0.3321,3.45E-05
589.6,0.3318,3.44E-05
589.8,0.3316,3.44E-05
590,0.3314,3.44E-05
590.2,0.3311,3.44E-05
590.4,0.3307,3.43E-05
590.6,0.3306,3.43E-05
590.8,0.3306,3.43E-05
591,0.3303,3.43E-05
591.2,0.3297,3.42E-05
591.4,0.3288,3.41E-05
591.6,0.328,3.41E-05
591.8,0.3285,3.41E-05
592,0.3292,3.42E-05
592.2,0.3289,3.41E-05
592.4,0.3284,3.41E-05
592.6,0.3288,3.41E-05
592.8,0.329,3.42E-05
593,0.3273,3.40E-05
593.2,0.3255,3.38E-05
593.4,0.3251,3.38E-05
593.6,0.3251,3.37E-05
593.8,0.3245,3.37E-05
594,0.3243,3.37E-05
594.2,0.3255,3.38E-05
594.4,0.3262,3.39E-05
594.6,0.3252,3.38E-05
594.8,0.3239,3.36E-05
595,0.323,3.35E-05
595.2,0.323,3.35E-05
595.4,0.3243,3.37E-05
595.6,0.3246,3.37E-05
595.8,0.3231,3.35E-05
596,0.322,3.34E-05
596.2,0.3221,3.34E-05
596.4,0.3217,3.34E-05
596.6,0.3206,3.33E-05
596.8,0.3199,3.32E-05
597,0.3198,3.32E-05
597.2,0.3199,3.32E-05
597.4,0.32,3.32E-05
597.6,0.3195,3.32E-05
597.8,0.3189,3.31E-05
598,0.3186,3.31E-05
598.2,0.3187,3.31E-05
598.4,0.3182,3.30E-05
598.6,0.3173,3.29E-05
598.8,0.3166,3.29E-05
599,0.316,3.28E-05
599.2,0.3158,3.28E-05
599.4,0.3157,3.28E-05
599.6,0.3155,3.28E-05
599.8,0.3152,3.27E-05
600,0.3149,3.27E-05
600.2,0.3145,3.26E-05
600.4,0.3143,3.26E-05
600.6,0.3141,3.26E-05
600.8,0.3139,3.26E-05
601,0.3134,3.25E-05
601.2,0.3119,3.24E-05
601.4,0.3105,3.22E-05
601.6,0.3102,3.22E-05
601.8,0.3104,3.22E-05
602,0.3107,3.22E-05
602.2,0.3106,3.22E-05
602.4,0.3094,3.21E-05
602.6,0.3084,3.20E-05
602.8,0.3086,3.20E-05
603,0.3088,3.21E-05
603.2,0.3081,3.20E-05
603.4,0.3072,3.19E-05
603.6,0.3062,3.18E-05
603.8,0.3059,3.18E-05
604,0.3064,3.18E-05
604.2,0.3064,3.18E-05
604.4,0.3053,3.17E-05
604.6,0.3047,3.16E-05
604.8,0.3048,3.16E-05
605,0.304,3.16E-05
605.2,0.3022,3.14E-05
605.4,0.3017,3.13E-05
605.6,0.3023,3.14E-05
605.8,0.3018,3.13E-05
606,0.3002,3.12E-05
606.2,0.2991,3.10E-05
606.4,0.2988,3.10E-05
606.6,0.2989,3.10E-05
606.8,0.299,3.10E-05
607,0.2985,3.10E-05
607.2,0.2974,3.09E-05
607.4,0.2965,3.08E-05
607.6,0.2959,3.07E-05
607.8,0.2956,3.07E-05
608,0.2953,3.07E-05
608.2,0.2948,3.06E-05
608.4,0.2942,3.05E-05
608.6,0.2939,3.05E-05
608.8,0.2936,3.05E-05
609,0.2928,3.04E-05
609.2,0.2919,3.03E-05
609.4,0.2912,3.02E-05
609.6,0.2906,3.02E-05
609.8,0.29,3.01E-05
610,0.2896,3.01E-05
610.2,0.2894,3.00E-05
610.4,0.2893,3.00E-05
610.6,0.2893,3.00E-05
610.8,0.2891,3.00E-05
611,0.2885,3.00E-05
611.2,0.2877,2.99E-05
611.4,0.2868,2.98E-05
611.6,0.2862,2.97E-05
611.8,0.2862,2.97E-05
612,0.2858,2.97E-05
612.2,0.2842,2.95E-05
612.4,0.2829,2.94E-05
612.6,0.2823,2.93E-05
612.8,0.2822,2.93E-05
613,0.2822,2.93E-05
613.2,0.2819,2.93E-05
613.4,0.281,2.92E-05
613.6,0.28,2.91E-05
613.8,0.2793,2.90E-05
614,0.2788,2.89E-05
614.2,0.2785,2.89E-05
614.4,0.2777,2.88E-05
614.6,0.2766,2.87E-05
614.8,0.2753,2.86E-05
615,0.2743,2.85E-05
615.2,0.2742,2.85E-05
615.4,0.2744,2.85E-05
615.6,0.2725,2.83E-05
615.8,0.2698,2.80E-05
616,0.2695,2.80E-05
616.2,0.2705,2.81E-05
616.4,0.271,2.81E-05
616.6,0.2709,2.81E-05
616.8,0.2702,2.81E-05
617,0.2692,2.79E-05
617.2,0.2686,2.79E-05
617.4,0.268,2.78E-05
617.6,0.2668,2.77E-05
617.8,0.2658,2.76E-05
618,0.2654,2.76E-05
618.2,0.2652,2.75E-05
618.4,0.2646,2.75E-05
618.6,0.2638,2.74E-05
618.8,0.2631,2.73E-05
619,0.2626,2.73E-05
619.2,0.2624,2.72E-05
619.4,0.2622,2.72E-05
619.6,0.2614,2.71E-05
619.8,0.2604,2.70E-05
620,0.2592,2.69E-05
620.2,0.2579,2.68E-05
620.4,0.2568,2.67E-05
620.6,0.2559,2.66E-05
620.8,0.2554,2.65E-05
621,0.255,2.65E-05
621.2,0.2546,2.64E-05
621.4,0.2539,2.64E-05
621.6,0.2529,2.63E-05
621.8,0.2519,2.62E-05
622,0.251,2.61E-05
622.2,0.2503,2.60E-05
622.4,0.2495,2.59E-05
622.6,0.249,2.59E-05
622.8,0.2486,2.58E-05
623,0.2478,2.57E-05
623.2,0.2467,2.56E-05
623.4,0.2462,2.56E-05
623.6,0.2461,2.55E-05
623.8,0.2456,2.55E-05
624,0.2449,2.54E-05
624.2,0.2439,2.53E-05
624.4,0.243,2.52E-05
624.6,0.2423,2.52E-05
624.8,0.2418,2.51E-05
625,0.2413,2.50E-05
625.2,0.2407,2.50E-05
625.4,0.2404,2.50E-05
625.6,0.2398,2.49E-05
625.8,0.2385,2.48E-05
626,0.2368,2.46E-05
626.2,0.2357,2.45E-05
626.4,0.235,2.44E-05
626.6,0.2346,2.44E-05
626.8,0.2343,2.43E-05
627,0.2338,2.43E-05
627.2,0.2332,2.42E-05
627.4,0.2326,2.41E-05
627.6,0.2318,2.41E-05
627.8,0.2307,2.40E-05
628,0.2296,2.38E-05
628.2,0.2286,2.37E-05
628.4,0.2278,2.36E-05
628.6,0.2275,2.36E-05
628.8,0.2269,2.36E-05
629,0.2259,2.35E-05
629.2,0.2249,2.33E-05
629.4,0.2241,2.33E-05
629.6,0.2236,2.32E-05
629.8,0.2232,2.32E-05
630,0.2226,2.31E-05
630.2,0.2217,2.30E-05
630.4,0.2207,2.29E-05
630.6,0.2197,2.28E-05
630.8,0.2191,2.27E-05
631,0.219,2.27E-05
631.2,0.2186,2.27E-05
631.4,0.2177,2.26E-05
631.6,0.2162,2.24E-05
631.8,0.2144,2.23E-05
632,0.2136,2.22E-05
632.2,0.2136,2.22E-05
632.4,0.2136,2.22E-05
632.6,0.2135,2.22E-05
632.8,0.2132,2.21E-05
633,0.2126,2.21E-05
633.2,0.2114,2.19E-05
633.4,0.21,2.18E-05
633.6,0.209,2.17E-05
633.8,0.2081,2.16E-05
634,0.2066,2.15E-05
634.2,0.2051,2.13E-05
634.4,0.2041,2.12E-05
634.6,0.2036,2.11E-05
634.8,0.2039,2.12E-05
635,0.2041,2.12E-05
635.2,0.2031,2.11E-05
635.4,0.2019,2.10E-05
635.6,0.2021,2.10E-05
635.8,0.2021,2.10E-05
636,0.2009,2.09E-05
636.2,0.1994,2.07E-05
636.4,0.1982,2.06E-05
636.6,0.1972,2.05E-05
636.8,0.1964,2.04E-05
637,0.1958,2.03E-05
637.2,0.1951,2.03E-05
637.4,0.1946,2.02E-05
637.6,0.194,2.01E-05
637.8,0.1933,2.01E-05
638,0.1923,2.00E-05
638.2,0.1918,1.99E-05
638.4,0.1918,1.99E-05
638.6,0.1911,1.98E-05
638.8,0.1894,1.97E-05
639,0.1881,1.95E-05
639.2,0.1875,1.95E-05
639.4,0.1869,1.94E-05
639.6,0.1862,1.93E-05
639.8,0.1854,1.93E-05
640,0.1847,1.92E-05
640.2,0.1837,1.91E-05
640.4,0.1826,1.90E-05
640.6,0.182,1.89E-05
640.8,0.182,1.89E-05
641,0.1813,1.88E-05
641.2,0.1803,1.87E-05
641.4,0.1796,1.86E-05
641.6,0.1791,1.86E-05
641.8,0.1787,1.85E-05
642,0.1781,1.85E-05
642.2,0.1773,1.84E-05
642.4,0.1762,1.83E-05
642.6,0.175,1.82E-05
642.8,0.1741,1.81E-05
643,0.1738,1.80E-05
643.2,0.1736,1.80E-05
643.4,0.1729,1.79E-05
643.6,0.1718,1.78E-05
643.8,0.1708,1.77E-05
644,0.1698,1.76E-05
644.2,0.1693,1.76E-05
644.4,0.1688,1.75E-05
644.6,0.1675,1.74E-05
644.8,0.1661,1.72E-05
645,0.1655,1.72E-05
645.2,0.1651,1.71E-05
645.4,0.1647,1.71E-05
645.6,0.1643,1.71E-05
645.8,0.1636,1.70E-05
646,0.1628,1.69E-05
646.2,0.1621,1.68E-05
646.4,0.1614,1.68E-05
646.6,0.1606,1.67E-05
646.8,0.1598,1.66E-05
647,0.159,1.65E-05
647.2,0.1585,1.65E-05
647.4,0.1585,1.65E-05
647.6,0.1582,1.64E-05
647.8,0.1574,1.63E-05
648,0.1565,1.63E-05
648.2,0.1557,1.62E-05
648.4,0.1551,1.61E-05
648.6,0.1547,1.61E-05
648.8,0.1536,1.59E-05
649,0.1519,1.58E-05
649.2,0.1509,1.57E-05
649.4,0.1504,1.56E-05
649.6,0.1498,1.55E-05
649.8,0.1491,1.55E-05
650,0.1485,1.54E-05
650.2,0.1481,1.54E-05
650.4,0.1475,1.53E-05
650.6,0.1467,1.52E-05
650.8,0.1461,1.52E-05
651,0.1456,1.51E-05
651.2,0.1449,1.50E-05
651.4,0.1442,1.50E-05
651.6,0.1435,1.49E-05
651.8,0.1428,1.48E-05
652,0.1421,1.48E-05
652.2,0.1414,1.47E-05
652.4,0.1406,1.46E-05
652.6,0.14,1.45E-05
652.8,0.1398,1.45E-05
653,0.1397,1.45E-05
653.2,0.1395,1.45E-05
653.4,0.139,1.44E-05
653.6,0.138,1.43E-05
653.8,0.1367,1.42E-05
654,0.135,1.40E-05
654.2,0.1338,1.39E-05
654.4,0.1337,1.39E-05
654.6,0.1337,1.39E-05
654.8,0.1329,1.38E-05
655,0.1321,1.37E-05
655.2,0.1314,1.36E-05
655.4,0.1309,1.36E-05
655.6,0.1309,1.36E-05
655.8,0.1305,1.35E-05
656,0.1296,1.35E-05
656.2,0.1288,1.34E-05
656.4,0.1281,1.33E-05
656.6,0.1276,1.32E-05
656.8,0.1271,1.32E-05
657,0.1263,1.31E-05
657.2,0.1254,1.30E-05
657.4,0.1245,1.29E-05
657.6,0.1239,1.29E-05
657.8,0.1233,1.28E-05
658,0.1228,1.27E-05
658.2,0.1225,1.27E-05
658.4,0.1222,1.27E-05
658.6,0.1214,1.26E-05
658.8,0.1204,1.25E-05
659,0.1196,1.24E-05
659.2,0.1191,1.24E-05
659.4,0.1189,1.23E-05
659.6,0.1188,1.23E-05
659.8,0.1181,1.23E-05
660,0.1171,1.22E-05
660.2,0.1166,1.21E-05
660.4,0.1161,1.21E-05
660.6,0.1156,1.20E-05
660.8,0.1148,1.19E-05
661,0.1133,1.18E-05
661.2,0.1119,1.16E-05
661.4,0.1119,1.16E-05
661.6,0.1122,1.17E-05
661.8,0.1118,1.16E-05
662,0.1111,1.15E-05
662.2,0.1105,1.15E-05
662.4,0.11,1.14E-05
662.6,0.1098,1.14E-05
662.8,0.1094,1.14E-05
663,0.1083,1.12E-05
663.2,0.1072,1.11E-05
663.4,0.1068,1.11E-05
663.6,0.1064,1.10E-05
663.8,0.1054,1.09E-05
664,0.1047,1.09E-05
664.2,0.1047,1.09E-05
664.4,0.1049,1.09E-05
664.6,0.1054,1.09E-05
664.8,0.105,1.09E-05
665,0.1034,1.07E-05
665.2,0.1021,1.06E-05
665.4,0.1015,1.05E-05
665.6,0.1011,1.05E-05
665.8,0.1009,1.05E-05
666,0.1004,1.04E-05
666.2,0.0997,1.03E-05
666.4,0.0991,1.03E-05
666.6,0.0988,1.03E-05
666.8,0.0985,1.02E-05
667,0.098,1.02E-05
667.2,0.0971,1.01E-05
667.4,0.0958,9.94E-06
667.6,0.0951,9.87E-06
667.8,0.0949,9.85E-06
668,0.0949,9.86E-06
668.2,0.0948,9.84E-06
668.4,0.0941,9.77E-06
668.6,0.093,9.66E-06
668.8,0.0922,9.57E-06
669,0.0916,9.51E-06
669.2,0.0915,9.50E-06
669.4,0.0914,9.49E-06
669.6,0.0907,9.41E-06
669.8,0.0897,9.31E-06
670,0.0891,9.25E-06
670.2,0.0887,9.21E-06
670.4,0.0886,9.19E-06
670.6,0.0885,9.19E-06
670.8,0.0885,9.18E-06
671,0.0882,9.16E-06
671.2,0.0875,9.09E-06
671.4,0.0868,9.02E-06
671.6,0.0866,8.99E-06
671.8,0.0866,8.99E-06
672,0.0868,9.01E-06
672.2,0.0866,8.99E-06
672.4,0.0853,8.85E-06
672.6,0.0839,8.71E-06
672.8,0.0833,8.65E-06
673,0.0827,8.58E-06
673.2,0.0818,8.50E-06
673.4,0.0813,8.44E-06
673.6,0.0812,8.43E-06
673.8,0.0815,8.46E-06
674,0.082,8.51E-06
674.2,0.0815,8.46E-06
674.4,0.0798,8.28E-06
674.6,0.0785,8.15E-06
674.8,0.0781,8.11E-06
675,0.0782,8.12E-06
675.2,0.0783,8.13E-06
675.4,0.0782,8.11E-06
675.6,0.0775,8.05E-06
675.8,0.0767,7.96E-06
676,0.0758,7.87E-06
676.2,0.0753,7.81E-06
676.4,0.075,7.78E-06
676.6,0.0747,7.75E-06
676.8,0.0743,7.72E-06
677,0.0741,7.69E-06
677.2,0.0738,7.66E-06
677.4,0.0736,7.64E-06
677.6,0.0732,7.60E-06
677.8,0.0727,7.55E-06
678,0.0721,7.48E-06
678.2,0.0718,7.46E-06
678.4,0.0717,7.44E-06
678.6,0.0714,7.41E-06
678.8,0.071,7.37E-06
679,0.0706,7.33E-06
679.2,0.0703,7.29E-06
679.4,0.0699,7.25E-06
679.6,0.0694,7.20E-06
679.8,0.0688,7.14E-06
680,0.0681,7.07E-06
680.2,0.067,6.95E-06
680.4,0.0661,6.86E-06
680.6,0.0659,6.84E-06
680.8,0.066,6.85E-06
681,0.0659,6.84E-06
681.2,0.0656,6.81E-06
681.4,0.0653,6.78E-06
681.6,0.065,6.74E-06
681.8,0.0648,6.72E-06
682,0.0645,6.70E-06
682.2,0.0641,6.65E-06
682.4,0.0636,6.60E-06
682.6,0.0632,6.56E-06
682.8,0.0627,6.51E-06
683,0.0622,6.45E-06
683.2,0.0619,6.42E-06
683.4,0.0618,6.41E-06
683.6,0.0614,6.37E-06
683.8,0.0607,6.30E-06
684,0.0604,6.27E-06
684.2,0.0607,6.30E-06
684.4,0.0608,6.31E-06
684.6,0.0605,6.28E-06
684.8,0.0598,6.21E-06
685,0.0589,6.11E-06
685.2,0.0582,6.04E-06
685.4,0.0577,5.99E-06
685.6,0.0574,5.96E-06
685.8,0.0572,5.94E-06
686,0.0569,5.91E-06
686.2,0.0566,5.87E-06
686.4,0.0561,5.83E-06
686.6,0.0557,5.79E-06
686.8,0.0556,5.78E-06
687,0.0557,5.78E-06
687.2,0.0554,5.75E-06
687.4,0.055,5.71E-06
687.6,0.0545,5.66E-06
687.8,0.054,5.61E-06
688,0.0538,5.58E-06
688.2,0.0536,5.56E-06
688.4,0.0532,5.52E-06
688.6,0.0529,5.49E-06
688.8,0.053,5.50E-06
689,0.0531,5.51E-06
689.2,0.0525,5.45E-06
689.4,0.0519,5.38E-06
689.6,0.0514,5.34E-06
689.8,0.0512,5.31E-06
690,0.0512,5.31E-06
690.2,0.051,5.30E-06
690.4,0.0504,5.23E-06
690.6,0.0498,5.17E-06
690.8,0.0498,5.17E-06
691,0.0497,5.16E-06
691.2,0.0491,5.10E-06
691.4,0.0487,5.05E-06
691.6,0.0487,5.05E-06
691.8,0.0485,5.03E-06
692,0.0478,4.96E-06
692.2,0.0473,4.91E-06
692.4,0.0471,4.89E-06
692.6,0.0472,4.90E-06
692.8,0.0475,4.93E-06
693,0.0472,4.90E-06
693.2,0.0464,4.82E-06
693.4,0.046,4.77E-06
693.6,0.0461,4.78E-06
693.8,0.0458,4.76E-06
694,0.0451,4.68E-06
694.2,0.0448,4.65E-06
694.4,0.0449,4.66E-06
694.6,0.0447,4.64E-06
694.8,0.0442,4.59E-06
695,0.044,4.57E-06
695.2,0.044,4.56E-06
695.4,0.0437,4.54E-06
695.6,0.0434,4.50E-06
695.8,0.0431,4.48E-06
696,0.043,4.46E-06
696.2,0.0426,4.43E-06
696.4,0.0423,4.39E-06
696.6,0.0422,4.38E-06
696.8,0.0422,4.38E-06
697,0.0414,4.30E-06
697.2,0.0407,4.22E-06
697.4,0.041,4.26E-06
697.6,0.0415,4.31E-06
697.8,0.0408,4.23E-06
698,0.0398,4.13E-06
698.2,0.0396,4.11E-06
698.4,0.0396,4.11E-06
698.6,0.0393,4.08E-06
698.8,0.039,4.05E-06
699,0.0387,4.02E-06
699.2,0.0384,3.99E-06
699.4,0.0383,3.98E-06
699.6,0.0381,3.95E-06
699.8,0.0374,3.88E-06
700,0.0368,3.82E-06
700.2,0.0366,3.80E-06
700.4,0.0364,3.78E-06
700.6,0.0362,3.76E-06
700.8,0.0361,3.75E-06
701,0.0361,3.74E-06
701.2,0.0361,3.75E-06
701.4,0.0361,3.74E-06
701.6,0.0358,3.71E-06
701.8,0.0351,3.65E-06
702,0.035,3.63E-06
702.2,0.0354,3.68E-06
702.4,0.0353,3.67E-06
702.6,0.0345,3.58E-06
702.8,0.034,3.52E-06
703,0.0338,3.51E-06
703.2,0.0341,3.54E-06
703.4,0.0346,3.59E-06
703.6,0.0344,3.58E-06
703.8,0.0338,3.50E-06
704,0.0333,3.46E-06
704.2,0.0331,3.44E-06
704.4,0.0325,3.38E-06
704.6,0.0317,3.30E-06
704.8,0.0317,3.29E-06
705,0.032,3.32E-06
705.2,0.0321,3.33E-06
705.4,0.032,3.33E-06
705.6,0.0317,3.30E-06
705.8,0.0314,3.26E-06
706,0.0316,3.28E-06
706.2,0.0318,3.30E-06
706.4,0.0314,3.26E-06
706.6,0.0308,3.20E-06
706.8,0.0306,3.18E-06
707,0.0305,3.16E-06
707.2,0.0304,3.16E-06
707.4,0.0303,3.14E-06
707.6,0.0297,3.09E-06
707.8,0.0292,3.03E-06
708,0.0291,3.02E-06
708.2,0.0291,3.02E-06
708.4,0.0289,3.00E-06
708.6,0.0287,2.98E-06
708.8,0.0288,2.99E-06
709,0.0289,3.00E-06
709.2,0.0291,3.02E-06
709.4,0.029,3.01E-06
709.6,0.0283,2.93E-06
709.8,0.0277,2.88E-06
710,0.0278,2.89E-06
710.2,0.0279,2.90E-06
710.4,0.0277,2.88E-06
710.6,0.0275,2.85E-06
710.8,0.0271,2.82E-06
711,0.0269,2.79E-06
711.2,0.0268,2.78E-06
711.4,0.0266,2.76E-06
711.6,0.0263,2.73E-06
711.8,0.026,2.70E-06
712,0.0259,2.69E-06
712.2,0.026,2.70E-06
712.4,0.0263,2.73E-06
712.6,0.0261,2.71E-06
712.8,0.0256,2.65E-06
713,0.0249,2.59E-06
713.2,0.0245,2.54E-06
713.4,0.0247,2.57E-06
713.6,0.0253,2.63E-06
713.8,0.0251,2.60E-06
714,0.0243,2.52E-06
714.2,0.024,2.49E-06
714.4,0.0241,2.50E-06
714.6,0.0239,2.49E-06
714.8,0.0237,2.46E-06
715,0.0238,2.47E-06
715.2,0.0239,2.48E-06
715.4,0.0235,2.44E-06
715.6,0.0231,2.40E-06
715.8,0.023,2.38E-06
716,0.0229,2.38E-06
716.2,0.0225,2.33E-06
716.4,0.022,2.29E-06
716.6,0.0222,2.30E-06
716.8,0.0224,2.33E-06
717,0.0223,2.32E-06
717.2,0.0222,2.30E-06
717.4,0.0221,2.29E-06
717.6,0.022,2.28E-06
717.8,0.022,2.29E-06
718,0.022,2.29E-06
718.2,0.0219,2.27E-06
718.4,0.0216,2.24E-06
718.6,0.0211,2.19E-06
718.8,0.0207,2.15E-06
719,0.0207,2.15E-06
719.2,0.0207,2.15E-06
719.4,0.0206,2.14E-06
719.6,0.0206,2.14E-06
719.8,0.0208,2.16E-06
720,0.0207,2.15E-06
720.2,0.0204,2.12E-06
720.4,0.0201,2.09E-06
720.6,0.0201,2.09E-06
720.8,0.0199,2.07E-06
721,0.0196,2.04E-06
721.2,0.0195,2.03E-06
721.4,0.0197,2.04E-06
721.6,0.0197,2.05E-06
721.8,0.0196,2.03E-06
722,0.0194,2.01E-06
722.2,0.0192,2.00E-06
722.4,0.0191,1.98E-06
722.6,0.019,1.98E-06
722.8,0.0189,1.96E-06
723,0.0186,1.93E-06
723.2,0.0182,1.89E-06
723.4,0.0177,1.84E-06
723.6,0.0174,1.81E-06
723.8,0.0173,1.80E-06
724,0.0176,1.82E-06
724.2,0.0179,1.86E-06
724.4,0.0177,1.83E-06
724.6,0.0173,1.80E-06
724.8,0.0176,1.83E-06
725,0.018,1.87E-06
725.2,0.0179,1.86E-06
725.4,0.0176,1.83E-06
725.6,0.0175,1.82E-06
725.8,0.0174,1.81E-06
726,0.017,1.77E-06
726.2,0.0166,1.73E-06
726.4,0.0164,1.70E-06
726.6,0.0163,1.69E-06
726.8,0.0164,1.70E-06
727,0.0164,1.70E-06
727.2,0.0163,1.69E-06
727.4,0.0162,1.68E-06
727.6,0.016,1.66E-06
727.8,0.0159,1.65E-06
728,0.016,1.66E-06
728.2,0.016,1.66E-06
728.4,0.0159,1.65E-06
728.6,0.0159,1.65E-06
728.8,0.0161,1.67E-06
729,0.0161,1.67E-06
729.2,0.0158,1.64E-06
729.4,0.0152,1.58E-06
729.6,0.0145,1.50E-06
729.8,0.0141,1.46E-06
730,0.0143,1.49E-06
730.2,0.0148,1.53E-06
730.4,0.0152,1.57E-06
730.6,0.0151,1.57E-06
730.8,0.0147,1.53E-06
731,0.0147,1.52E-06
731.2,0.015,1.56E-06
731.4,0.0147,1.53E-06
731.6,0.0139,1.45E-06
731.8,0.0137,1.42E-06
732,0.014,1.45E-06
732.2,0.014,1.45E-06
732.4,0.0138,1.43E-06
732.6,0.0138,1.43E-06
732.8,0.014,1.45E-06
733,0.0138,1.43E-06
733.2,0.0135,1.40E-06
733.4,0.0134,1.39E-06
733.6,0.0133,1.38E-06
733.8,0.0133,1.38E-06
734,0.0134,1.39E-06
734.2,0.0138,1.43E-06
734.4,0.014,1.46E-06
734.6,0.0134,1.40E-06
734.8,0.0127,1.32E-06
735,0.0126,1.31E-06
735.2,0.0127,1.32E-06
735.4,0.0128,1.32E-06
735.6,0.0128,1.33E-06
735.8,0.0128,1.33E-06
736,0.0127,1.32E-06
736.2,0.0126,1.31E-06
736.4,0.0125,1.30E-06
736.6,0.0129,1.34E-06
736.8,0.013,1.35E-06
737,0.0123,1.28E-06
737.2,0.0119,1.24E-06
737.4,0.0124,1.28E-06
737.6,0.0127,1.32E-06
737.8,0.0124,1.29E-06
738,0.012,1.25E-06
738.2,0.0118,1.22E-06
738.4,0.0115,1.20E-06
738.6,0.0114,1.18E-06
738.8,0.0116,1.20E-06
739,0.0121,1.26E-06
739.2,0.0122,1.27E-06
739.4,0.0117,1.21E-06
739.6,0.011,1.14E-06
739.8,0.0105,1.09E-06
740,0.0104,1.08E-06
740.2,0.0107,1.11E-06
740.4,0.0109,1.13E-06
740.6,0.011,1.14E-06
740.8,0.0108,1.12E-06
741,0.0105,1.09E-06
741.2,0.0103,1.07E-06
741.4,0.0103,1.07E-06
741.6,0.0107,1.11E-06
741.8,0.0111,1.15E-06
742,0.0108,1.13E-06
742.2,0.0103,1.06E-06
742.4,0.0098,1.01E-06
742.6,0.0096,9.94E-07
742.8,0.0102,1.06E-06
743,0.011,1.14E-06
743.2,0.0106,1.10E-06
743.4,0.0097,1.01E-06
743.6,0.0095,9.88E-07
743.8,0.0097,1.01E-06
744,0.01,1.04E-06
744.2,0.0103,1.07E-06
744.4,0.0104,1.08E-06
744.6,0.0103,1.07E-06
744.8,0.0095,9.83E-07
745,0.0088,9.12E-07
745.2,0.009,9.32E-07
745.4,0.0093,9.70E-07
745.6,0.0094,9.75E-07
745.8,0.0094,9.77E-07
746,0.0095,9.87E-07
746.2,0.0096,9.94E-07
746.4,0.0096,9.91E-07
746.6,0.0094,9.72E-07
746.8,0.009,9.29E-07
747,0.0086,8.95E-07
747.2,0.0086,8.89E-07
747.4,0.0087,9.05E-07
747.6,0.009,9.39E-07
747.8,0.0092,9.56E-07
748,0.0091,9.40E-07
748.2,0.0088,9.15E-07
748.4,0.0086,8.89E-07
748.6,0.0083,8.65E-07
748.8,0.0082,8.49E-07
749,0.0082,8.48E-07
749.2,0.0083,8.63E-07
749.4,0.0085,8.80E-07
749.6,0.0086,8.89E-07
749.8,0.0085,8.78E-07
750,0.0082,8.53E-07
750.2,0.0082,8.49E-07
750.4,0.0083,8.62E-07
750.6,0.0083,8.57E-07
750.8,0.0081,8.40E-07
751,0.008,8.35E-07
751.2,0.008,8.33E-07
751.4,0.0077,8.03E-07
751.6,0.0074,7.73E-07
751.8,0.0078,8.14E-07
752,0.0084,8.72E-07
752.2,0.0081,8.43E-07
752.4,0.0075,7.77E-07
752.6,0.0073,7.53E-07
752.8,0.0072,7.47E-07
753,0.007,7.28E-07
753.2,0.0069,7.16E-07
753.4,0.0072,7.44E-07
753.6,0.0075,7.74E-07
753.8,0.0073,7.61E-07
754,0.0071,7.33E-07
754.2,0.0068,7.08E-07
754.4,0.0067,6.92E-07
754.6,0.0068,7.01E-07
754.8,0.0069,7.21E-07
755,0.0072,7.46E-07
755.2,0.0072,7.50E-07
755.4,0.0067,7.00E-07
755.6,0.0066,6.83E-07
755.8,0.0073,7.60E-07
756,0.0078,8.11E-07
756.2,0.0074,7.68E-07
756.4,0.007,7.22E-07
756.6,0.0069,7.12E-07
756.8,0.0068,7.11E-07
757,0.0069,7.12E-07
757.2,0.007,7.23E-07
757.4,0.0071,7.42E-07
757.6,0.0071,7.40E-07
757.8,0.0068,7.11E-07
758,0.0068,7.01E-07
758.2,0.0068,7.11E-07
758.4,0.0065,6.70E-07
758.6,0.0056,5.86E-07
758.8,0.0056,5.77E-07
759,0.0062,6.42E-07
759.2,0.0064,6.61E-07
759.4,0.0061,6.32E-07
759.6,0.0061,6.33E-07
759.8,0.0064,6.60E-07
760,0.0066,6.87E-07
760.2,0.0067,6.98E-07
760.4,0.0063,6.59E-07
760.6,0.0058,5.99E-07
760.8,0.0056,5.83E-07
761,0.0058,5.99E-07
761.2,0.006,6.26E-07
761.4,0.0062,6.49E-07
761.6,0.0062,6.43E-07
761.8,0.006,6.24E-07
762,0.0058,6.03E-07
762.2,0.0057,5.93E-07
762.4,0.006,6.19E-07
762.6,0.0062,6.45E-07
762.8,0.0059,6.17E-07
763,0.0057,5.88E-07
763.2,0.006,6.25E-07
763.4,0.0064,6.60E-07
763.6,0.0061,6.28E-07
763.8,0.0056,5.84E-07
764,0.0054,5.57E-07
764.2,0.0052,5.43E-07
764.4,0.0053,5.51E-07
764.6,0.0054,5.57E-07
764.8,0.0052,5.43E-07
765,0.005,5.18E-07
765.2,0.0047,4.83E-07
765.4,0.0047,4.86E-07
765.6,0.0054,5.56E-07
765.8,0.0057,5.88E-07
766,0.0051,5.34E-07
766.2,0.0049,5.05E-07
766.4,0.0052,5.37E-07
766.6,0.0051,5.28E-07
766.8,0.0044,4.56E-07
767,0.0041,4.26E-07
767.2,0.0045,4.65E-07
767.4,0.0048,5.02E-07
767.6,0.005,5.15E-07
767.8,0.005,5.17E-07
768,0.0049,5.06E-07
768.2,0.0046,4.73E-07
768.4,0.0042,4.34E-07
768.6,0.0043,4.44E-07
768.8,0.0047,4.92E-07
769,0.0048,5.03E-07
769.2,0.0047,4.90E-07
769.4,0.005,5.17E-07
769.6,0.0054,5.62E-07
769.8,0.0054,5.56E-07
770,0.0049,5.13E-07
770.2,0.0044,4.61E-07
770.4,0.0041,4.25E-07
770.6,0.0044,4.60E-07
770.8,0.0049,5.11E-07
771,0.0046,4.77E-07
771.2,0.004,4.15E-07
771.4,0.0039,4.10E-07
771.6,0.0041,4.28E-07
771.8,0.0042,4.40E-07
772,0.0043,4.42E-07
772.2,0.004,4.13E-07
772.4,0.0038,3.90E-07
772.6,0.0041,4.27E-07
772.8,0.0045,4.66E-07
773,0.0044,4.60E-07
773.2,0.0043,4.45E-07
773.4,0.0042,4.38E-07
773.6,0.0042,4.36E-07
773.8,0.0043,4.42E-07
774,0.0043,4.49E-07
774.2,0.0044,4.54E-07
774.4,0.0044,4.54E-07
774.6,0.0043,4.48E-07
774.8,0.0041,4.21E-07
775,0.0035,3.65E-07
775.2,0.0034,3.49E-07
775.4,0.0039,4.01E-07
775.6,0.0042,4.41E-07
775.8,0.0042,4.39E-07
776,0.0042,4.34E-07
776.2,0.0042,4.39E-07
776.4,0.0044,4.58E-07
776.6,0.0047,4.85E-07
776.8,0.0045,4.68E-07
777,0.004,4.14E-07
777.2,0.004,4.11E-07
777.4,0.0044,4.56E-07
777.6,0.0044,4.61E-07
777.8,0.0039,4.05E-07
778,0.0033,3.38E-07
778.2,0.0027,2.85E-07
778.4,0.0022,2.32E-07
778.6,0.0017,1.78E-07
778.8,0.0012,1.25E-07
779,0.0007,7.09E-08
779.2,0.0002,1.68E-08
779.4,0,0.00E+00
779.6,0,0.00E+00
779.8,0,0.00E+00
780,0,0.00E+00
