wavelength_nm,R_component_W_nm,G_component_W_nm,B_component_W_nm,S_RGB_target_W_nm,S_single_white_W_nm
380,2.9722400307389e-07,5.31330801148069e-08,3.03605135535259e-07,6.53962218723955e-07,6.21198261048665e-07
385,2.91175295525124e-08,1.16807917612827e-07,3.25337889512322e-07,4.71263336677662e-07,1.04361307856176e-06
390,1.30006223960757e-07,1.39368744153045e-07,2.38459147215559e-07,5.07834115329362e-07,3.49858860622608e-07
395,1.25898606975802e-07,2.40720817699083e-07,2.90798100720152e-07,6.57417525395037e-07,0
400,4.25868828675413e-08,5.50038274001558e-08,2.65563014773243e-07,3.63153725040941e-07,1.48093665434002e-07
405,1.30076489682524e-08,6.68724653321529e-08,4.14817243980724e-07,4.94697358281129e-07,2.61400228249278e-07
410,4.67003553293106e-08,1.14852311687731e-07,7.01381182170167e-07,8.62933849187209e-07,6.30143516007766e-07
415,3.06504933823931e-08,9.26502057609917e-08,1.30775507545684e-06,1.43105577460023e-06,1.61014589263814e-06
420,5.93803903698249e-08,1.98773649187393e-07,2.72907457187621e-06,2.98722861143343e-06,2.58418476596245e-06
425,6.23608280681033e-08,1.51538244535058e-07,5.83791693122894e-06,6.0518160038321e-06,4.74098512832341e-06
430,4.50286166989403e-08,1.19905257963621e-07,1.23296460581719e-05,1.24945799328345e-05,9.22355178005058e-06
435,5.32262842384093e-08,1.08241052209199e-07,2.16334341152319e-05,2.17949014516795e-05,1.68965927005237e-05
440,7.81530490352089e-09,8.34584721919475e-08,3.30186266978041e-05,3.31099004748995e-05,3.2600484739834e-05
445,2.39348470245239e-09,9.59905503983364e-08,5.26342994095131e-05,5.27326834446139e-05,6.70894121932559e-05
450,4.12635451075985e-10,1.30956167185322e-07,8.46976258573332e-05,8.48289946599696e-05,0.00010237347342082
455,4.10878808031813e-09,1.23156886750321e-07,9.4072898078106e-05,9.42001637529366e-05,8.27933042325661e-05
460,4.49671341923943e-08,3.35974640815973e-07,6.02518714439269e-05,6.06328132189353e-05,5.10873449886422e-05
465,1.11833751668799e-08,5.11427592916315e-07,3.51448558451692e-05,3.56674668132524e-05,3.98560804288824e-05
470,1.48802304533397e-08,9.53348245457399e-07,2.37191512136921e-05,2.46873796896028e-05,2.9320557921497e-05
475,1.26891110295759e-08,1.85049692813638e-06,1.38041539542826e-05,1.56673399934486e-05,2.06734781276996e-05
480,0,3.43137481452865e-06,7.67180590633495e-06,1.11031807208636e-05,1.85862519705761e-05
485,6.63601187320014e-09,6.27221064063067e-06,4.8653663894532e-06,1.11442130419571e-05,1.9083210579415e-05
490,1.34028936531911e-08,1.11874544874763e-05,3.04702881376553e-06,1.4247886194895e-05,2.05740864059318e-05
495,2.28855455794718e-08,1.93315695767252e-05,1.81794552360149e-06,2.11724006459061e-05,2.28600960065909e-05
500,1.11186721480862e-08,3.30852264743924e-05,1.15527295073984e-06,3.42516180972804e-05,2.59412393813923e-05
505,2.33346606510984e-08,5.48418245424555e-05,8.05575558273069e-07,5.56707347613796e-05,2.85254241473547e-05
510,3.58179516706655e-08,8.20930195341876e-05,5.74186417011564e-07,8.27030239028698e-05,3.04138668609427e-05
515,2.10437053476576e-08,0.000102300947426854,4.37111939281307e-07,0.000102759103071482,3.19047426874595e-05
520,1.21442589120419e-08,9.99866208882776e-05,3.50337744207525e-07,0.000100349102891397,3.27992681833695e-05
525,2.852700471583e-08,7.95009738109825e-05,3.07551793202771e-07,7.98370526089011e-05,3.36937936792796e-05
530,1.07339673214125e-08,5.8710607072775e-05,2.58832787293876e-07,5.89801738273903e-05,3.42901440098863e-05
535,9.55203932652553e-09,4.48593627393977e-05,2.24436750933305e-07,4.50933515296576e-05,3.48864943404931e-05
540,2.33068471362324e-08,3.39183840282798e-05,1.95673196210805e-07,3.41373640716268e-05,3.54828446710998e-05
545,1.59473911026741e-08,2.41511545933096e-05,1.65524390783815e-07,2.43326263751961e-05,3.58804115581709e-05
550,2.47862333532658e-08,1.65636350365883e-05,1.5201166221359e-07,1.67404329321551e-05,3.62779784452421e-05
555,3.3660208464741e-08,1.15623753867256e-05,1.31847116581234e-07,1.17278827117716e-05,3.66755453323132e-05
560,3.1218474633342e-08,8.29531775643583e-06,1.20506356568428e-07,8.44704258763761e-06,3.6774937054081e-05
565,3.24247028570068e-08,5.88147517670109e-06,1.07973758213646e-07,6.02187363777174e-06,3.65761536105454e-05
570,6.4255074817402e-08,4.0952008100102e-06,1.06984480116193e-07,4.26644036494379e-06,3.65761536105454e-05
575,7.49764528636647e-08,2.82151119950491e-06,9.00295342293367e-08,2.98651718659791e-06,3.59798032799387e-05
580,1.27655250019974e-07,1.98060065171332e-06,8.32692494233626e-08,2.19152515115666e-06,3.56816281146353e-05
585,2.4082697814075e-07,1.42250080693573e-06,7.69833476416624e-08,1.74031113271814e-06,3.48864943404931e-05
590,5.32614170992927e-07,1.05425288253931e-06,7.6894482502129e-08,1.66376153603437e-06,3.41907522881185e-05
595,1.30489300797904e-06,7.67932117608486e-07,6.34340275433947e-08,2.13625915313092e-06,3.32962267922085e-05
600,3.62541846933016e-06,5.61147041386723e-07,6.73192637174061e-08,4.25388477443428e-06,3.25010930180662e-05
605,8.3212181002424e-06,4.22596025943974e-07,5.6200666553434e-08,8.80001479273981e-06,3.14077840786205e-05
610,1.63359019892768e-05,3.40877155866856e-07,5.47997337654959e-08,1.67315788789092e-05,2.99169082521037e-05
615,3.01849829756876e-05,2.52620313318261e-07,4.53917905375416e-08,3.04829950795434e-05,2.83266407038191e-05
620,5.45203446142826e-05,2.01539269400992e-07,4.3952959381273e-08,5.47658368430649e-05,2.67363731555346e-05
625,9.42029109821264e-05,1.83321662331501e-07,4.45070596630695e-08,9.4430739704121e-05,2.48479304419466e-05
630,0.000147279880561781,1.51896965148537e-07,3.9533225529774e-08,0.000147471310752459,2.29594877283587e-05
635,0.000187448451505179,1.02995245388426e-07,2.79154153760703e-08,0.000187579362165944,2.10710450147707e-05
640,0.000117250067721662,9.88757441497611e-08,3.72201182213314e-08,0.000117386163584033,1.9083210579415e-05
645,4.6360737674104e-05,8.39830528740247e-08,2.77638219027487e-08,4.64724845488808e-05,1.70953761440593e-05
650,1.8847608768602e-05,6.81762026155507e-08,2.81049072177224e-08,1.89438898784352e-05,1.53063251522391e-05
655,8.03927689165281e-06,6.18658055870336e-08,2.9717548132196e-08,8.13086024537204e-06,1.36166658821867e-05
660,3.93224545437885e-06,5.43673876020474e-08,1.79324624217236e-08,4.00454530440262e-06,1.21257900556699e-05
665,2.17832520692539e-06,3.33706600808168e-08,1.73992715845232e-08,2.22909513859073e-06,1.06349142291532e-05
670,1.23934094504736e-06,4.68651124061636e-08,2.32330066268329e-08,1.30943906408036e-06,9.19373426352025e-06
675,7.0453097024922e-07,4.820356458764e-08,1.68530123444503e-08,7.6958754718131e-07,8.07060780754426e-06
680,4.23673024870199e-07,4.7852558395956e-08,2.1720992414478e-08,4.93246575680633e-07,7.0269947289825e-06
685,2.67141490942445e-07,4.18005944975798e-08,1.49554802473549e-08,3.2389756568738e-07,6.07283420001175e-06
690,1.88713234496983e-07,4.99547383351625e-08,1.79925770749373e-08,2.56660549907083e-07,5.27770042586946e-06
695,1.43667051367601e-07,2.06549786357009e-08,1.00113113885802e-08,1.74333341391882e-07,4.54220168478784e-06
700,1.16576687888063e-07,2.09542982013567e-08,1.48326372603529e-08,1.52363623349772e-07,3.79676377152944e-06
705,1.04845240091401e-07,4.09944374199758e-08,1.01090630420669e-08,1.55948740553444e-07,3.29980516269051e-06
710,7.50057302477342e-08,3.04630945061859e-08,3.14987714437256e-09,1.08618701898293e-07,2.87242075908903e-06
715,4.91684388063722e-08,1.35114240532963e-09,1.91412896874351e-09,5.24337101804453e-08,2.45497552766433e-06
720,5.36303121385688e-08,4.06472884391895e-09,4.95958957416434e-09,6.26546305566521e-08,2.13692201800741e-06
725,5.96614532568924e-08,5.71985804009053e-08,1.4403993646133e-08,1.31264027303931e-07,1.85862519705761e-06
730,5.88621806717942e-08,4.20744564713113e-08,9.18068370200045e-09,1.10117320845106e-07,1.48093665434002e-06
735,2.3885661019287e-08,7.82782379564349e-09,4.33452786476991e-09,3.60480126797004e-08,1.302031555158e-06
740,3.25828007309822e-08,5.27087869160679e-09,5.53237767206854e-09,4.33860570946576e-08,1.07343059509209e-06
745,1.63177500111537e-08,6.68184643795862e-11,0,1.63845684755333e-08,9.06452502522213e-07
750,4.09239274523919e-08,1.36915558022155e-08,7.19886040637709e-09,6.18143436609845e-08,8.47811386679219e-07
755,3.75745947148375e-08,3.0604268425039e-08,1.32539741933479e-08,8.14328373332244e-08,7.41462244387687e-07
760,4.20833118615454e-08,1.92332106988357e-08,7.14671747891559e-09,6.84632400392967e-08,6.82821128544693e-07
765,5.99747212664365e-09,2.01192120420205e-09,1.05999122539602e-09,9.06938455624172e-09,5.14849118757134e-07
770,3.1156992126796e-08,2.1529022625103e-08,6.74996076770473e-09,5.94359755196038e-08,5.09879532668745e-07
775,1.99112561318481e-08,1.7430350325285e-08,3.84772985776714e-09,4.11893363149002e-08,3.62779784452421e-07
780,2.3238045283669e-07,2.7893420606187e-07,5.00219256752888e-08,5.61336584573849e-07,0
