index,name,R_hex,G_hex,B_hex,R,G,B,x,y
1,绿色 001,37,FC,00,55,252,0,0.3201,0.6091
2,绿色 002,37,FB,00,55,251,0,0.3207,0.6065
3,绿色 003,37,FA,00,55,250,0,0.3193,0.6055
4,绿色 004,38,F8,00,56,248,0,0.3197,0.6002
5,绿色 005,37,F2,00,55,242,0,0.3164,0.5893
6,绿色 006,36,ED,05,54,237,5,0.3104,0.5675
7,绿色 007,35,E6,0B,53,230,11,0.3044,0.5437
8,绿色 008,32,D6,15,50,214,21,0.2926,0.5047
9,绿色 009,34,E4,2A,52,228,42,0.2756,0.4524
10,绿色 010,39,FA,41,57,250,65,0.2639,0.4137
11,青绿色 011,3A,FD,5A,58,253,90,0.2520,0.3748
12,青绿色 012,38,F9,6A,56,249,106,0.2442,0.3518
13,青色 013,37,F2,7C,55,242,124,0.2369,0.3270
14,青色 014,34,E7,8F,52,231,143,0.2295,0.3028
15,青色 015,33,E2,97,51,226,151,0.2265,0.2921
16,青色 016,31,D7,A6,49,215,166,0.2212,0.2734
17,绿色 017,2B,BE,00,43,190,0,0.3250,0.6063
18,绿色 018,3A,FC,00,58,252,0,0.3245,0.6035
19,绿色 019,3A,FB,00,58,251,0,0.3238,0.6011
20,绿色 020,39,F9,00,57,249,0,0.3221,0.5984
21,绿色 021,37,F1,01,55,241,1,0.3164,0.5849
22,绿色 022,37,E8,0B,55,232,11,0.3075,0.5438
23,绿色 023,34,DF,10,52,223,16,0.2994,0.5265
24,绿色 024,32,D4,1B,50,212,27,0.2882,0.4839
25,绿色 025,36,EA,2E,54,234,46,0.2739,0.4443
26,青绿色 026,3B,FD,4A,59,253,74,0.2608,0.3995
27,青绿色 027,3A,FA,67,58,250,103,0.2470,0.3560
28,青色 028,38,F1,7C,56,241,124,0.2381,0.3266
29,青色 029,35,E8,8D,53,232,141,0.2306,0.3044
30,青色 030,33,DA,A2,51,218,162,0.2234,0.2788
31,天蓝色 031,30,D1,AF,48,209,175,0.2179,0.2633
32,天蓝色 032,2F,CF,B2,47,207,178,0.2169,0.2597
33,绿色 033,31,BD,00,49,189,0,0.3339,0.5947
34,绿色 034,40,FC,00,64,252,0,0.3314,0.5938
35,绿色 035,3F,FA,00,63,250,0,0.3295,0.5906
36,黄绿色 036,40,F5,01,64,245,1,0.3281,0.5758
37,绿色 037,40,F1,07,64,241,7,0.3216,0.5531
38,绿色 038,3B,E7,0E,59,231,14,0.3098,0.5302
39,绿色 039,36,D6,18,54,214,24,0.2967,0.4930
40,绿色 040,38,DF,26,56,223,38,0.2844,0.4574
41,绿色 041,40,FC,45,64,252,69,0.2687,0.4061
42,青绿色 042,3E,FD,5C,62,253,92,0.2557,0.3715
43,青绿色 043,3C,F4,76,60,244,118,0.2437,0.3353
44,青色 044,38,E6,8F,56,230,143,0.2329,0.3021
45,青色 045,34,D9,A3,52,217,163,0.2247,0.2771
46,天蓝色 046,31,CB,B6,49,203,182,0.2177,0.2549
47,天蓝色 047,2F,C3,C0,47,195,192,0.2136,0.2432
48,天蓝色 048,2C,B6,C7,44,182,199,0.2102,0.2312
49,黄绿色 049,4E,FD,00,78,253,0,0.3492,0.5763
50,黄绿色 050,50,FB,00,80,251,0,0.3494,0.5667
51,黄绿色 051,4D,F9,02,77,249,2,0.3428,0.5610
52,黄绿色 052,48,F6,05,72,246,5,0.3340,0.5547
53,黄绿色 053,4A,EE,11,74,238,17,0.3250,0.5099
54,绿色 054,42,DE,18,66,222,24,0.3108,0.4880
55,绿色 055,42,E4,2A,66,228,42,0.2938,0.4450
56,绿色 056,48,FA,40,72,250,64,0.2809,0.4111
57,青绿色 057,47,FC,5E,71,252,94,0.2639,0.3673
58,青绿色 058,43,F6,70,67,246,112,0.2530,0.3422
59,青色 059,3E,E2,93,62,226,147,0.2370,0.2955
60,青色 060,39,DA,A0,57,218,160,0.2297,0.2804
61,天蓝色 061,35,C3,BC,53,195,188,0.2201,0.2465
62,天蓝色 062,30,AD,CF,48,173,207,0.2118,0.2213
63,天蓝色 063,2B,9A,E3,43,154,227,0.2045,0.1990
64,蓝色 064,29,92,EB,41,146,235,0.2012,0.1900
65,黄绿色 065,61,FD,00,97,253,0,0.3689,0.5532
66,黄绿色 066,5E,FC,02,94,252,2,0.3620,0.5477
67,黄绿色 067,61,FB,07,97,251,7,0.3585,0.5281
68,黄绿色 068,60,FA,0F,96,250,15,0.3497,0.5067
69,黄绿色 069,58,EF,18,88,239,24,0.3333,0.4826
70,绿色 070,4F,DE,23,79,222,35,0.3175,0.4517
71,绿色 071,57,F8,3C,87,248,60,0.2997,0.4131
72,绿色 072,38,A9,36,56,169,54,0.2829,0.3839
73,青绿色 073,51,F5,6D,81,245,109,0.2662,0.3436
74,青色 074,4B,E8,86,75,232,134,0.2527,0.3112
75,天蓝色 075,44,D6,A0,68,214,160,0.2389,0.2784
76,天蓝色 076,3D,BF,B6,61,191,182,0.2283,0.2487
77,天蓝色 077,35,A3,D4,53,163,212,0.2156,0.2135
78,蓝色 078,30,8F,EB,48,143,235,0.2070,0.1893
79,蓝色 079,1E,54,B6,30,84,182,0.1989,0.1652
80,蓝色 080,1B,4E,B7,27,78,183,0.1956,0.1584
81,黄绿色 081,76,FA,00,118,250,0,0.3909,0.5331
82,黄色 082,78,FA,04,120,250,4,0.3871,0.5193
83,黄绿色 083,78,FC,0B,120,252,11,0.3771,0.5024
84,黄绿色 084,78,FC,15,120,252,21,0.3655,0.4802
85,黄绿色 085,74,F7,22,116,247,34,0.3496,0.4515
86,黄绿色 086,67,EB,30,103,235,48,0.3274,0.4221
87,绿色 087,6A,FE,48,106,254,72,0.3084,0.3927
88,青绿色 088,68,F7,63,104,247,99,0.2911,0.3543
89,青色 089,5F,E9,7D,95,233,125,0.2729,0.3198
90,天蓝色 090,56,D8,96,86,216,150,0.2575,0.2881
91,天蓝色 091,4C,BD,B1,76,189,177,0.2416,0.2522
92,蓝色 092,43,A4,CD,67,164,205,0.2281,0.2194
93,蓝色 093,3A,87,EC,58,135,236,0.2154,0.1865
94,蓝色 094,23,4F,B3,35,79,179,0.2050,0.1630
95,蓝色 095,1F,42,B8,31,66,184,0.1996,0.1477
96,蓝色 096,1A,35,B8,26,53,184,0.1937,0.1334
97,黄色 097,8D,F2,00,141,242,0,0.4148,0.5141
98,黄色 098,8F,F3,05,143,243,5,0.4095,0.5016
99,黄色 099,93,F4,0B,147,244,11,0.4044,0.4849
100,黄色 100,93,F9,16,147,249,22,0.3879,0.4625
101,黄色 101,90,FD,24,144,253,36,0.3697,0.4391
102,橙色 102,69,A4,43,105,164,67,0.3312,0.3474
103,黄绿色 103,89,FD,4D,137,253,77,0.3301,0.3795
104,绿色 104,7C,EF,69,124,239,105,0.3052,0.3420
105,天蓝色 105,6F,DD,84,111,221,132,0.2837,0.3064
106,天蓝色 106,63,CA,98,99,202,152,0.2681,0.2791
107,蓝色 107,58,B0,B7,88,176,183,0.2500,0.2422
108,蓝色 108,50,96,D2,80,150,210,0.2379,0.2104
109,蓝色 109,42,76,F6,66,118,246,0.2197,0.1730
110,蓝色 110,28,40,B3,40,64,179,0.2114,0.1509
111,蓝色 111,22,32,BB,34,50,187,0.2027,0.1324
112,蓝色 112,1E,28,BA,30,40,186,0.1986,0.1216
113,琥珀色 113,A1,E7,01,161,231,1,0.4361,0.4959
114,橙色 114,AB,E2,06,171,226,6,0.4384,0.4771
115,橙色 115,AB,E4,0A,171,228,10,0.4312,0.4684
116,橙色 116,AC,E9,14,172,233,20,0.4154,0.4491
117,橙色 117,AE,EE,21,174,238,33,0.3997,0.4281
118,橙色 118,B4,F2,38,180,242,56,0.3793,0.3937
119,朱红色 119,AD,E8,52,173,232,82,0.3568,0.3588
120,红色 120,9A,D7,6D,154,215,109,0.3286,0.3231
121,紫色 121,8B,C3,88,139,195,136,0.3064,0.2893
122,蓝紫色 122,7D,AD,A3,125,173,163,0.2858,0.2562
123,蓝紫色 123,70,96,BF,112,150,191,0.2674,0.2251
124,蓝色 124,5F,7C,DF,95,124,223,0.2463,0.1913
125,蓝色 125,3A,45,AF,58,69,175,0.2317,0.1638
126,蓝色 126,32,38,B9,50,56,185,0.2207,0.1445
127,蓝色 127,2D,2E,C0,45,46,192,0.2134,0.1310
128,蓝色 128,25,22,B7,37,34,183,0.2066,0.1186
129,橙色 129,B5,D1,01,181,209,1,0.4615,0.4747
130,橙色 130,B7,D0,05,183,208,5,0.4569,0.4647
131,橙色 131,B9,D1,0A,185,209,10,0.4500,0.4544
132,橙色 132,BD,CF,11,189,207,17,0.4437,0.4373
133,朱红色 133,BF,D2,1D,191,210,29,0.4277,0.4174
134,朱红色 134,C4,CE,2F,196,206,47,0.4102,0.3856
135,红色 135,C2,C7,4A,194,199,74,0.3850,0.3488
136,红色 136,B6,BE,66,182,190,102,0.3568,0.3157
137,品红色 137,A5,AB,86,165,171,134,0.3286,0.2785
138,紫色 138,96,97,A2,150,151,162,0.3063,0.2468
139,蓝紫色 139,81,81,C2,129,129,194,0.2802,0.2135
140,蓝紫色 140,74,6E,DB,116,110,219,0.2633,0.1881
141,蓝紫色 141,44,3E,AE,68,62,174,0.2428,0.1606
142,蓝紫色 142,3B,2F,B3,59,47,179,0.2321,0.1417
143,蓝色 143,32,27,B8,50,39,184,0.2221,0.1290
144,蓝色 144,2C,20,B6,44,32,182,0.2161,0.1205
145,朱红色 145,D1,A8,02,209,168,2,0.5027,0.4406
146,朱红色 146,D6,9F,05,214,159,5,0.5054,0.4265
147,朱红色 147,D7,9F,09,215,159,9,0.4975,0.4180
148,朱红色 148,D7,A0,0F,215,160,15,0.4873,0.4076
149,红色 149,D8,A0,1D,216,160,29,0.4656,0.3848
150,红色 150,DA,9A,2E,218,154,46,0.4459,0.3554
151,红色 151,D7,96,47,215,150,71,0.4164,0.3242
152,红色 152,D0,8E,60,208,142,96,0.3901,0.2941
153,品红色 153,C1,7E,86,193,126,134,0.3552,0.2543
154,品红色 154,AC,73,A6,172,115,166,0.3244,0.2259
155,紫色 155,9A,5D,C7,154,93,199,0.2987,0.1934
156,蓝紫色 156,85,4E,E5,133,78,229,0.2741,0.1684
157,蓝紫色 157,50,2C,B0,80,44,176,0.2551,0.1481
158,蓝紫色 158,46,25,B7,70,37,183,0.2434,0.1355
159,蓝紫色 159,3C,1F,B8,60,31,184,0.2323,0.1248
160,蓝紫色 160,37,1B,B8,55,27,184,0.2279,0.1197
161,红色 161,E5,80,03,229,128,3,0.5396,0.4086
162,红色 162,EA,76,06,234,118,6,0.5421,0.3934
163,红色 163,EB,75,0A,235,117,10,0.5359,0.3860
164,红色 164,EC,73,12,236,115,18,0.5201,0.3703
165,红色 165,EC,71,1F,236,113,31,0.4986,0.3493
166,红色 166,EB,71,2F,235,113,47,0.4729,0.3278
167,红色 167,E9,68,49,233,104,73,0.4409,0.2932
168,玫红色 168,AC,48,4E,172,72,78,0.4092,0.2604
169,品红色 169,CF,54,91,207,84,145,0.3648,0.2235
170,品红色 170,BF,48,AF,191,72,175,0.3378,0.1976
171,紫色 171,AC,3D,CD,172,61,205,0.3116,0.1743
172,紫色 172,95,34,E9,149,52,233,0.2858,0.1549
173,蓝紫色 173,5E,1D,B0,94,29,176,0.2700,0.1392
174,蓝紫色 174,51,1A,B5,81,26,181,0.2557,0.1302
175,蓝紫色 175,49,17,B5,73,23,181,0.2482,0.1241
176,蓝紫色 176,43,15,B7,67,21,183,0.2408,0.1182
177,红色 177,B9,40,02,185,64,2,0.5821,0.3739
178,红色 178,B8,3C,05,184,60,5,0.5752,0.3636
179,红色 179,B7,39,08,183,57,8,0.5709,0.3549
180,红色 180,FC,4C,13,252,76,19,0.5544,0.3402
181,红色 181,B5,37,15,181,55,21,0.5326,0.3254
182,红色 182,FB,49,30,251,73,48,0.5005,0.2989
183,红色 183,F7,46,47,247,70,71,0.4662,0.2725
184,玫红色 184,EF,40,67,239,64,103,0.4262,0.2414
185,品红色 185,E2,39,87,226,57,135,0.3909,0.2143
186,品红色 186,D1,33,A8,209,51,168,0.3571,0.1903
187,品红色 187,BB,2A,C9,187,42,201,0.3254,0.1669
188,紫色 188,A9,24,E1,169,36,225,0.3034,0.1514
189,紫色 189,6E,15,AC,110,21,172,0.2880,0.1390
190,紫色 190,63,13,B3,99,19,179,0.2746,0.1310
191,蓝紫色 191,5A,11,B2,90,17,178,0.2663,0.1259
192,蓝紫色 192,58,10,B5,88,16,181,0.2631,0.1229
193,红色 193,F4,3F,03,244,63,3,0.6026,0.3574
194,红色 194,D5,2C,05,213,44,5,0.6088,0.3419
195,红色 195,D6,2B,08,214,43,8,0.5994,0.3344
196,红色 196,E5,30,0E,229,48,14,0.5811,0.3268
197,红色 197,EB,2E,1A,235,46,26,0.5551,0.3060
198,红色 198,B9,25,20,185,37,32,0.5227,0.2866
199,红色 199,C1,25,33,193,37,51,0.4843,0.2612
200,玫红色 200,B6,22,45,182,34,69,0.4476,0.2369
201,玫红色 201,ED,2C,7D,237,44,125,0.4097,0.2128
202,品红色 202,DE,26,9D,222,38,157,0.3752,0.1891
203,品红色 203,D0,21,B5,208,33,181,0.3514,0.1732
204,品红色 204,BF,1D,CD,191,29,205,0.3274,0.1582
205,紫色 205,B6,1C,D8,182,28,216,0.3166,0.1520
206,紫色 206,A8,1A,E9,168,26,233,0.3004,0.1424
207,紫色 207,A5,18,EE,165,24,238,0.2962,0.1391
208,紫色 208,9F,17,F5,159,23,245,0.2900,0.1350
209,红色 209,B5,1D,01,181,29,1,0.6320,0.3386
210,红色 210,B3,1C,03,179,28,3,0.6276,0.3343
211,红色 211,B0,1A,05,176,26,5,0.6204,0.3277
212,红色 212,BA,1D,09,186,29,9,0.6008,0.3198
213,红色 213,C3,1F,11,195,31,17,0.5763,0.3058
214,红色 214,D6,22,1F,214,34,31,0.5439,0.2869
215,红色 215,B9,1F,2A,185,31,42,0.5045,0.2652
216,玫红色 216,B5,1E,37,181,30,55,0.4733,0.2462
217,玫红色 217,F8,28,69,248,40,105,0.4381,0.2244
218,玫红色 218,EF,25,81,239,37,129,0.4091,0.2063
219,品红色 219,E9,23,8E,233,35,142,0.3947,0.1967
220,品红色 220,DA,1F,A8,218,31,168,0.3664,0.1790
221,品红色 221,D0,1D,B8,208,29,184,0.3502,0.1689
222,品红色 222,CD,1C,BC,205,28,188,0.3465,0.1668
223,品红色 223,C5,1B,C8,197,27,200,0.3350,0.1597
224,品红色 224,C5,19,C9,197,25,201,0.3339,0.1579
225,红色 225,A3,15,01,163,21,1,0.6439,0.3337
226,红色 226,A3,15,02,163,21,2,0.6395,0.3312
227,红色 227,A5,16,03,165,22,3,0.6294,0.3265
228,红色 228,A9,17,07,169,23,7,0.6119,0.3183
229,红色 229,B4,1A,0E,180,26,14,0.5864,0.3068
230,红色 230,C4,1D,18,196,29,24,0.5568,0.2913
231,红色 231,E9,25,2B,233,37,43,0.5233,0.2747
232,红色 232,B7,1D,2F,183,29,47,0.4923,0.2556
233,玫红色 233,B7,1D,3E,183,29,62,0.4629,0.2387
234,玫红色 234,F9,26,67,249,38,103,0.4409,0.2247
235,玫红色 235,B0,1A,59,176,26,89,0.4169,0.2092
236,玫红色 236,EF,22,83,239,34,131,0.4078,0.2028
237,品红色 237,EC,21,8A,236,33,138,0.4004,0.1983
238,品红色 238,E7,1F,94,231,31,148,0.3893,0.1909
239,品红色 239,E7,1F,94,231,31,148,0.3892,0.1902
240,品红色 240,E7,1E,95,231,30,149,0.3892,0.1895
241,红色 241,9A,12,00,154,18,0,0.6514,0.3319
242,红色 242,9D,13,01,157,19,1,0.6449,0.3303
243,红色 243,A0,14,03,160,20,3,0.6334,0.3261
244,红色 244,A6,16,06,166,22,6,0.6179,0.3202
245,红色 245,B1,19,0D,177,25,13,0.5893,0.3073
246,红色 246,C0,1C,17,192,28,23,0.5601,0.2925
247,红色 247,E1,23,28,225,35,40,0.5274,0.2759
248,红色 248,AF,1B,28,175,27,40,0.5036,0.2619
249,红色 249,B4,1D,34,180,29,52,0.4803,0.2491
250,玫红色 250,B5,1C,40,181,28,64,0.4593,0.2356
251,玫红色 251,B2,1B,49,178,27,73,0.4410,0.2245
252,玫红色 252,B1,1A,4E,177,26,78,0.4330,0.2182
253,玫红色 253,B4,1A,53,180,26,83,0.4280,0.2146
254,玫红色 254,F6,22,74,246,34,116,0.4268,0.2132
255,玫红色 255,B1,18,52,177,24,82,0.4296,0.2137
256,玫红色 256,F7,22,72,247,34,114,0.4292,0.2137
