"WL(nm)","Spectrum","Spectrum(W/nm)",
"380.0","0.0011","7.6680e-007",
"380.2","0.0005","3.4158e-007",
"380.4","0.0005","3.6037e-007",
"380.6","0.0006","4.3912e-007",
"380.8","0.0008","5.7259e-007",
"381.0","0.0015","1.0257e-006",
"381.2","0.0022","1.4651e-006",
"381.4","0.0015","1.0276e-006",
"381.6","0.0005","3.2930e-007",
"381.8","0.0006","4.0658e-007",
"382.0","0.0011","7.6666e-007",
"382.2","0.0012","7.9361e-007",
"382.4","0.0010","6.7850e-007",
"382.6","0.0008","5.2070e-007",
"382.8","0.0006","4.3619e-007",
"383.0","0.0009","6.3166e-007",
"383.2","0.0010","6.7899e-007",
"383.4","0.0003","1.9382e-007",
"383.6","0.0002","1.5017e-007",
"383.8","0.0016","1.1231e-006",
"384.0","0.0025","1.7076e-006",
"384.2","0.0019","1.2698e-006",
"384.4","0.0015","1.0062e-006",
"384.6","0.0018","1.2409e-006",
"384.8","0.0015","1.0538e-006",
"385.0","0.0005","3.3471e-007",
"385.2","0.0000","0.0000e+000",
"385.4","0.0000","0.0000e+000",
"385.6","0.0001","8.4357e-008",
"385.8","0.0004","2.6842e-007",
"386.0","0.0007","4.4993e-007",
"386.2","0.0008","5.6255e-007",
"386.4","0.0006","3.8894e-007",
"386.6","0.0003","2.2785e-007",
"386.8","0.0012","7.9040e-007",
"387.0","0.0021","1.4614e-006",
"387.2","0.0016","1.1230e-006",
"387.4","0.0008","5.5080e-007",
"387.6","0.0011","7.2383e-007",
"387.8","0.0016","1.0740e-006",
"388.0","0.0017","1.1836e-006",
"388.2","0.0017","1.1505e-006",
"388.4","0.0013","9.1668e-007",
"388.6","0.0011","7.2630e-007",
"388.8","0.0011","7.6190e-007",
"389.0","0.0010","7.0949e-007",
"389.2","0.0006","4.1755e-007",
"389.4","0.0004","2.7750e-007",
"389.6","0.0006","4.4007e-007",
"389.8","0.0008","5.3593e-007",
"390.0","0.0007","4.8059e-007",
"390.2","0.0009","5.8734e-007",
"390.4","0.0012","8.4413e-007",
"390.6","0.0012","8.3467e-007",
"390.8","0.0008","5.6565e-007",
"391.0","0.0006","3.8245e-007",
"391.2","0.0004","2.9878e-007",
"391.4","0.0002","1.4281e-007",
"391.6","0.0000","9.5929e-009",
"391.8","0.0003","1.9311e-007",
"392.0","0.0007","4.8296e-007",
"392.2","0.0007","4.7669e-007",
"392.4","0.0005","3.2695e-007",
"392.6","0.0003","1.9229e-007",
"392.8","0.0002","1.4974e-007",
"393.0","0.0006","4.2720e-007",
"393.2","0.0009","6.3068e-007",
"393.4","0.0004","2.5573e-007",
"393.6","0.0001","3.8616e-008",
"393.8","0.0008","5.6088e-007",
"394.0","0.0014","9.5478e-007",
"394.2","0.0010","7.1452e-007",
"394.4","0.0006","3.9242e-007",
"394.6","0.0003","2.2026e-007",
"394.8","0.0003","2.2910e-007",
"395.0","0.0006","4.3067e-007",
"395.2","0.0006","4.1496e-007",
"395.4","0.0002","1.1863e-007",
"395.6","0.0002","1.0326e-007",
"395.8","0.0006","3.8939e-007",
"396.0","0.0006","3.8963e-007",
"396.2","0.0002","1.0774e-007",
"396.4","0.0000","0.0000e+000",
"396.6","0.0000","0.0000e+000",
"396.8","0.0000","0.0000e+000",
"397.0","0.0000","0.0000e+000",
"397.2","0.0000","0.0000e+000",
"397.4","0.0000","0.0000e+000",
"397.6","0.0002","1.2083e-007",
"397.8","0.0004","2.8905e-007",
"398.0","0.0006","4.0978e-007",
"398.2","0.0007","4.4958e-007",
"398.4","0.0005","3.1772e-007",
"398.6","0.0002","1.4503e-007",
"398.8","0.0001","4.7662e-008",
"399.0","0.0000","0.0000e+000",
"399.2","0.0000","1.4931e-008",
"399.4","0.0001","3.4084e-008",
"399.6","0.0000","1.5601e-008",
"399.8","0.0000","0.0000e+000",
"400.0","0.0000","0.0000e+000",
"400.2","0.0000","0.0000e+000",
"400.4","0.0000","0.0000e+000",
"400.6","0.0001","4.3358e-008",
"400.8","0.0003","1.8579e-007",
"401.0","0.0005","3.3752e-007",
"401.2","0.0007","4.5721e-007",
"401.4","0.0007","4.8464e-007",
"401.6","0.0006","4.3869e-007",
"401.8","0.0007","4.4350e-007",
"402.0","0.0007","4.5655e-007",
"402.2","0.0004","2.6184e-007",
"402.4","0.0000","3.0571e-008",
"402.6","0.0003","2.2627e-007",
"402.8","0.0008","5.4039e-007",
"403.0","0.0005","3.5648e-007",
"403.2","0.0000","2.9244e-008",
"403.4","0.0001","6.4044e-008",
"403.6","0.0003","2.3003e-007",
"403.8","0.0005","3.1096e-007",
"404.0","0.0006","3.8013e-007",
"404.2","0.0007","4.8794e-007",
"404.4","0.0008","5.3836e-007",
"404.6","0.0007","4.4648e-007",
"404.8","0.0005","3.2359e-007",
"405.0","0.0003","2.3304e-007",
"405.2","0.0002","1.3612e-007",
"405.4","0.0000","2.8002e-008",
"405.6","0.0001","4.7057e-008",
"405.8","0.0003","2.3292e-007",
"406.0","0.0004","3.0365e-007",
"406.2","0.0003","1.9194e-007",
"406.4","0.0003","1.7861e-007",
"406.6","0.0004","2.8861e-007",
"406.8","0.0004","2.5250e-007",
"407.0","0.0001","9.7700e-008",
"407.2","0.0002","1.3921e-007",
"407.4","0.0005","3.0697e-007",
"407.6","0.0004","2.4665e-007",
"407.8","0.0001","6.4203e-008",
"408.0","0.0001","8.1037e-008",
"408.2","0.0003","2.0867e-007",
"408.4","0.0004","2.7133e-007",
"408.6","0.0004","2.8327e-007",
"408.8","0.0004","2.6228e-007",
"409.0","0.0003","2.0760e-007",
"409.2","0.0001","9.7347e-008",
"409.4","0.0000","0.0000e+000",
"409.6","0.0000","0.0000e+000",
"409.8","0.0001","3.4562e-008",
"410.0","0.0002","1.6908e-007",
"410.2","0.0004","2.6860e-007",
"410.4","0.0004","2.3859e-007",
"410.6","0.0003","1.8363e-007",
"410.8","0.0002","1.5220e-007",
"411.0","0.0002","1.4296e-007",
"411.2","0.0002","1.6402e-007",
"411.4","0.0003","2.1109e-007",
"411.6","0.0004","2.6644e-007",
"411.8","0.0003","2.3021e-007",
"412.0","0.0001","1.0189e-007",
"412.2","0.0001","3.5406e-008",
"412.4","0.0001","6.2274e-008",
"412.6","0.0002","1.6082e-007",
"412.8","0.0004","2.6893e-007",
"413.0","0.0003","2.0993e-007",
"413.2","0.0001","5.8416e-008",
"413.4","0.0001","4.0602e-008",
"413.6","0.0002","1.1227e-007",
"413.8","0.0003","1.7407e-007",
"414.0","0.0003","1.9714e-007",
"414.2","0.0002","1.1490e-007",
"414.4","0.0000","7.8855e-009",
"414.6","0.0000","0.0000e+000",
"414.8","0.0000","0.0000e+000",
"415.0","0.0004","2.5265e-007",
"415.2","0.0007","4.9714e-007",
"415.4","0.0008","5.3750e-007",
"415.6","0.0006","4.4129e-007",
"415.8","0.0003","1.8890e-007",
"416.0","0.0000","0.0000e+000",
"416.2","0.0000","0.0000e+000",
"416.4","0.0001","6.9229e-008",
"416.6","0.0003","1.9173e-007",
"416.8","0.0004","2.9391e-007",
"417.0","0.0005","3.3869e-007",
"417.2","0.0006","3.7881e-007",
"417.4","0.0006","4.0821e-007",
"417.6","0.0004","3.0425e-007",
"417.8","0.0001","8.7975e-008",
"418.0","0.0000","0.0000e+000",
"418.2","0.0000","1.6152e-008",
"418.4","0.0001","7.2814e-008",
"418.6","0.0002","1.1494e-007",
"418.8","0.0001","8.5329e-008",
"419.0","0.0000","1.6483e-008",
"419.2","0.0000","0.0000e+000",
"419.4","0.0000","0.0000e+000",
"419.6","0.0000","0.0000e+000",
"419.8","0.0000","0.0000e+000",
"420.0","0.0002","1.4470e-007",
"420.2","0.0004","3.0198e-007",
"420.4","0.0004","2.9352e-007",
"420.6","0.0003","2.0947e-007",
"420.8","0.0001","9.3623e-008",
"421.0","0.0000","0.0000e+000",
"421.2","0.0000","0.0000e+000",
"421.4","0.0000","1.1364e-008",
"421.6","0.0001","9.8021e-008",
"421.8","0.0002","1.3703e-007",
"422.0","0.0001","5.8995e-008",
"422.2","0.0000","1.3845e-011",
"422.4","0.0000","1.9433e-008",
"422.6","0.0000","3.1748e-008",
"422.8","0.0000","1.2052e-008",
"423.0","0.0000","0.0000e+000",
"423.2","0.0000","0.0000e+000",
"423.4","0.0000","2.6858e-008",
"423.6","0.0001","8.5826e-008",
"423.8","0.0001","1.0020e-007",
"424.0","0.0001","6.8413e-008",
"424.2","0.0000","3.3353e-008",
"424.4","0.0000","6.4052e-009",
"424.6","0.0000","0.0000e+000",
"424.8","0.0000","0.0000e+000",
"425.0","0.0001","4.0497e-008",
"425.2","0.0002","1.0851e-007",
"425.4","0.0003","1.8389e-007",
"425.6","0.0003","2.2364e-007",
"425.8","0.0002","1.1405e-007",
"426.0","0.0000","1.9071e-008",
"426.2","0.0003","2.1097e-007",
"426.4","0.0006","3.9371e-007",
"426.6","0.0004","2.3973e-007",
"426.8","0.0001","6.8314e-008",
"427.0","0.0002","1.0723e-007",
"427.2","0.0002","1.4078e-007",
"427.4","0.0001","4.6836e-008",
"427.6","0.0000","2.5547e-008",
"427.8","0.0003","1.8128e-007",
"428.0","0.0004","2.9204e-007",
"428.2","0.0004","2.5654e-007",
"428.4","0.0002","1.6479e-007",
"428.6","0.0001","5.3978e-008",
"428.8","0.0000","0.0000e+000",
"429.0","0.0000","0.0000e+000",
"429.2","0.0000","2.1429e-008",
"429.4","0.0001","8.2890e-008",
"429.6","0.0002","1.5278e-007",
"429.8","0.0003","2.2886e-007",
"430.0","0.0005","3.5786e-007",
"430.2","0.0007","4.6445e-007",
"430.4","0.0005","3.2218e-007",
"430.6","0.0001","5.8359e-008",
"430.8","0.0000","0.0000e+000",
"431.0","0.0000","0.0000e+000",
"431.2","0.0001","5.6261e-008",
"431.4","0.0002","1.5954e-007",
"431.6","0.0005","3.1839e-007",
"431.8","0.0007","4.5064e-007",
"432.0","0.0007","4.4647e-007",
"432.2","0.0005","3.5358e-007",
"432.4","0.0002","1.4743e-007",
"432.6","0.0000","3.5797e-009",
"432.8","0.0002","1.0807e-007",
"433.0","0.0003","2.3508e-007",
"433.2","0.0004","2.5206e-007",
"433.4","0.0003","2.0735e-007",
"433.6","0.0002","1.0273e-007",
"433.8","0.0000","1.8626e-008",
"434.0","0.0000","6.0756e-011",
"434.2","0.0000","0.0000e+000",
"434.4","0.0000","0.0000e+000",
"434.6","0.0000","0.0000e+000",
"434.8","0.0000","0.0000e+000",
"435.0","0.0000","3.9233e-009",
"435.2","0.0000","1.2107e-008",
"435.4","0.0000","7.7639e-009",
"435.6","0.0000","0.0000e+000",
"435.8","0.0000","2.9152e-008",
"436.0","0.0001","7.6374e-008",
"436.2","0.0001","6.2597e-008",
"436.4","0.0000","1.2360e-008",
"436.6","0.0000","0.0000e+000",
"436.8","0.0000","0.0000e+000",
"437.0","0.0000","0.0000e+000",
"437.2","0.0000","0.0000e+000",
"437.4","0.0000","0.0000e+000",
"437.6","0.0000","0.0000e+000",
"437.8","0.0000","0.0000e+000",
"438.0","0.0000","0.0000e+000",
"438.2","0.0002","1.3108e-007",
"438.4","0.0003","2.2250e-007",
"438.6","0.0002","1.1457e-007",
"438.8","0.0000","0.0000e+000",
"439.0","0.0000","0.0000e+000",
"439.2","0.0000","0.0000e+000",
"439.4","0.0000","0.0000e+000",
"439.6","0.0000","1.1853e-008",
"439.8","0.0001","6.0926e-008",
"440.0","0.0001","7.4906e-008",
"440.2","0.0000","2.9451e-008",
"440.4","0.0000","0.0000e+000",
"440.6","0.0000","0.0000e+000",
"440.8","0.0001","3.8848e-008",
"441.0","0.0002","1.2523e-007",
"441.2","0.0002","1.2275e-007",
"441.4","0.0001","3.5821e-008",
"441.6","0.0000","0.0000e+000",
"441.8","0.0000","0.0000e+000",
"442.0","0.0001","4.5878e-008",
"442.2","0.0002","1.1169e-007",
"442.4","0.0001","8.0632e-008",
"442.6","0.0000","1.1132e-008",
"442.8","0.0001","4.2563e-008",
"443.0","0.0002","1.1287e-007",
"443.2","0.0002","1.1106e-007",
"443.4","0.0001","8.3616e-008",
"443.6","0.0001","9.7542e-008",
"443.8","0.0002","1.0775e-007",
"444.0","0.0001","5.5383e-008",
"444.2","0.0000","0.0000e+000",
"444.4","0.0000","0.0000e+000",
"444.6","0.0000","0.0000e+000",
"444.8","0.0000","0.0000e+000",
"445.0","0.0000","3.6209e-009",
"445.2","0.0001","3.4550e-008",
"445.4","0.0001","7.7730e-008",
"445.6","0.0002","1.2706e-007",
"445.8","0.0002","1.2599e-007",
"446.0","0.0001","4.9570e-008",
"446.2","0.0000","0.0000e+000",
"446.4","0.0000","0.0000e+000",
"446.6","0.0001","4.3702e-008",
"446.8","0.0002","1.5656e-007",
"447.0","0.0003","1.9287e-007",
"447.2","0.0002","1.3499e-007",
"447.4","0.0001","5.5699e-008",
"447.6","0.0000","2.1403e-009",
"447.8","0.0001","8.8093e-008",
"448.0","0.0003","2.3763e-007",
"448.2","0.0003","1.9641e-007",
"448.4","0.0001","3.9229e-008",
"448.6","0.0000","0.0000e+000",
"448.8","0.0000","0.0000e+000",
"449.0","0.0000","5.6888e-009",
"449.2","0.0000","3.0363e-008",
"449.4","0.0002","1.0788e-007",
"449.6","0.0003","1.8630e-007",
"449.8","0.0003","1.8907e-007",
"450.0","0.0002","1.6654e-007",
"450.2","0.0002","1.6468e-007",
"450.4","0.0002","1.6478e-007",
"450.6","0.0002","1.6269e-007",
"450.8","0.0002","1.4807e-007",
"451.0","0.0002","1.0466e-007",
"451.2","0.0001","8.9053e-008",
"451.4","0.0002","1.4301e-007",
"451.6","0.0002","1.6440e-007",
"451.8","0.0001","9.8664e-008",
"452.0","0.0000","3.3406e-008",
"452.2","0.0000","5.5249e-009",
"452.4","0.0000","2.3860e-010",
"452.6","0.0000","2.0073e-008",
"452.8","0.0001","8.8193e-008",
"453.0","0.0003","1.8982e-007",
"453.2","0.0003","2.2811e-007",
"453.4","0.0003","1.8799e-007",
"453.6","0.0002","1.2264e-007",
"453.8","0.0001","5.5836e-008",
"454.0","0.0000","1.9005e-008",
"454.2","0.0000","1.0913e-008",
"454.4","0.0000","8.5108e-009",
"454.6","0.0000","1.7060e-008",
"454.8","0.0001","5.6816e-008",
"455.0","0.0002","1.1281e-007",
"455.2","0.0003","1.7408e-007",
"455.4","0.0003","2.0293e-007",
"455.6","0.0002","1.1144e-007",
"455.8","0.0000","5.6086e-009",
"456.0","0.0001","4.1413e-008",
"456.2","0.0001","9.9636e-008",
"456.4","0.0001","5.4778e-008",
"456.6","0.0000","0.0000e+000",
"456.8","0.0000","0.0000e+000",
"457.0","0.0000","6.1932e-009",
"457.2","0.0001","6.7411e-008",
"457.4","0.0002","1.0893e-007",
"457.6","0.0001","8.5007e-008",
"457.8","0.0001","4.6305e-008",
"458.0","0.0000","1.5441e-008",
"458.2","0.0000","0.0000e+000",
"458.4","0.0000","0.0000e+000",
"458.6","0.0000","3.1091e-008",
"458.8","0.0001","9.0798e-008",
"459.0","0.0002","1.1693e-007",
"459.2","0.0001","9.3723e-008",
"459.4","0.0001","5.4461e-008",
"459.6","0.0000","1.4501e-008",
"459.8","0.0000","0.0000e+000",
"460.0","0.0000","0.0000e+000",
"460.2","0.0000","1.5015e-008",
"460.4","0.0001","4.9498e-008",
"460.6","0.0001","9.0737e-008",
"460.8","0.0002","1.3431e-007",
"461.0","0.0003","1.8501e-007",
"461.2","0.0003","2.1617e-007",
"461.4","0.0002","1.6870e-007",
"461.6","0.0001","9.2056e-008",
"461.8","0.0001","6.2911e-008",
"462.0","0.0001","5.1880e-008",
"462.2","0.0000","2.1174e-008",
"462.4","0.0000","1.6588e-010",
"462.6","0.0000","2.5711e-008",
"462.8","0.0001","6.1537e-008",
"463.0","0.0001","7.9913e-008",
"463.2","0.0001","9.2103e-008",
"463.4","0.0001","1.0119e-007",
"463.6","0.0001","9.6035e-008",
"463.8","0.0001","6.7396e-008",
"464.0","0.0001","5.2571e-008",
"464.2","0.0001","7.3424e-008",
"464.4","0.0001","9.1713e-008",
"464.6","0.0001","8.9555e-008",
"464.8","0.0001","6.5755e-008",
"465.0","0.0000","2.2427e-008",
"465.2","0.0000","0.0000e+000",
"465.4","0.0000","0.0000e+000",
"465.6","0.0000","0.0000e+000",
"465.8","0.0000","0.0000e+000",
"466.0","0.0000","0.0000e+000",
"466.2","0.0000","0.0000e+000",
"466.4","0.0001","6.6380e-008",
"466.6","0.0002","1.5559e-007",
"466.8","0.0002","1.3167e-007",
"467.0","0.0001","3.5740e-008",
"467.2","0.0000","0.0000e+000",
"467.4","0.0000","0.0000e+000",
"467.6","0.0001","3.5513e-008",
"467.8","0.0001","8.8242e-008",
"468.0","0.0002","1.1934e-007",
"468.2","0.0002","1.2525e-007",
"468.4","0.0001","8.8799e-008",
"468.6","0.0001","4.0119e-008",
"468.8","0.0000","5.6229e-009",
"469.0","0.0000","1.1640e-009",
"469.2","0.0001","7.6135e-008",
"469.4","0.0002","1.2966e-007",
"469.6","0.0001","6.5970e-008",
"469.8","0.0000","0.0000e+000",
"470.0","0.0000","0.0000e+000",
"470.2","0.0000","1.3073e-008",
"470.4","0.0001","8.9318e-008",
"470.6","0.0002","1.4571e-007",
"470.8","0.0002","1.4221e-007",
"471.0","0.0001","1.0191e-007",
"471.2","0.0001","3.6012e-008",
"471.4","0.0000","0.0000e+000",
"471.6","0.0000","0.0000e+000",
"471.8","0.0000","2.2774e-008",
"472.0","0.0001","7.4652e-008",
"472.2","0.0001","6.9553e-008",
"472.4","0.0000","1.6307e-008",
"472.6","0.0000","3.2445e-008",
"472.8","0.0001","9.9683e-008",
"473.0","0.0001","8.8685e-008",
"473.2","0.0000","2.0571e-008",
"473.4","0.0000","0.0000e+000",
"473.6","0.0000","0.0000e+000",
"473.8","0.0001","3.8371e-008",
"474.0","0.0001","8.3971e-008",
"474.2","0.0001","5.8748e-008",
"474.4","0.0000","6.5952e-009",
"474.6","0.0000","0.0000e+000",
"474.8","0.0000","0.0000e+000",
"475.0","0.0001","4.5207e-008",
"475.2","0.0002","1.0470e-007",
"475.4","0.0002","1.6405e-007",
"475.6","0.0003","1.8154e-007",
"475.8","0.0001","7.9126e-008",
"476.0","0.0000","4.0542e-009",
"476.2","0.0001","8.1590e-008",
"476.4","0.0003","1.7469e-007",
"476.6","0.0003","2.0759e-007",
"476.8","0.0003","2.0270e-007",
"477.0","0.0002","1.5712e-007",
"477.2","0.0001","9.0649e-008",
"477.4","0.0000","2.1530e-008",
"477.6","0.0000","2.5877e-008",
"477.8","0.0002","1.2353e-007",
"478.0","0.0002","1.5384e-007",
"478.2","0.0001","8.3184e-008",
"478.4","0.0001","8.0179e-008",
"478.6","0.0002","1.5900e-007",
"478.8","0.0002","1.6508e-007",
"479.0","0.0001","9.2035e-008",
"479.2","0.0001","4.6551e-008",
"479.4","0.0001","3.6255e-008",
"479.6","0.0000","1.8084e-008",
"479.8","0.0000","1.0800e-009",
"480.0","0.0000","2.6084e-008",
"480.2","0.0001","6.8103e-008",
"480.4","0.0001","7.0165e-008",
"480.6","0.0001","4.7420e-008",
"480.8","0.0000","1.9404e-008",
"481.0","0.0000","7.6491e-009",
"481.2","0.0001","6.5215e-008",
"481.4","0.0002","1.2359e-007",
"481.6","0.0001","7.5192e-008",
"481.8","0.0000","1.7268e-008",
"482.0","0.0001","6.2785e-008",
"482.2","0.0002","1.1729e-007",
"482.4","0.0002","1.0977e-007",
"482.6","0.0001","9.0922e-008",
"482.8","0.0001","8.6296e-008",
"483.0","0.0001","8.2518e-008",
"483.2","0.0001","7.6514e-008",
"483.4","0.0001","5.8793e-008",
"483.6","0.0000","2.2831e-008",
"483.8","0.0000","0.0000e+000",
"484.0","0.0000","0.0000e+000",
"484.2","0.0000","0.0000e+000",
"484.4","0.0000","4.5947e-009",
"484.6","0.0001","4.0149e-008",
"484.8","0.0002","1.0324e-007",
"485.0","0.0002","1.2340e-007",
"485.2","0.0001","9.4220e-008",
"485.4","0.0001","9.1102e-008",
"485.6","0.0002","1.1467e-007",
"485.8","0.0001","1.0186e-007",
"486.0","0.0001","5.6961e-008",
"486.2","0.0000","1.9823e-008",
"486.4","0.0000","1.3901e-009",
"486.6","0.0000","1.2948e-008",
"486.8","0.0001","4.5731e-008",
"487.0","0.0001","8.7449e-008",
"487.2","0.0002","1.2184e-007",
"487.4","0.0002","1.1853e-007",
"487.6","0.0001","9.7263e-008",
"487.8","0.0001","8.9783e-008",
"488.0","0.0001","7.9530e-008",
"488.2","0.0001","3.8273e-008",
"488.4","0.0000","5.2756e-010",
"488.6","0.0000","2.5836e-009",
"488.8","0.0000","3.3913e-008",
"489.0","0.0002","1.1300e-007",
"489.2","0.0002","1.5793e-007",
"489.4","0.0001","8.4735e-008",
"489.6","0.0000","1.4080e-008",
"489.8","0.0000","2.3456e-008",
"490.0","0.0001","3.5378e-008",
"490.2","0.0000","1.5296e-008",
"490.4","0.0000","0.0000e+000",
"490.6","0.0000","0.0000e+000",
"490.8","0.0000","0.0000e+000",
"491.0","0.0000","0.0000e+000",
"491.2","0.0000","1.7996e-008",
"491.4","0.0001","7.4835e-008",
"491.6","0.0002","1.2563e-007",
"491.8","0.0002","1.5129e-007",
"492.0","0.0002","1.2717e-007",
"492.2","0.0001","6.4321e-008",
"492.4","0.0000","2.7406e-008",
"492.6","0.0000","2.2198e-008",
"492.8","0.0000","1.2276e-008",
"493.0","0.0000","9.3756e-009",
"493.2","0.0001","6.9974e-008",
"493.4","0.0002","1.5023e-007",
"493.6","0.0002","1.3673e-007",
"493.8","0.0001","7.8374e-008",
"494.0","0.0001","8.5515e-008",
"494.2","0.0002","1.1062e-007",
"494.4","0.0001","6.2560e-008",
"494.6","0.0000","4.0785e-009",
"494.8","0.0000","3.1837e-008",
"495.0","0.0001","7.3357e-008",
"495.2","0.0001","3.4562e-008",
"495.4","0.0000","7.9864e-010",
"495.6","0.0001","6.7897e-008",
"495.8","0.0002","1.2465e-007",
"496.0","0.0001","7.9058e-008",
"496.2","0.0000","2.7408e-008",
"496.4","0.0000","2.6111e-008",
"496.6","0.0001","5.4968e-008",
"496.8","0.0002","1.1517e-007",
"497.0","0.0002","1.4128e-007",
"497.2","0.0001","9.3529e-008",
"497.4","0.0001","4.0400e-008",
"497.6","0.0000","1.1652e-008",
"497.8","0.0000","0.0000e+000",
"498.0","0.0000","0.0000e+000",
"498.2","0.0000","3.2009e-008",
"498.4","0.0002","1.1064e-007",
"498.6","0.0002","1.1336e-007",
"498.8","0.0001","3.5371e-008",
"499.0","0.0000","0.0000e+000",
"499.2","0.0000","9.4476e-009",
"499.4","0.0001","4.5354e-008",
"499.6","0.0001","7.9650e-008",
"499.8","0.0001","6.1509e-008",
"500.0","0.0000","1.2822e-008",
"500.2","0.0000","3.1765e-009",
"500.4","0.0000","1.7904e-008",
"500.6","0.0000","1.1462e-008",
"500.8","0.0000","5.8240e-010",
"501.0","0.0000","2.2228e-008",
"501.2","0.0001","5.2959e-008",
"501.4","0.0001","5.9692e-008",
"501.6","0.0001","5.0313e-008",
"501.8","0.0000","2.1506e-008",
"502.0","0.0000","2.0320e-010",
"502.2","0.0000","3.2427e-008",
"502.4","0.0001","6.1673e-008",
"502.6","0.0000","3.0507e-008",
"502.8","0.0000","0.0000e+000",
"503.0","0.0000","8.8150e-009",
"503.2","0.0001","4.3637e-008",
"503.4","0.0002","1.0770e-007",
"503.6","0.0002","1.3940e-007",
"503.8","0.0001","9.5732e-008",
"504.0","0.0001","4.5651e-008",
"504.2","0.0000","2.2794e-008",
"504.4","0.0000","2.9639e-008",
"504.6","0.0001","6.9301e-008",
"504.8","0.0002","1.0377e-007",
"505.0","0.0002","1.1387e-007",
"505.2","0.0001","8.5567e-008",
"505.4","0.0000","2.5999e-008",
"505.6","0.0000","0.0000e+000",
"505.8","0.0000","1.5141e-008",
"506.0","0.0001","3.9704e-008",
"506.2","0.0001","5.7567e-008",
"506.4","0.0001","4.0473e-008",
"506.6","0.0000","6.9121e-009",
"506.8","0.0000","2.3909e-008",
"507.0","0.0001","7.2896e-008",
"507.2","0.0001","9.4814e-008",
"507.4","0.0001","9.4459e-008",
"507.6","0.0001","8.8937e-008",
"507.8","0.0001","8.0961e-008",
"508.0","0.0001","7.4524e-008",
"508.2","0.0001","6.7181e-008",
"508.4","0.0001","4.9850e-008",
"508.6","0.0001","3.9609e-008",
"508.8","0.0001","6.8850e-008",
"509.0","0.0001","9.8251e-008",
"509.2","0.0001","8.0998e-008",
"509.4","0.0001","5.1656e-008",
"509.6","0.0000","3.1225e-008",
"509.8","0.0000","1.9120e-008",
"510.0","0.0000","2.0540e-008",
"510.2","0.0001","3.8379e-008",
"510.4","0.0001","7.9048e-008",
"510.6","0.0002","1.0359e-007",
"510.8","0.0001","8.5733e-008",
"511.0","0.0001","5.9694e-008",
"511.2","0.0001","4.1191e-008",
"511.4","0.0000","2.8324e-008",
"511.6","0.0000","2.6656e-008",
"511.8","0.0001","6.8640e-008",
"512.0","0.0002","1.5019e-007",
"512.2","0.0002","1.6088e-007",
"512.4","0.0001","8.2579e-008",
"512.6","0.0000","1.8271e-008",
"512.8","0.0000","0.0000e+000",
"513.0","0.0000","2.3327e-008",
"513.2","0.0001","7.6951e-008",
"513.4","0.0001","1.0191e-007",
"513.6","0.0001","9.5252e-008",
"513.8","0.0001","7.8141e-008",
"514.0","0.0001","6.1063e-008",
"514.2","0.0001","6.3178e-008",
"514.4","0.0001","7.4427e-008",
"514.6","0.0001","7.3235e-008",
"514.8","0.0001","6.0635e-008",
"515.0","0.0001","3.5469e-008",
"515.2","0.0000","9.2741e-009",
"515.4","0.0000","0.0000e+000",
"515.6","0.0000","0.0000e+000",
"515.8","0.0000","2.8522e-008",
"516.0","0.0001","6.2216e-008",
"516.2","0.0001","7.1853e-008",
"516.4","0.0001","7.5405e-008",
"516.6","0.0001","8.3092e-008",
"516.8","0.0001","9.5714e-008",
"517.0","0.0002","1.1947e-007",
"517.2","0.0002","1.3885e-007",
"517.4","0.0002","1.4280e-007",
"517.6","0.0002","1.3115e-007",
"517.8","0.0001","1.0059e-007",
"518.0","0.0001","8.1667e-008",
"518.2","0.0001","9.1017e-008",
"518.4","0.0001","7.6921e-008",
"518.6","0.0000","2.3056e-008",
"518.8","0.0000","1.4857e-008",
"519.0","0.0001","7.5129e-008",
"519.2","0.0002","1.1415e-007",
"519.4","0.0002","1.0497e-007",
"519.6","0.0001","7.2568e-008",
"519.8","0.0000","3.2337e-008",
"520.0","0.0000","2.3199e-008",
"520.2","0.0001","4.4521e-008",
"520.4","0.0001","5.3214e-008",
"520.6","0.0001","5.1977e-008",
"520.8","0.0001","7.8543e-008",
"521.0","0.0002","1.1723e-007",
"521.2","0.0002","1.1471e-007",
"521.4","0.0001","8.9507e-008",
"521.6","0.0001","9.3445e-008",
"521.8","0.0002","1.1064e-007",
"522.0","0.0002","1.1077e-007",
"522.2","0.0001","9.3489e-008",
"522.4","0.0001","4.1774e-008",
"522.6","0.0000","1.6915e-009",
"522.8","0.0001","6.0245e-008",
"523.0","0.0002","1.2810e-007",
"523.2","0.0001","8.9640e-008",
"523.4","0.0000","2.9383e-008",
"523.6","0.0000","1.2816e-008",
"523.8","0.0000","2.6545e-008",
"524.0","0.0001","8.6833e-008",
"524.2","0.0002","1.4607e-007",
"524.4","0.0002","1.6864e-007",
"524.6","0.0002","1.4596e-007",
"524.8","0.0001","5.6901e-008",
"525.0","0.0000","4.5875e-009",
"525.2","0.0001","5.3678e-008",
"525.4","0.0002","1.0695e-007",
"525.6","0.0002","1.2149e-007",
"525.8","0.0002","1.2334e-007",
"526.0","0.0002","1.1625e-007",
"526.2","0.0001","9.3045e-008",
"526.4","0.0001","5.5734e-008",
"526.6","0.0000","2.1904e-008",
"526.8","0.0000","2.2113e-009",
"527.0","0.0000","1.2967e-008",
"527.2","0.0001","4.8496e-008",
"527.4","0.0001","6.8166e-008",
"527.6","0.0001","6.9585e-008",
"527.8","0.0001","7.9906e-008",
"528.0","0.0001","9.5407e-008",
"528.2","0.0001","8.8381e-008",
"528.4","0.0001","7.5650e-008",
"528.6","0.0002","1.1760e-007",
"528.8","0.0002","1.6864e-007",
"529.0","0.0002","1.1253e-007",
"529.2","0.0000","1.9842e-008",
"529.4","0.0000","2.8432e-008",
"529.6","0.0001","7.5413e-008",
"529.8","0.0001","6.4157e-008",
"530.0","0.0001","3.6626e-008",
"530.2","0.0001","4.2516e-008",
"530.4","0.0001","5.7290e-008",
"530.6","0.0001","6.2702e-008",
"530.8","0.0001","5.6976e-008",
"531.0","0.0000","2.4321e-008",
"531.2","0.0000","7.2612e-010",
"531.4","0.0000","2.1356e-008",
"531.6","0.0001","4.6756e-008",
"531.8","0.0001","5.1182e-008",
"532.0","0.0001","6.3838e-008",
"532.2","0.0001","1.0124e-007",
"532.4","0.0002","1.1507e-007",
"532.6","0.0001","7.8403e-008",
"532.8","0.0001","3.6240e-008",
"533.0","0.0000","9.8276e-009",
"533.2","0.0000","2.2494e-009",
"533.4","0.0000","1.5183e-008",
"533.6","0.0000","1.5068e-008",
"533.8","0.0000","0.0000e+000",
"534.0","0.0000","3.3369e-008",
"534.2","0.0002","1.1320e-007",
"534.4","0.0002","1.1929e-007",
"534.6","0.0001","4.8691e-008",
"534.8","0.0000","9.7923e-009",
"535.0","0.0000","1.5806e-008",
"535.2","0.0000","2.7355e-008",
"535.4","0.0001","4.5714e-008",
"535.6","0.0002","1.0512e-007",
"535.8","0.0002","1.6579e-007",
"536.0","0.0002","1.1666e-007",
"536.2","0.0000","1.9269e-008",
"536.4","0.0000","1.2385e-008",
"536.6","0.0001","5.7675e-008",
"536.8","0.0001","8.8864e-008",
"537.0","0.0002","1.0520e-007",
"537.2","0.0001","9.6650e-008",
"537.4","0.0001","8.4446e-008",
"537.6","0.0002","1.0538e-007",
"537.8","0.0002","1.2243e-007",
"538.0","0.0001","8.5207e-008",
"538.2","0.0001","4.4255e-008",
"538.4","0.0001","4.1827e-008",
"538.6","0.0001","6.4717e-008",
"538.8","0.0002","1.2075e-007",
"539.0","0.0002","1.6979e-007",
"539.2","0.0003","1.7894e-007",
"539.4","0.0002","1.5853e-007",
"539.6","0.0002","1.0614e-007",
"539.8","0.0001","6.2309e-008",
"540.0","0.0001","5.3241e-008",
"540.2","0.0001","4.3226e-008",
"540.4","0.0000","1.8942e-008",
"540.6","0.0000","2.4821e-009",
"540.8","0.0000","2.9329e-009",
"541.0","0.0000","2.5731e-008",
"541.2","0.0001","6.5793e-008",
"541.4","0.0001","7.3930e-008",
"541.6","0.0001","4.7368e-008",
"541.8","0.0001","5.8771e-008",
"542.0","0.0002","1.0802e-007",
"542.2","0.0002","1.1756e-007",
"542.4","0.0001","8.8391e-008",
"542.6","0.0001","8.0061e-008",
"542.8","0.0001","9.0381e-008",
"543.0","0.0001","7.9232e-008",
"543.2","0.0001","6.1590e-008",
"543.4","0.0001","9.5955e-008",
"543.6","0.0002","1.4173e-007",
"543.8","0.0001","9.6342e-008",
"544.0","0.0000","1.4126e-008",
"544.2","0.0000","6.0483e-010",
"544.4","0.0000","1.8957e-008",
"544.6","0.0000","4.4476e-009",
"544.8","0.0000","0.0000e+000",
"545.0","0.0001","7.3897e-008",
"545.2","0.0002","1.5405e-007",
"545.4","0.0002","1.4602e-007",
"545.6","0.0002","1.0769e-007",
"545.8","0.0001","7.9264e-008",
"546.0","0.0001","5.2315e-008",
"546.2","0.0000","2.8951e-008",
"546.4","0.0000","1.6111e-008",
"546.6","0.0000","2.2149e-008",
"546.8","0.0000","3.3370e-008",
"547.0","0.0001","4.1008e-008",
"547.2","0.0001","5.1471e-008",
"547.4","0.0001","6.6842e-008",
"547.6","0.0001","7.3892e-008",
"547.8","0.0001","6.5774e-008",
"548.0","0.0001","5.7255e-008",
"548.2","0.0001","5.4409e-008",
"548.4","0.0001","5.0041e-008",
"548.6","0.0001","4.5218e-008",
"548.8","0.0001","6.3226e-008",
"549.0","0.0001","9.9910e-008",
"549.2","0.0001","9.1741e-008",
"549.4","0.0001","3.8440e-008",
"549.6","0.0000","1.8386e-008",
"549.8","0.0001","3.7572e-008",
"550.0","0.0001","5.1228e-008",
"550.2","0.0001","5.0418e-008",
"550.4","0.0000","2.8717e-008",
"550.6","0.0000","3.6011e-009",
"550.8","0.0000","2.2048e-008",
"551.0","0.0001","6.9645e-008",
"551.2","0.0002","1.1499e-007",
"551.4","0.0002","1.3965e-007",
"551.6","0.0002","1.0240e-007",
"551.8","0.0001","4.4773e-008",
"552.0","0.0001","3.7121e-008",
"552.2","0.0001","5.4402e-008",
"552.4","0.0001","6.6269e-008",
"552.6","0.0001","7.6793e-008",
"552.8","0.0001","9.0142e-008",
"553.0","0.0001","9.7927e-008",
"553.2","0.0001","8.7564e-008",
"553.4","0.0001","7.1783e-008",
"553.6","0.0001","6.0494e-008",
"553.8","0.0001","5.0582e-008",
"554.0","0.0001","4.1859e-008",
"554.2","0.0001","3.4434e-008",
"554.4","0.0000","2.6753e-008",
"554.6","0.0001","3.8577e-008",
"554.8","0.0001","8.6090e-008",
"555.0","0.0002","1.0600e-007",
"555.2","0.0001","6.2048e-008",
"555.4","0.0000","3.1470e-008",
"555.6","0.0001","4.8610e-008",
"555.8","0.0001","7.4863e-008",
"556.0","0.0001","9.4101e-008",
"556.2","0.0001","8.0576e-008",
"556.4","0.0001","3.5391e-008",
"556.6","0.0001","4.4826e-008",
"556.8","0.0002","1.1609e-007",
"557.0","0.0002","1.4297e-007",
"557.2","0.0002","1.1077e-007",
"557.4","0.0001","7.6165e-008",
"557.6","0.0001","5.7556e-008",
"557.8","0.0001","7.5421e-008",
"558.0","0.0002","1.1506e-007",
"558.2","0.0002","1.1975e-007",
"558.4","0.0002","1.0401e-007",
"558.6","0.0002","1.3276e-007",
"558.8","0.0003","1.7283e-007",
"559.0","0.0002","1.2852e-007",
"559.2","0.0001","5.6712e-008",
"559.4","0.0001","7.5697e-008",
"559.6","0.0002","1.3726e-007",
"559.8","0.0002","1.6959e-007",
"560.0","0.0003","1.7800e-007",
"560.2","0.0002","1.5641e-007",
"560.4","0.0002","1.2838e-007",
"560.6","0.0002","1.2633e-007",
"560.8","0.0002","1.3164e-007",
"561.0","0.0002","1.2682e-007",
"561.2","0.0002","1.2731e-007",
"561.4","0.0002","1.5135e-007",
"561.6","0.0002","1.6539e-007",
"561.8","0.0002","1.3838e-007",
"562.0","0.0002","1.0882e-007",
"562.2","0.0001","9.9514e-008",
"562.4","0.0002","1.1478e-007",
"562.6","0.0002","1.6526e-007",
"562.8","0.0003","1.8436e-007",
"563.0","0.0002","1.3283e-007",
"563.2","0.0001","8.1373e-008",
"563.4","0.0001","6.3115e-008",
"563.6","0.0001","7.7642e-008",
"563.8","0.0002","1.2536e-007",
"564.0","0.0003","1.7040e-007",
"564.2","0.0003","1.9234e-007",
"564.4","0.0002","1.6283e-007",
"564.6","0.0001","9.4020e-008",
"564.8","0.0001","1.0049e-007",
"565.0","0.0003","1.7810e-007",
"565.2","0.0003","1.7729e-007",
"565.4","0.0002","1.0272e-007",
"565.6","0.0001","8.1852e-008",
"565.8","0.0002","1.1277e-007",
"566.0","0.0002","1.2715e-007",
"566.2","0.0002","1.2249e-007",
"566.4","0.0002","1.1180e-007",
"566.6","0.0002","1.0462e-007",
"566.8","0.0002","1.2260e-007",
"567.0","0.0002","1.4970e-007",
"567.2","0.0002","1.5055e-007",
"567.4","0.0002","1.4429e-007",
"567.6","0.0003","1.7229e-007",
"567.8","0.0003","1.9757e-007",
"568.0","0.0002","1.5418e-007",
"568.2","0.0001","1.0177e-007",
"568.4","0.0002","1.2328e-007",
"568.6","0.0002","1.5301e-007",
"568.8","0.0002","1.1215e-007",
"569.0","0.0001","7.9952e-008",
"569.2","0.0002","1.2941e-007",
"569.4","0.0003","1.9761e-007",
"569.6","0.0004","2.5343e-007",
"569.8","0.0004","2.7075e-007",
"570.0","0.0003","2.1094e-007",
"570.2","0.0002","1.5506e-007",
"570.4","0.0002","1.5559e-007",
"570.6","0.0002","1.5995e-007",
"570.8","0.0002","1.4596e-007",
"571.0","0.0002","1.2367e-007",
"571.2","0.0001","9.7509e-008",
"571.4","0.0002","1.0930e-007",
"571.6","0.0003","1.7246e-007",
"571.8","0.0003","2.1762e-007",
"572.0","0.0003","2.2059e-007",
"572.2","0.0003","2.1246e-007",
"572.4","0.0003","2.0035e-007",
"572.6","0.0002","1.6955e-007",
"572.8","0.0002","1.3534e-007",
"573.0","0.0003","1.7312e-007",
"573.2","0.0004","2.6519e-007",
"573.4","0.0004","2.8968e-007",
"573.6","0.0004","2.5070e-007",
"573.8","0.0003","2.3124e-007",
"574.0","0.0003","2.3585e-007",
"574.2","0.0004","2.4436e-007",
"574.4","0.0004","2.5215e-007",
"574.6","0.0004","2.5261e-007",
"574.8","0.0004","2.4930e-007",
"575.0","0.0004","2.4969e-007",
"575.2","0.0004","2.5290e-007",
"575.4","0.0004","2.5812e-007",
"575.6","0.0004","2.6313e-007",
"575.8","0.0004","2.6678e-007",
"576.0","0.0004","2.6416e-007",
"576.2","0.0003","2.3478e-007",
"576.4","0.0003","2.1970e-007",
"576.6","0.0004","2.8425e-007",
"576.8","0.0005","3.5699e-007",
"577.0","0.0005","3.7054e-007",
"577.2","0.0005","3.6002e-007",
"577.4","0.0005","3.3376e-007",
"577.6","0.0005","3.1274e-007",
"577.8","0.0005","3.2071e-007",
"578.0","0.0005","3.3415e-007",
"578.2","0.0005","3.4110e-007",
"578.4","0.0005","3.3887e-007",
"578.6","0.0005","3.2241e-007",
"578.8","0.0005","3.4013e-007",
"579.0","0.0006","4.1578e-007",
"579.2","0.0007","4.4717e-007",
"579.4","0.0006","3.9132e-007",
"579.6","0.0005","3.3693e-007",
"579.8","0.0005","3.1738e-007",
"580.0","0.0005","3.1468e-007",
"580.2","0.0005","3.2835e-007",
"580.4","0.0005","3.6913e-007",
"580.6","0.0006","4.2785e-007",
"580.8","0.0007","4.5830e-007",
"581.0","0.0007","4.5227e-007",
"581.2","0.0006","4.3197e-007",
"581.4","0.0006","4.0550e-007",
"581.6","0.0005","3.7373e-007",
"581.8","0.0005","3.5416e-007",
"582.0","0.0006","3.9676e-007",
"582.2","0.0007","4.7283e-007",
"582.4","0.0007","4.9841e-007",
"582.6","0.0007","4.9419e-007",
"582.8","0.0008","5.2564e-007",
"583.0","0.0008","5.6743e-007",
"583.2","0.0008","5.5950e-007",
"583.4","0.0008","5.3727e-007",
"583.6","0.0008","5.6508e-007",
"583.8","0.0009","6.0520e-007",
"584.0","0.0009","5.9921e-007",
"584.2","0.0009","5.8871e-007",
"584.4","0.0009","6.2922e-007",
"584.6","0.0010","6.7920e-007",
"584.8","0.0010","6.9738e-007",
"585.0","0.0010","7.0720e-007",
"585.2","0.0011","7.2672e-007",
"585.4","0.0011","7.3518e-007",
"585.6","0.0010","7.1075e-007",
"585.8","0.0010","7.0026e-007",
"586.0","0.0011","7.4122e-007",
"586.2","0.0012","8.0195e-007",
"586.4","0.0013","8.6908e-007",
"586.6","0.0014","9.2948e-007",
"586.8","0.0014","9.6968e-007",
"587.0","0.0015","1.0112e-006",
"587.2","0.0016","1.0604e-006",
"587.4","0.0016","1.0625e-006",
"587.6","0.0015","1.0011e-006",
"587.8","0.0014","9.6833e-007",
"588.0","0.0015","9.9956e-007",
"588.2","0.0016","1.0629e-006",
"588.4","0.0017","1.1386e-006",
"588.6","0.0017","1.1673e-006",
"588.8","0.0017","1.1467e-006",
"589.0","0.0017","1.1551e-006",
"589.2","0.0018","1.2058e-006",
"589.4","0.0019","1.2730e-006",
"589.6","0.0020","1.3413e-006",
"589.8","0.0020","1.3808e-006",
"590.0","0.0020","1.3942e-006",
"590.2","0.0020","1.3963e-006",
"590.4","0.0021","1.4030e-006",
"590.6","0.0021","1.4478e-006",
"590.8","0.0022","1.5118e-006",
"591.0","0.0023","1.5489e-006",
"591.2","0.0023","1.5778e-006",
"591.4","0.0024","1.6403e-006",
"591.6","0.0025","1.7156e-006",
"591.8","0.0026","1.7769e-006",
"592.0","0.0027","1.8195e-006",
"592.2","0.0027","1.8226e-006",
"592.4","0.0027","1.8246e-006",
"592.6","0.0027","1.8730e-006",
"592.8","0.0029","1.9528e-006",
"593.0","0.0030","2.0773e-006",
"593.2","0.0032","2.1884e-006",
"593.4","0.0032","2.2139e-006",
"593.6","0.0033","2.2328e-006",
"593.8","0.0034","2.3018e-006",
"594.0","0.0035","2.3773e-006",
"594.2","0.0036","2.4349e-006",
"594.4","0.0037","2.5107e-006",
"594.6","0.0039","2.6253e-006",
"594.8","0.0041","2.7591e-006",
"595.0","0.0043","2.9029e-006",
"595.2","0.0044","3.0269e-006",
"595.4","0.0046","3.1155e-006",
"595.6","0.0047","3.2197e-006",
"595.8","0.0049","3.3605e-006",
"596.0","0.0051","3.4981e-006",
"596.2","0.0053","3.6227e-006",
"596.4","0.0055","3.7562e-006",
"596.6","0.0057","3.9068e-006",
"596.8","0.0060","4.0795e-006",
"597.0","0.0063","4.2635e-006",
"597.2","0.0065","4.3987e-006",
"597.4","0.0066","4.5012e-006",
"597.6","0.0069","4.6912e-006",
"597.8","0.0073","4.9548e-006",
"598.0","0.0076","5.1551e-006",
"598.2","0.0078","5.3156e-006",
"598.4","0.0082","5.5757e-006",
"598.6","0.0087","5.8968e-006",
"598.8","0.0090","6.1499e-006",
"599.0","0.0093","6.3671e-006",
"599.2","0.0097","6.6362e-006",
"599.4","0.0102","6.9483e-006",
"599.6","0.0107","7.2970e-006",
"599.8","0.0112","7.6427e-006",
"600.0","0.0116","7.9050e-006",
"600.2","0.0120","8.1536e-006",
"600.4","0.0125","8.4853e-006",
"600.6","0.0130","8.8589e-006",
"600.8","0.0136","9.2409e-006",
"601.0","0.0141","9.6365e-006",
"601.2","0.0147","1.0038e-005",
"601.4","0.0154","1.0469e-005",
"601.6","0.0161","1.0965e-005",
"601.8","0.0169","1.1483e-005",
"602.0","0.0176","1.1991e-005",
"602.2","0.0183","1.2472e-005",
"602.4","0.0189","1.2894e-005",
"602.6","0.0196","1.3361e-005",
"602.8","0.0205","1.3951e-005",
"603.0","0.0214","1.4577e-005",
"603.2","0.0223","1.5191e-005",
"603.4","0.0232","1.5796e-005",
"603.6","0.0240","1.6376e-005",
"603.8","0.0249","1.6996e-005",
"604.0","0.0260","1.7689e-005",
"604.2","0.0270","1.8401e-005",
"604.4","0.0281","1.9110e-005",
"604.6","0.0291","1.9819e-005",
"604.8","0.0301","2.0533e-005",
"605.0","0.0312","2.1282e-005",
"605.2","0.0324","2.2067e-005",
"605.4","0.0335","2.2846e-005",
"605.6","0.0347","2.3632e-005",
"605.8","0.0360","2.4527e-005",
"606.0","0.0374","2.5497e-005",
"606.2","0.0387","2.6350e-005",
"606.4","0.0398","2.7122e-005",
"606.6","0.0412","2.8043e-005",
"606.8","0.0427","2.9072e-005",
"607.0","0.0440","2.9987e-005",
"607.2","0.0453","3.0875e-005",
"607.4","0.0469","3.1933e-005",
"607.6","0.0486","3.3093e-005",
"607.8","0.0502","3.4201e-005",
"608.0","0.0518","3.5273e-005",
"608.2","0.0534","3.6384e-005",
"608.4","0.0551","3.7526e-005",
"608.6","0.0568","3.8680e-005",
"608.8","0.0585","3.9848e-005",
"609.0","0.0602","4.1016e-005",
"609.2","0.0620","4.2211e-005",
"609.4","0.0638","4.3476e-005",
"609.6","0.0657","4.4744e-005",
"609.8","0.0674","4.5891e-005",
"610.0","0.0691","4.7071e-005",
"610.2","0.0711","4.8445e-005",
"610.4","0.0731","4.9816e-005",
"610.6","0.0749","5.0994e-005",
"610.8","0.0767","5.2220e-005",
"611.0","0.0788","5.3654e-005",
"611.2","0.0809","5.5114e-005",
"611.4","0.0829","5.6486e-005",
"611.6","0.0849","5.7857e-005",
"611.8","0.0870","5.9252e-005",
"612.0","0.0892","6.0757e-005",
"612.2","0.0916","6.2432e-005",
"612.4","0.0941","6.4087e-005",
"612.6","0.0963","6.5628e-005",
"612.8","0.0986","6.7168e-005",
"613.0","0.1009","6.8753e-005",
"613.2","0.1033","7.0400e-005",
"613.4","0.1058","7.2095e-005",
"613.6","0.1083","7.3783e-005",
"613.8","0.1107","7.5427e-005",
"614.0","0.1132","7.7099e-005",
"614.2","0.1157","7.8842e-005",
"614.4","0.1185","8.0720e-005",
"614.6","0.1214","8.2679e-005",
"614.8","0.1241","8.4523e-005",
"615.0","0.1267","8.6286e-005",
"615.2","0.1295","8.8223e-005",
"615.4","0.1326","9.0337e-005",
"615.6","0.1359","9.2552e-005",
"615.8","0.1391","9.4789e-005",
"616.0","0.1422","9.6895e-005",
"616.2","0.1453","9.8953e-005",
"616.4","0.1483","1.0101e-004",
"616.6","0.1514","1.0314e-004",
"616.8","0.1548","1.0547e-004",
"617.0","0.1584","1.0788e-004",
"617.2","0.1619","1.1031e-004",
"617.4","0.1655","1.1274e-004",
"617.6","0.1690","1.1510e-004",
"617.8","0.1725","1.1750e-004",
"618.0","0.1764","1.2015e-004",
"618.2","0.1804","1.2291e-004",
"618.4","0.1845","1.2566e-004",
"618.6","0.1886","1.2848e-004",
"618.8","0.1928","1.3137e-004",
"619.0","0.1972","1.3431e-004",
"619.2","0.2014","1.3718e-004",
"619.4","0.2055","1.4001e-004",
"619.6","0.2096","1.4279e-004",
"619.8","0.2140","1.4582e-004",
"620.0","0.2191","1.4929e-004",
"620.2","0.2241","1.5266e-004",
"620.4","0.2284","1.5558e-004",
"620.6","0.2329","1.5869e-004",
"620.8","0.2380","1.6214e-004",
"621.0","0.2434","1.6580e-004",
"621.2","0.2488","1.6948e-004",
"621.4","0.2542","1.7316e-004",
"621.6","0.2594","1.7674e-004",
"621.8","0.2650","1.8054e-004",
"622.0","0.2708","1.8451e-004",
"622.2","0.2767","1.8848e-004",
"622.4","0.2824","1.9239e-004",
"622.6","0.2882","1.9635e-004",
"622.8","0.2942","2.0043e-004",
"623.0","0.3002","2.0453e-004",
"623.2","0.3064","2.0871e-004",
"623.4","0.3128","2.1308e-004",
"623.6","0.3194","2.1760e-004",
"623.8","0.3259","2.2202e-004",
"624.0","0.3324","2.2644e-004",
"624.2","0.3392","2.3108e-004",
"624.4","0.3465","2.3603e-004",
"624.6","0.3539","2.4108e-004",
"624.8","0.3613","2.4617e-004",
"625.0","0.3686","2.5114e-004",
"625.2","0.3760","2.5617e-004",
"625.4","0.3837","2.6137e-004",
"625.6","0.3915","2.6672e-004",
"625.8","0.3993","2.7203e-004",
"626.0","0.4073","2.7746e-004",
"626.2","0.4156","2.8312e-004",
"626.4","0.4240","2.8882e-004",
"626.6","0.4319","2.9424e-004",
"626.8","0.4400","2.9973e-004",
"627.0","0.4486","3.0558e-004",
"627.2","0.4574","3.1162e-004",
"627.4","0.4664","3.1773e-004",
"627.6","0.4753","3.2380e-004",
"627.8","0.4841","3.2978e-004",
"628.0","0.4931","3.3592e-004",
"628.2","0.5026","3.4240e-004",
"628.4","0.5121","3.4887e-004",
"628.6","0.5214","3.5523e-004",
"628.8","0.5307","3.6157e-004",
"629.0","0.5403","3.6811e-004",
"629.2","0.5500","3.7468e-004",
"629.4","0.5599","3.8144e-004",
"629.6","0.5701","3.8839e-004",
"629.8","0.5805","3.9547e-004",
"630.0","0.5907","4.0239e-004",
"630.2","0.6004","4.0902e-004",
"630.4","0.6101","4.1562e-004",
"630.6","0.6200","4.2235e-004",
"630.8","0.6299","4.2913e-004",
"631.0","0.6401","4.3605e-004",
"631.2","0.6506","4.4324e-004",
"631.4","0.6613","4.5053e-004",
"631.6","0.6720","4.5777e-004",
"631.8","0.6824","4.6491e-004",
"632.0","0.6932","4.7221e-004",
"632.2","0.7040","4.7963e-004",
"632.4","0.7154","4.8736e-004",
"632.6","0.7268","4.9515e-004",
"632.8","0.7374","5.0238e-004",
"633.0","0.7477","5.0937e-004",
"633.2","0.7585","5.1674e-004",
"633.4","0.7698","5.2439e-004",
"633.6","0.7803","5.3160e-004",
"633.8","0.7908","5.3876e-004",
"634.0","0.8018","5.4619e-004",
"634.2","0.8129","5.5377e-004",
"634.4","0.8234","5.6095e-004",
"634.6","0.8338","5.6804e-004",
"634.8","0.8448","5.7553e-004",
"635.0","0.8557","5.8295e-004",
"635.2","0.8660","5.8998e-004",
"635.4","0.8760","5.9680e-004",
"635.6","0.8858","6.0343e-004",
"635.8","0.8955","6.1004e-004",
"636.0","0.9054","6.1681e-004",
"636.2","0.9152","6.2346e-004",
"636.4","0.9242","6.2961e-004",
"636.6","0.9326","6.3536e-004",
"636.8","0.9411","6.4115e-004",
"637.0","0.9493","6.4672e-004",
"637.2","0.9571","6.5203e-004",
"637.4","0.9643","6.5694e-004",
"637.6","0.9707","6.6129e-004",
"637.8","0.9766","6.6530e-004",
"638.0","0.9817","6.6879e-004",
"638.2","0.9867","6.7216e-004",
"638.4","0.9914","6.7539e-004",
"638.6","0.9948","6.7770e-004",
"638.8","0.9964","6.7882e-004",
"639.0","0.9980","6.7989e-004",
"639.2","0.9996","6.8100e-004",
"639.4","0.9996","6.8096e-004",
"639.6","0.9976","6.7964e-004",
"639.8","0.9957","6.7830e-004",
"640.0","0.9934","6.7676e-004",
"640.2","0.9898","6.7428e-004",
"640.4","0.9845","6.7070e-004",
"640.6","0.9787","6.6675e-004",
"640.8","0.9719","6.6210e-004",
"641.0","0.9634","6.5630e-004",
"641.2","0.9535","6.4957e-004",
"641.4","0.9437","6.4291e-004",
"641.6","0.9334","6.3586e-004",
"641.8","0.9217","6.2792e-004",
"642.0","0.9088","6.1911e-004",
"642.2","0.8948","6.0958e-004",
"642.4","0.8799","5.9946e-004",
"642.6","0.8645","5.8894e-004",
"642.8","0.8487","5.7814e-004",
"643.0","0.8320","5.6680e-004",
"643.2","0.8148","5.5508e-004",
"643.4","0.7971","5.4305e-004",
"643.6","0.7791","5.3074e-004",
"643.8","0.7608","5.1827e-004",
"644.0","0.7423","5.0571e-004",
"644.2","0.7238","4.9308e-004",
"644.4","0.7049","4.8022e-004",
"644.6","0.6849","4.6657e-004",
"644.8","0.6652","4.5317e-004",
"645.0","0.6468","4.4065e-004",
"645.2","0.6287","4.2831e-004",
"645.4","0.6104","4.1581e-004",
"645.6","0.5921","4.0335e-004",
"645.8","0.5741","3.9109e-004",
"646.0","0.5561","3.7885e-004",
"646.2","0.5382","3.6667e-004",
"646.4","0.5209","3.5487e-004",
"646.6","0.5044","3.4363e-004",
"646.8","0.4883","3.3268e-004",
"647.0","0.4724","3.2179e-004",
"647.2","0.4569","3.1124e-004",
"647.4","0.4420","3.0111e-004",
"647.6","0.4273","2.9111e-004",
"647.8","0.4127","2.8117e-004",
"648.0","0.3987","2.7165e-004",
"648.2","0.3854","2.6258e-004",
"648.4","0.3729","2.5407e-004",
"648.6","0.3611","2.4603e-004",
"648.8","0.3490","2.3772e-004",
"649.0","0.3365","2.2922e-004",
"649.2","0.3247","2.2120e-004",
"649.4","0.3137","2.1370e-004",
"649.6","0.3035","2.0676e-004",
"649.8","0.2938","2.0015e-004",
"650.0","0.2841","1.9352e-004",
"650.2","0.2745","1.8698e-004",
"650.4","0.2655","1.8085e-004",
"650.6","0.2569","1.7502e-004",
"650.8","0.2483","1.6915e-004",
"651.0","0.2398","1.6334e-004",
"651.2","0.2317","1.5785e-004",
"651.4","0.2240","1.5263e-004",
"651.6","0.2164","1.4741e-004",
"651.8","0.2089","1.4230e-004",
"652.0","0.2017","1.3740e-004",
"652.2","0.1950","1.3281e-004",
"652.4","0.1890","1.2875e-004",
"652.6","0.1833","1.2484e-004",
"652.8","0.1771","1.2066e-004",
"653.0","0.1711","1.1653e-004",
"653.2","0.1655","1.1274e-004",
"653.4","0.1601","1.0908e-004",
"653.6","0.1547","1.0540e-004",
"653.8","0.1495","1.0184e-004",
"654.0","0.1446","9.8540e-005",
"654.2","0.1400","9.5366e-005",
"654.4","0.1355","9.2287e-005",
"654.6","0.1310","8.9244e-005",
"654.8","0.1266","8.6240e-005",
"655.0","0.1224","8.3351e-005",
"655.2","0.1183","8.0586e-005",
"655.4","0.1144","7.7901e-005",
"655.6","0.1105","7.5259e-005",
"655.8","0.1068","7.2745e-005",
"656.0","0.1033","7.0378e-005",
"656.2","0.1001","6.8163e-005",
"656.4","0.0970","6.6092e-005",
"656.6","0.0940","6.4033e-005",
"656.8","0.0909","6.1946e-005",
"657.0","0.0880","5.9923e-005",
"657.2","0.0851","5.7980e-005",
"657.4","0.0824","5.6126e-005",
"657.6","0.0798","5.4356e-005",
"657.8","0.0773","5.2658e-005",
"658.0","0.0749","5.1038e-005",
"658.2","0.0727","4.9501e-005",
"658.4","0.0705","4.8005e-005",
"658.6","0.0682","4.6438e-005",
"658.8","0.0658","4.4851e-005",
"659.0","0.0638","4.3441e-005",
"659.2","0.0619","4.2150e-005",
"659.4","0.0599","4.0828e-005",
"659.6","0.0580","3.9523e-005",
"659.8","0.0563","3.8375e-005",
"660.0","0.0548","3.7321e-005",
"660.2","0.0532","3.6263e-005",
"660.4","0.0517","3.5188e-005",
"660.6","0.0500","3.4077e-005",
"660.8","0.0484","3.2994e-005",
"661.0","0.0471","3.2082e-005",
"661.2","0.0458","3.1222e-005",
"661.4","0.0444","3.0235e-005",
"661.6","0.0430","2.9280e-005",
"661.8","0.0419","2.8543e-005",
"662.0","0.0409","2.7869e-005",
"662.2","0.0398","2.7135e-005",
"662.4","0.0387","2.6395e-005",
"662.6","0.0377","2.5668e-005",
"662.8","0.0366","2.4955e-005",
"663.0","0.0356","2.4255e-005",
"663.2","0.0346","2.3579e-005",
"663.4","0.0337","2.2936e-005",
"663.6","0.0327","2.2297e-005",
"663.8","0.0317","2.1628e-005",
"664.0","0.0309","2.1019e-005",
"664.2","0.0301","2.0515e-005",
"664.4","0.0294","2.0032e-005",
"664.6","0.0287","1.9539e-005",
"664.8","0.0280","1.9047e-005",
"665.0","0.0272","1.8563e-005",
"665.2","0.0265","1.8073e-005",
"665.4","0.0258","1.7578e-005",
"665.6","0.0252","1.7165e-005",
"665.8","0.0247","1.6841e-005",
"666.0","0.0242","1.6467e-005",
"666.2","0.0235","1.6013e-005",
"666.4","0.0229","1.5583e-005",
"666.6","0.0223","1.5202e-005",
"666.8","0.0218","1.4838e-005",
"667.0","0.0213","1.4489e-005",
"667.2","0.0208","1.4159e-005",
"667.4","0.0203","1.3846e-005",
"667.6","0.0199","1.3523e-005",
"667.8","0.0194","1.3206e-005",
"668.0","0.0190","1.2941e-005",
"668.2","0.0186","1.2694e-005",
"668.4","0.0182","1.2371e-005",
"668.6","0.0176","1.2016e-005",
"668.8","0.0172","1.1735e-005",
"669.0","0.0169","1.1505e-005",
"669.2","0.0166","1.1282e-005",
"669.4","0.0162","1.1036e-005",
"669.6","0.0157","1.0683e-005",
"669.8","0.0151","1.0321e-005",
"670.0","0.0148","1.0093e-005",
"670.2","0.0145","9.9097e-006",
"670.4","0.0142","9.6588e-006",
"670.6","0.0138","9.4202e-006",
"670.8","0.0137","9.3049e-006",
"671.0","0.0135","9.1923e-006",
"671.2","0.0131","8.9468e-006",
"671.4","0.0128","8.6953e-006",
"671.6","0.0125","8.5322e-006",
"671.8","0.0123","8.3803e-006",
"672.0","0.0120","8.1868e-006",
"672.2","0.0117","7.9993e-006",
"672.4","0.0115","7.8480e-006",
"672.6","0.0113","7.6806e-006",
"672.8","0.0110","7.4625e-006",
"673.0","0.0106","7.2449e-006",
"673.2","0.0104","7.0558e-006",
"673.4","0.0101","6.8771e-006",
"673.6","0.0098","6.7055e-006",
"673.8","0.0096","6.5570e-006",
"674.0","0.0094","6.4370e-006",
"674.2","0.0093","6.3028e-006",
"674.4","0.0090","6.1383e-006",
"674.6","0.0088","5.9784e-006",
"674.8","0.0086","5.8382e-006",
"675.0","0.0084","5.7415e-006",
"675.2","0.0083","5.6843e-006",
"675.4","0.0082","5.6070e-006",
"675.6","0.0081","5.4945e-006",
"675.8","0.0079","5.3577e-006",
"676.0","0.0076","5.2073e-006",
"676.2","0.0074","5.0562e-006",
"676.4","0.0072","4.9251e-006",
"676.6","0.0072","4.8860e-006",
"676.8","0.0072","4.8840e-006",
"677.0","0.0069","4.7315e-006",
"677.2","0.0066","4.5004e-006",
"677.4","0.0065","4.4147e-006",
"677.6","0.0065","4.4147e-006",
"677.8","0.0064","4.3471e-006",
"678.0","0.0062","4.2311e-006",
"678.2","0.0060","4.1048e-006",
"678.4","0.0058","3.9745e-006",
"678.6","0.0056","3.8275e-006",
"678.8","0.0054","3.7085e-006",
"679.0","0.0055","3.7147e-006",
"679.2","0.0055","3.7398e-006",
"679.4","0.0053","3.6302e-006",
"679.6","0.0051","3.4865e-006",
"679.8","0.0050","3.4106e-006",
"680.0","0.0049","3.3499e-006",
"680.2","0.0048","3.2614e-006",
"680.4","0.0047","3.1804e-006",
"680.6","0.0046","3.1424e-006",
"680.8","0.0045","3.0857e-006",
"681.0","0.0043","2.9507e-006",
"681.2","0.0041","2.8265e-006",
"681.4","0.0041","2.7753e-006",
"681.6","0.0040","2.7501e-006",
"681.8","0.0040","2.7316e-006",
"682.0","0.0040","2.7015e-006",
"682.2","0.0039","2.6424e-006",
"682.4","0.0038","2.5921e-006",
"682.6","0.0038","2.5708e-006",
"682.8","0.0037","2.5481e-006",
"683.0","0.0037","2.5099e-006",
"683.2","0.0036","2.4376e-006",
"683.4","0.0034","2.3299e-006",
"683.6","0.0033","2.2710e-006",
"683.8","0.0033","2.2808e-006",
"684.0","0.0033","2.2668e-006",
"684.2","0.0032","2.2078e-006",
"684.4","0.0032","2.1561e-006",
"684.6","0.0031","2.1195e-006",
"684.8","0.0030","2.0584e-006",
"685.0","0.0029","1.9865e-006",
"685.2","0.0029","1.9850e-006",
"685.4","0.0030","2.0330e-006",
"685.6","0.0030","2.0201e-006",
"685.8","0.0029","1.9446e-006",
"686.0","0.0027","1.8541e-006",
"686.2","0.0026","1.7658e-006",
"686.4","0.0025","1.6946e-006",
"686.6","0.0024","1.6557e-006",
"686.8","0.0025","1.6936e-006",
"687.0","0.0026","1.7502e-006",
"687.2","0.0025","1.7094e-006",
"687.4","0.0024","1.6150e-006",
"687.6","0.0022","1.5283e-006",
"687.8","0.0022","1.4745e-006",
"688.0","0.0022","1.5174e-006",
"688.2","0.0023","1.5794e-006",
"688.4","0.0023","1.5482e-006",
"688.6","0.0022","1.4896e-006",
"688.8","0.0022","1.4732e-006",
"689.0","0.0021","1.4613e-006",
"689.2","0.0021","1.4208e-006",
"689.4","0.0020","1.3756e-006",
"689.6","0.0020","1.3373e-006",
"689.8","0.0019","1.3212e-006",
"690.0","0.0020","1.3603e-006",
"690.2","0.0020","1.3712e-006",
"690.4","0.0019","1.2771e-006",
"690.6","0.0017","1.1908e-006",
"690.8","0.0017","1.1855e-006",
"691.0","0.0017","1.1865e-006",
"691.2","0.0017","1.1588e-006",
"691.4","0.0017","1.1348e-006",
"691.6","0.0017","1.1270e-006",
"691.8","0.0017","1.1358e-006",
"692.0","0.0017","1.1614e-006",
"692.2","0.0017","1.1694e-006",
"692.4","0.0017","1.1455e-006",
"692.6","0.0016","1.1190e-006",
"692.8","0.0016","1.1000e-006",
"693.0","0.0016","1.0834e-006",
"693.2","0.0016","1.0660e-006",
"693.4","0.0015","1.0361e-006",
"693.6","0.0015","9.9474e-007",
"693.8","0.0014","9.5818e-007",
"694.0","0.0014","9.3603e-007",
"694.2","0.0014","9.4731e-007",
"694.4","0.0014","9.7828e-007",
"694.6","0.0014","9.7212e-007",
"694.8","0.0014","9.3117e-007",
"695.0","0.0013","8.8738e-007",
"695.2","0.0013","8.5522e-007",
"695.4","0.0013","8.6220e-007",
"695.6","0.0013","8.8431e-007",
"695.8","0.0013","8.5289e-007",
"696.0","0.0012","8.0373e-007",
"696.2","0.0012","8.2667e-007",
"696.4","0.0013","8.7642e-007",
"696.6","0.0013","8.6409e-007",
"696.8","0.0012","8.2058e-007",
"697.0","0.0011","7.8208e-007",
"697.2","0.0011","7.6534e-007",
"697.4","0.0012","8.2243e-007",
"697.6","0.0013","8.7390e-007",
"697.8","0.0012","7.8774e-007",
"698.0","0.0010","6.9319e-007",
"698.2","0.0011","7.5713e-007",
"698.4","0.0012","8.2758e-007",
"698.6","0.0011","7.4030e-007",
"698.8","0.0010","6.6124e-007",
"699.0","0.0011","7.3622e-007",
"699.2","0.0012","7.9656e-007",
"699.4","0.0010","7.1376e-007",
"699.6","0.0009","6.3082e-007",
"699.8","0.0009","6.3695e-007",
"700.0","0.0010","6.5524e-007",
"700.2","0.0010","6.5124e-007",
"700.4","0.0009","6.4225e-007",
"700.6","0.0009","6.3132e-007",
"700.8","0.0009","6.3373e-007",
"701.0","0.0010","6.5700e-007",
"701.2","0.0010","6.5904e-007",
"701.4","0.0009","6.2348e-007",
"701.6","0.0009","6.0028e-007",
"701.8","0.0009","6.0938e-007",
"702.0","0.0009","6.4053e-007",
"702.2","0.0010","6.8373e-007",
"702.4","0.0010","6.9638e-007",
"702.6","0.0010","6.6786e-007",
"702.8","0.0009","6.2557e-007",
"703.0","0.0009","5.8677e-007",
"703.2","0.0009","5.8444e-007",
"703.4","0.0009","6.1588e-007",
"703.6","0.0009","6.3838e-007",
"703.8","0.0009","6.4585e-007",
"704.0","0.0010","6.5407e-007",
"704.2","0.0010","6.5676e-007",
"704.4","0.0009","6.3033e-007",
"704.6","0.0009","5.8505e-007",
"704.8","0.0008","5.4356e-007",
"705.0","0.0008","5.1862e-007",
"705.2","0.0008","5.3816e-007",
"705.4","0.0008","5.7530e-007",
"705.6","0.0009","5.7907e-007",
"705.8","0.0008","5.5976e-007",
"706.0","0.0008","5.3142e-007",
"706.2","0.0007","5.0366e-007",
"706.4","0.0007","4.9359e-007",
"706.6","0.0007","4.8970e-007",
"706.8","0.0007","4.7188e-007",
"707.0","0.0007","4.6154e-007",
"707.2","0.0007","4.8706e-007",
"707.4","0.0008","5.2684e-007",
"707.6","0.0008","5.7812e-007",
"707.8","0.0009","5.9701e-007",
"708.0","0.0007","5.0802e-007",
"708.2","0.0006","4.2924e-007",
"708.4","0.0007","4.6697e-007",
"708.6","0.0008","5.1767e-007",
"708.8","0.0008","5.1812e-007",
"709.0","0.0008","5.1152e-007",
"709.2","0.0008","5.1526e-007",
"709.4","0.0008","5.1526e-007",
"709.6","0.0007","5.0551e-007",
"709.8","0.0007","5.0259e-007",
"710.0","0.0008","5.1534e-007",
"710.2","0.0008","5.2143e-007",
"710.4","0.0007","5.1088e-007",
"710.6","0.0007","4.9906e-007",
"710.8","0.0007","4.8842e-007",
"711.0","0.0007","4.4530e-007",
"711.2","0.0005","3.6874e-007",
"711.4","0.0005","3.4449e-007",
"711.6","0.0006","3.8825e-007",
"711.8","0.0006","4.0585e-007",
"712.0","0.0006","3.8056e-007",
"712.2","0.0005","3.7382e-007",
"712.4","0.0006","3.9002e-007",
"712.6","0.0006","3.8785e-007",
"712.8","0.0005","3.6647e-007",
"713.0","0.0005","3.4914e-007",
"713.2","0.0005","3.4405e-007",
"713.4","0.0005","3.6748e-007",
"713.6","0.0006","4.0031e-007",
"713.8","0.0006","3.8282e-007",
"714.0","0.0005","3.3973e-007",
"714.2","0.0005","3.4230e-007",
"714.4","0.0006","3.7529e-007",
"714.6","0.0006","4.0758e-007",
"714.8","0.0006","4.1936e-007",
"715.0","0.0005","3.5808e-007",
"715.2","0.0004","2.8803e-007",
"715.4","0.0005","3.3236e-007",
"715.6","0.0006","4.0569e-007",
"715.8","0.0006","3.8195e-007",
"716.0","0.0005","3.2461e-007",
"716.2","0.0004","2.9699e-007",
"716.4","0.0004","2.9187e-007",
"716.6","0.0005","3.2031e-007",
"716.8","0.0005","3.5841e-007",
"717.0","0.0006","3.8803e-007",
"717.2","0.0006","3.9601e-007",
"717.4","0.0005","3.5102e-007",
"717.6","0.0005","3.0841e-007",
"717.8","0.0005","3.1448e-007",
"718.0","0.0005","3.3358e-007",
"718.2","0.0005","3.4914e-007",
"718.4","0.0005","3.6098e-007",
"718.6","0.0005","3.6467e-007",
"718.8","0.0005","3.5578e-007",
"719.0","0.0005","3.3025e-007",
"719.2","0.0004","2.9255e-007",
"719.4","0.0004","2.4646e-007",
"719.6","0.0003","2.1910e-007",
"719.8","0.0003","2.2525e-007",
"720.0","0.0004","2.4618e-007",
"720.2","0.0004","2.7283e-007",
"720.4","0.0004","2.9205e-007",
"720.6","0.0004","2.9587e-007",
"720.8","0.0004","2.8452e-007",
"721.0","0.0004","2.6098e-007",
"721.2","0.0004","2.3977e-007",
"721.4","0.0003","2.3013e-007",
"721.6","0.0004","2.4730e-007",
"721.8","0.0004","2.8624e-007",
"722.0","0.0005","3.1952e-007",
"722.2","0.0005","3.3341e-007",
"722.4","0.0005","3.0696e-007",
"722.6","0.0004","2.5233e-007",
"722.8","0.0003","2.0172e-007",
"723.0","0.0003","1.7618e-007",
"723.2","0.0003","2.2267e-007",
"723.4","0.0004","3.0155e-007",
"723.6","0.0005","3.1594e-007",
"723.8","0.0004","2.9239e-007",
"724.0","0.0004","2.9332e-007",
"724.2","0.0005","3.1052e-007",
"724.4","0.0005","3.3344e-007",
"724.6","0.0005","3.4745e-007",
"724.8","0.0005","3.2120e-007",
"725.0","0.0004","2.8518e-007",
"725.2","0.0004","2.8619e-007",
"725.4","0.0004","2.9298e-007",
"725.6","0.0004","2.6838e-007",
"725.8","0.0003","2.3321e-007",
"726.0","0.0003","2.0206e-007",
"726.2","0.0003","1.7672e-007",
"726.4","0.0002","1.5979e-007",
"726.6","0.0002","1.6252e-007",
"726.8","0.0003","2.0773e-007",
"727.0","0.0004","2.4226e-007",
"727.2","0.0003","2.1551e-007",
"727.4","0.0003","1.9816e-007",
"727.6","0.0004","2.3974e-007",
"727.8","0.0004","2.7137e-007",
"728.0","0.0004","2.5316e-007",
"728.2","0.0003","2.2101e-007",
"728.4","0.0003","1.9002e-007",
"728.6","0.0003","1.7137e-007",
"728.8","0.0003","1.7507e-007",
"729.0","0.0003","1.8918e-007",
"729.2","0.0003","2.0888e-007",
"729.4","0.0003","2.3501e-007",
"729.6","0.0004","2.6336e-007",
"729.8","0.0004","2.7294e-007",
"730.0","0.0004","2.5842e-007",
"730.2","0.0004","2.4273e-007",
"730.4","0.0003","2.3194e-007",
"730.6","0.0003","2.1419e-007",
"730.8","0.0003","1.9289e-007",
"731.0","0.0003","1.9190e-007",
"731.2","0.0003","2.0842e-007",
"731.4","0.0003","2.1646e-007",
"731.6","0.0003","2.0740e-007",
"731.8","0.0002","1.6334e-007",
"732.0","0.0002","1.1196e-007",
"732.2","0.0002","1.3888e-007",
"732.4","0.0003","2.1318e-007",
"732.6","0.0003","2.3665e-007",
"732.8","0.0003","2.2227e-007",
"733.0","0.0003","2.2025e-007",
"733.2","0.0003","2.1970e-007",
"733.4","0.0003","1.8783e-007",
"733.6","0.0002","1.4904e-007",
"733.8","0.0002","1.5074e-007",
"734.0","0.0002","1.6520e-007",
"734.2","0.0002","1.4503e-007",
"734.4","0.0002","1.2239e-007",
"734.6","0.0002","1.4877e-007",
"734.8","0.0003","1.7823e-007",
"735.0","0.0002","1.4710e-007",
"735.2","0.0002","1.1067e-007",
"735.4","0.0002","1.2675e-007",
"735.6","0.0002","1.5761e-007",
"735.8","0.0003","1.8188e-007",
"736.0","0.0003","1.9828e-007",
"736.2","0.0003","1.9440e-007",
"736.4","0.0003","1.9553e-007",
"736.6","0.0003","2.2498e-007",
"736.8","0.0004","2.4503e-007",
"737.0","0.0003","2.2976e-007",
"737.2","0.0003","2.0889e-007",
"737.4","0.0003","1.9764e-007",
"737.6","0.0003","1.8410e-007",
"737.8","0.0002","1.6423e-007",
"738.0","0.0002","1.3759e-007",
"738.2","0.0002","1.0585e-007",
"738.4","0.0002","1.0462e-007",
"738.6","0.0002","1.4496e-007",
"738.8","0.0002","1.5719e-007",
"739.0","0.0002","1.2106e-007",
"739.2","0.0001","1.0052e-007",
"739.4","0.0002","1.1721e-007",
"739.6","0.0002","1.6924e-007",
"739.8","0.0004","2.3895e-007",
"740.0","0.0004","2.4409e-007",
"740.2","0.0003","1.8393e-007",
"740.4","0.0002","1.4949e-007",
"740.6","0.0002","1.5494e-007",
"740.8","0.0003","1.7147e-007",
"741.0","0.0003","1.9102e-007",
"741.2","0.0003","2.0714e-007",
"741.4","0.0003","2.1581e-007",
"741.6","0.0003","2.1204e-007",
"741.8","0.0003","1.9844e-007",
"742.0","0.0003","1.8030e-007",
"742.2","0.0002","1.6175e-007",
"742.4","0.0002","1.4354e-007",
"742.6","0.0002","1.3771e-007",
"742.8","0.0003","1.7884e-007",
"743.0","0.0003","2.2569e-007",
"743.2","0.0003","1.9784e-007",
"743.4","0.0002","1.5088e-007",
"743.6","0.0003","1.7530e-007",
"743.8","0.0003","2.1130e-007",
"744.0","0.0003","1.7435e-007",
"744.2","0.0002","1.2985e-007",
"744.4","0.0002","1.5910e-007",
"744.6","0.0003","1.9577e-007",
"744.8","0.0003","1.7233e-007",
"745.0","0.0002","1.4119e-007",
"745.2","0.0002","1.4424e-007",
"745.4","0.0002","1.3729e-007",
"745.6","0.0001","7.8720e-008",
"745.8","0.0001","4.9558e-008",
"746.0","0.0002","1.2076e-007",
"746.2","0.0002","1.6500e-007",
"746.4","0.0001","9.4431e-008",
"746.6","0.0001","5.1332e-008",
"746.8","0.0002","1.1517e-007",
"747.0","0.0002","1.6876e-007",
"747.2","0.0002","1.5788e-007",
"747.4","0.0002","1.4092e-007",
"747.6","0.0002","1.3935e-007",
"747.8","0.0002","1.5064e-007",
"748.0","0.0003","1.7317e-007",
"748.2","0.0002","1.6865e-007",
"748.4","0.0002","1.3008e-007",
"748.6","0.0002","1.2207e-007",
"748.8","0.0002","1.5462e-007",
"749.0","0.0002","1.5699e-007",
"749.2","0.0002","1.2189e-007",
"749.4","0.0002","1.1155e-007",
"749.6","0.0002","1.3016e-007",
"749.8","0.0002","1.3330e-007",
"750.0","0.0002","1.1897e-007",
"750.2","0.0002","1.1292e-007",
"750.4","0.0002","1.1370e-007",
"750.6","0.0001","9.8597e-008",
"750.8","0.0001","8.2255e-008",
"751.0","0.0002","1.1845e-007",
"751.2","0.0003","1.7265e-007",
"751.4","0.0002","1.5194e-007",
"751.6","0.0001","9.0170e-008",
"751.8","0.0001","6.3774e-008",
"752.0","0.0001","6.2257e-008",
"752.2","0.0001","6.0938e-008",
"752.4","0.0001","6.7201e-008",
"752.6","0.0001","1.0011e-007",
"752.8","0.0002","1.3592e-007",
"753.0","0.0002","1.4539e-007",
"753.2","0.0002","1.2918e-007",
"753.4","0.0001","6.6869e-008",
"753.6","0.0000","7.8818e-009",
"753.8","0.0000","1.9468e-008",
"754.0","0.0001","5.0862e-008",
"754.2","0.0001","5.8228e-008",
"754.4","0.0001","7.2028e-008",
"754.6","0.0002","1.1772e-007",
"754.8","0.0002","1.5278e-007",
"755.0","0.0002","1.4140e-007",
"755.2","0.0002","1.1857e-007",
"755.4","0.0002","1.0266e-007",
"755.6","0.0001","9.7239e-008",
"755.8","0.0002","1.1101e-007",
"756.0","0.0002","1.1948e-007",
"756.2","0.0002","1.0817e-007",
"756.4","0.0002","1.0567e-007",
"756.6","0.0002","1.2517e-007",
"756.8","0.0002","1.4763e-007",
"757.0","0.0002","1.6239e-007",
"757.2","0.0002","1.3955e-007",
"757.4","0.0001","7.6548e-008",
"757.6","0.0001","7.1607e-008",
"757.8","0.0002","1.4569e-007",
"758.0","0.0003","1.8769e-007",
"758.2","0.0002","1.6771e-007",
"758.4","0.0002","1.2169e-007",
"758.6","0.0001","7.2209e-008",
"758.8","0.0001","7.6273e-008",
"759.0","0.0002","1.2731e-007",
"759.2","0.0002","1.4485e-007",
"759.4","0.0002","1.2532e-007",
"759.6","0.0002","1.0687e-007",
"759.8","0.0002","1.0450e-007",
"760.0","0.0002","1.5396e-007",
"760.2","0.0003","2.1554e-007",
"760.4","0.0003","1.7577e-007",
"760.6","0.0001","8.1343e-008",
"760.8","0.0001","5.3781e-008",
"761.0","0.0001","6.7281e-008",
"761.2","0.0001","5.3203e-008",
"761.4","0.0001","3.8477e-008",
"761.6","0.0001","7.8332e-008",
"761.8","0.0002","1.3911e-007",
"762.0","0.0003","1.7993e-007",
"762.2","0.0003","1.9300e-007",
"762.4","0.0002","1.4135e-007",
"762.6","0.0001","9.1563e-008",
"762.8","0.0002","1.5003e-007",
"763.0","0.0003","2.1078e-007",
"763.2","0.0002","1.4652e-007",
"763.4","0.0001","7.0175e-008",
"763.6","0.0001","7.7264e-008",
"763.8","0.0002","1.0303e-007",
"764.0","0.0002","1.1298e-007",
"764.2","0.0002","1.2365e-007",
"764.4","0.0002","1.4332e-007",
"764.6","0.0002","1.3953e-007",
"764.8","0.0001","8.3296e-008",
"765.0","0.0001","4.8258e-008",
"765.2","0.0001","8.2502e-008",
"765.4","0.0001","1.0168e-007",
"765.6","0.0001","6.3699e-008",
"765.8","0.0001","4.1011e-008",
"766.0","0.0001","6.3867e-008",
"766.2","0.0001","8.4521e-008",
"766.4","0.0001","8.5235e-008",
"766.6","0.0001","7.8085e-008",
"766.8","0.0001","6.9117e-008",
"767.0","0.0001","8.1550e-008",
"767.2","0.0002","1.1878e-007",
"767.4","0.0002","1.4989e-007",
"767.6","0.0002","1.6109e-007",
"767.8","0.0002","1.3728e-007",
"768.0","0.0001","8.8584e-008",
"768.2","0.0001","6.8711e-008",
"768.4","0.0001","8.3929e-008",
"768.6","0.0002","1.1303e-007",
"768.8","0.0002","1.3992e-007",
"769.0","0.0002","1.3096e-007",
"769.2","0.0001","9.5235e-008",
"769.4","0.0001","6.8206e-008",
"769.6","0.0001","5.3514e-008",
"769.8","0.0001","4.7443e-008",
"770.0","0.0001","4.9227e-008",
"770.2","0.0001","5.9891e-008",
"770.4","0.0001","7.3600e-008",
"770.6","0.0001","7.7591e-008",
"770.8","0.0001","8.1337e-008",
"771.0","0.0002","1.1217e-007",
"771.2","0.0002","1.3369e-007",
"771.4","0.0001","7.1523e-008",
"771.6","0.0000","3.9314e-009",
"771.8","0.0001","5.0195e-008",
"772.0","0.0002","1.1321e-007",
"772.2","0.0001","8.0621e-008",
"772.4","0.0000","2.5842e-008",
"772.6","0.0000","1.7576e-009",
"772.8","0.0000","1.3545e-009",
"773.0","0.0001","4.5239e-008",
"773.2","0.0001","8.3754e-008",
"773.4","0.0001","6.9469e-008",
"773.6","0.0001","5.3130e-008",
"773.8","0.0001","6.7989e-008",
"774.0","0.0001","7.4007e-008",
"774.2","0.0001","4.6620e-008",
"774.4","0.0001","3.9777e-008",
"774.6","0.0001","8.5424e-008",
"774.8","0.0002","1.1581e-007",
"775.0","0.0001","9.7771e-008",
"775.2","0.0001","9.3391e-008",
"775.4","0.0002","1.2500e-007",
"775.6","0.0002","1.2680e-007",
"775.8","0.0001","7.7988e-008",
"776.0","0.0001","3.7144e-008",
"776.2","0.0000","2.5529e-008",
"776.4","0.0000","2.8651e-008",
"776.6","0.0001","4.7211e-008",
"776.8","0.0002","1.0706e-007",
"777.0","0.0003","1.8608e-007",
"777.2","0.0002","1.6195e-007",
"777.4","0.0001","4.6664e-008",
"777.6","0.0000","0.0000e+000",
"777.8","0.0000","2.0894e-008",
"778.0","0.0001","6.9981e-008",
"778.2","0.0001","9.7612e-008",
"778.4","0.0002","1.2533e-007",
"778.6","0.0002","1.5314e-007",
"778.8","0.0003","1.8106e-007",
"779.0","0.0003","2.0907e-007",
"779.2","0.0003","2.3720e-007",
"779.4","0.0004","2.6539e-007",
"779.6","0.0004","2.9372e-007",
"779.8","0.0005","3.2215e-007",
"780.0","0.0005","3.5063e-007",
